INSERT INTO tipusUsuari (tipusUsuari) VALUES ('infantil'),('adolescent'),('adult');
INSERT INTO tipusContracte (tipusContracte, preu) VALUES ('mensual',15),('trimestral',40);
INSERT INTO Usuari (nomUsuari, contrasenya, nom, llinatges, tipusUsuari) VALUES  ('ocortes','1db7b63692b063f7be5dac9eabb6cefa78ea807397cc9154364c261f1b9a7bda','Evita','Andrés','Adult'), ('xborrego','8d7cd2c8d67356cecf5a70c06fccf1cd165b72e33c062f3e9c06d12cf2ca3e28','Paco','Puig','Adult'), ('borjajaen','aff40e70ddf385e269f792dbabbee66d0cc251f9ea30350934549d8036ebe173','Roxana','Bellido','Adult'), ('saturninaprado','a1247e4c981dd87fa759ae44c3dd263e3de7a3e1c05599802a6e23d64560777e','María Carmen','Gomis','Adolescent'), ('jeremias14','ba65b9fd10620100214d59692322bf0827d5a8dfc28eee48e1d99ae832b7aa49','Aitor','Román','Adult'), ('godofredobarcena','d8f4e8a3393fcda5d6ae57916bcc1d714c47b567a817c2abfd1d914b4a475af6','Purificación','Gual','Adult'), ('hpozuelo','97bb1e5818622b55ec17e3504ea68e647f794baced0e4b3989f408cbb52b8ad9','Calista','Anglada','Adult'), ('juliana56','f04ebe2168af3d28131262f8493f78c09a86b17b37def7be2d2762f4a725c5ce','Carmelita','Jurado','Infantil'), ('merinonadia','92e3f1aee5f7a39c8d1f14d0572fbc048438a6aded2f438e7514fa43d8aafd6c','Moisés','Pareja','Infantil'), ('rosamaria-luisa','5301ed0fdb2ceda17c23553fdd79949f2c4f6f1712a01dc0d186440a430fbea2','Guadalupe','Crespo','Adult'), ('chavesalicia','667629433a5440cfdea276f1435ac593e302549a7bbbf7eb87d0c0f7cb590f49','Daniela','Viana','Infantil'), ('zhuerta','8c1b95381e2d19b8fa4e7a96679ceb7b28a5c1f29bea428838846574bd00abc1','Miguela','Valenzuela','Adolescent'), ('brunildabatlle','21ad3f93f2278fe73f68f6204717539000d3e05f026d1c35ac0e7110adb01c38','Emigdio','Mancebo','Adult'), ('pcuesta','ae78aea7cfb9d66183c9183e7f22fbe4a4d6f0a9a963b5e7f57912d7a664f1ec','Luna','Andrade','Adolescent'), ('rcalleja','e0f06f658d0308051f5a2aaca382ce0ac51fab4834e7958d3e13fabf78b35b6e','Ximena','Chaves','Adolescent'), ('maristelaaller','0fe2a2f7feabf08802a9094def0d94116116dc7cf3636d1cf56cfff694f98d1b','Claudia','Carrión','Adolescent'), ('beltranjulian','bea55fa6208bee868d1f20d318bf39954d6f11284ea280cab169f5d2a6943856','Virginia','Solera','Adolescent'), ('ptaboada','212f315e69c7d079ac2dc79388709140ffe7b4cfdb926de0febdc7d27de3b4a1','Felipe','Arana','Adult'), ('jcarreras','6a562c30e4aad6bd7fbe6e7f8d120ed3d7b6433ccf9a2ce3d5eb8d04cb9f2b65','Duilio','Sanz','Infantil'), ('aristides81','986c664726d32612f62f3f66c27dc50a2ac416d8ba28206c337f8fb5a6e47295','Crescencia','Palomino','Adult'), ('vaqueroalbano','375779fb5940516be842d934747a8acba9ff29c8194c5532afe5c7f16b19970b','Celestina','Mercader','Infantil'), ('palominoteodora','8c4f5e12a6e97d23810e2a5c63786be8f3be398e2c8e2f4d3ac12b0a793cbe09','Itziar','Haro','Adolescent'), ('noguesanunciacion','1dc32553d7b7c4dfe8211770ea37b531c40bea50a2b277b8619e83356dbb5e92','Cristóbal','Alarcón','Infantil'), ('marquestoribio','53971d84a7960e51b8815d83009b822b5393e5bcf2d8a8ac737475c0560a563a','Reynaldo','Sotelo','Infantil'), ('almansagoyo','d626908d943f71f09da08ce34a48ac2e3c5d91c35bb2538f9867b226b684289e','Gerardo','Carballo','Adolescent'), ('mercedes36','da00faa0a36d762585af86543f849e28e0dffe580ff6625345212f1d4b7aaba9','Begoña','Coello','Adolescent'), ('eloisa45','16676acc92db460e3977738ca11fc75f2702cf3f49ea2e6d3932187add6e3296','Manuel','Gual','Adult'), ('julio-cesar27','b6fe8de005a87ca2e756a960380ad33d7ac326402c37a04f500e4c06239f7f2a','Francisco Jose','Gomis','Infantil'), ('ncoello','88c1993cccb6dd75d39455da5d250098fd6e66003d7c91345bdf310ae23d4748','Ciro','Alegre','Adult'), ('xsalgado','d658ec6d165c029e425c5cfd5c512ea4d0ddf63bf1c3ff51d6051e912c302068','Genoveva','Sancho','Infantil'), ('nprats','c968e727af24e14524756e817841344b0d16c239e7669ac8461a889bb4f1c823','Brunilda','Zaragoza','Adult'), ('pbuendia','776e80f2c94d8e4ea41e540aa3ee1bc863599ca04b38f3165412f42dc6076f78','Duilio','Espejo','Infantil'), ('nicodemo46','f4f89d647b7f86cd736146f64c890f031935c1c0fd862b7793010379d2dddfa7','Rosa María','Tamarit','Adolescent'), ('dcabrera','75c2613c209d08ef5f8e11c731e82fbf52e5124d15c8d309b1f2eb3968ad7a78','Vinicio','Ribera','Adolescent'), ('aurora45','ebba62612aace2d2b7c779795d6f706ded026a95d693dc044f8c2a7162b57ea9','Lola','Barriga','Adolescent'), ('lagunajacinta','3c459080feb9bec628e33c7180510137e261beb7eb98f16185b5663aebb4b897','Obdulia','Cózar','Adult'), ('pmalo','022976940359df7a2588af3471cdabedc9ac998bba9947f3f9b23f9cf3b71cab','Isaura','Porras','Adolescent'), ('bonetrosario','0598945fad64243d7cd166a770901e3fe842789d7bf07b06e9a1c67b93a14e8c','Julie','Romeu','Infantil'), ('escuderoconsuela','1c4f554b34729cc20c3d56f4ce2cdb7149291ddce425236c339646d8eb47ffd6','Priscila','Miró','Adult'), ('pacifica57','209f98c227c7799391f79681a6b2b99a1fb391fe3836437686786748c8b6524d','Julio','Giralt','Adolescent'), ('cabezaaristides','1565a8b47adf1fa0fb0340a0b13ec830fe772edb88381d24a7ffe3ba1f7e9820','Teobaldo','Reyes','Adult'), ('adoracion85','4654d659c126ffaa9bcc616546ed3f2b903ab28478162fc4b61a7fc390533e26','Norberto','Polo','Infantil'), ('lillojennifer','c8f200a7eefa54abd737f65e4c41e5b6875cd7fc4f0bf000a91fbb87ebaa7143','David','Pablo','Adolescent'), ('omarorozco','9a46c9ce50a71efa06aa276e71ed5b661c148cfe0b3e32785255e6955e91ab6c','Lorenzo','Carbó','Adult'), ('reguerageronimo','1f49769cb4e2500fbd74f38f6714817e60ca65bc2d07f5cbf4dca411c4f28b3b','Obdulia','Valera','Adult'), ('piedad83','2822ec7c0d4cbe81fcc2ec257c45ebe03286769b928b3af3e1c21228b78f0cec','Salomón','Mesa','Adult'), ('santamariaemelina','0b1e00f3ba84300d8baac5dfc119995fe838f7d63fac718aa635545672975257','Lucio','Ariño','Adult'), ('ucarranza','bcde16d1ee7690f21d8a559cdda6e9d2a1581b9a78835c4f65f616d98ec96160','Trinidad','Ayllón','Adult'), ('esotelo','d35aea9d8e8bd7a16e5997cdd269c6bc755ccfc76a23c1b95a94f42d70e20a62','Abraham','Luján','Adolescent'), ('hmadrigal','d1696ffe7cfc482aef77f8fd202380e8c65e5ec10956ce8115117ce1a4da32ff','Pascuala','Amorós','Adolescent'), ('aitana14','1085fa76602e5bda72109360d7fef46b1b876f8edb412d445b0bbfba654e2a6d','Priscila','Cerdá','Infantil'), ('octaviaramirez','369b01c06bdf35d1d291e06fee3cf7338956389984e3281df0deb11002208bfc','Obdulia','Hoz','Adult'), ('alegriamaria-fernanda','861a90d553f8dc1ee313f02d70bf79a987932e2ed977c7d85dcbd950cacd7cf1','Cándida','Cruz','Adult'), ('susanaisern','a6315319919168b48d1814b66172bc36d70ca0cc86a5e83f2c11f68a41281938','Emiliana','Salvador','Adult'), ('eva-maria58','5a2e2970018ad2677a4e95372f58ff23ffb96b79df09562327cdcd884ea22ff0','Albino','Lillo','Adolescent'), ('xcarranza','5db7d5cf02d43f01604dbd1c735f476ad5ab8a16c26126cebf428a4eeabe9de3','Prudencia','Barranco','Infantil'), ('evangelinapineda','b2f03badb0747a36f677fc8db0df5ff7b44a89fd8e06362aa1f09a08b1c72626','Ainoa','Huerta','Adult'), ('guerrerohortensia','9695b954805792950fe75b24154311a5e86e4f4151c69c47c20aa82e0ec1d97e','Paola','Cárdenas','Adolescent'), ('walcala','9f8a68eb1da7210449f7a1cc7848c15a98403d9868e909f8363100c7745a05a7','Joan','Cañizares','Infantil'), ('ruperto18','575dfbda8b137eae7945ddb37f29c8a065fc7ae9a9db1e4337ac32ee8e1b8131','Santos','Font','Adolescent'), ('josue38','caea3f5891911c0038505d5f4b262773276a7c0b7db3967a86fd0dbd1b3f90cf','Marcos','Berenguer','Adult'), ('zarino','55e42eea0c062165c3cac652ac46209cf88713d2c3289f20f0d1049fc23a8043','Epifanio','Planas','Infantil'), ('eva61','262f44cb76e7b2129a3c3c6b72a6eb470d1488e8bf5aa40a023558ccf39d8357','Isidoro','Blanch','Infantil'), ('eutropio79','e40d4b2beee5d1fba9a6584a73d74926b62629f822bf94fe9ffd805a8e326e51','Reinaldo','Puerta','Adolescent'), ('juan-manuel83','7a228d5184347909db73881c95c3467df3232a11247513e2529ec642ce34d82e','Urbano','Casals','Infantil'), ('juliamaria-angeles','f6e032e08c0fecf8a5a5afc72aed045751a8c3142d39d358976b1bc42bdc6c64','Reinaldo','Cervantes','Adolescent'), ('marinaarroyo','3a4f558f757f6c33fd596c7f13f92f17cde6fc6ce40954eccc3ce74949b5eb5f','Lorenzo','Amaya','Infantil'), ('ubeltran','de065247a359474c4b75cdcc4ec625eeed8d0ba20b51d3837facaf80ee780d12','Custodia','Luís','Adult'), ('ucardona','41d2c767927f2c0ef7399f25075e297b0967e7405f21b41b6d7e99bf56d3a4fb','Vilma','Quirós','Infantil'), ('loreto49','7d5d797cf825a8023d2e753cf17094b1466167ce98de1b011421e06dffbc4ab0','Joel','Rey','Adolescent'), ('mario23','4eb9caae45fd687b098d1294af7c38602e806d4249ca7d5f18f07c3790fca17e','Ángel','Adadia','Adult'), ('placidocuervo','3b25045aabe4f0da894d142b1610276c4fc0808c09f609f5ec1a78c44e43675b','Hermenegildo','Bru','Adolescent'), ('eusebio26','229d306e447497b8d561dab80d5bfce4e213363c728b00ae697b816255c9c7f6','Eva María','Fuertes','Infantil'), ('javitudela','03c10131ad9619a4b9f0194b4bcb9b2f625fc7bce36de8061c44fff666b42831','Petrona','Villalonga','Adult'), ('valentinruano','2cc8a46f84084efe849a4d21e16b86b0ff877d91d1844d48b97f102b6dacc1bd','Juan Bautista','Ruiz','Adult'), ('lolaabellan','a244ef51760eef0273c0aabe6c0c051e86909bd323645b2968d123f335fade4b','Ximena','Calvo','Adult'), ('bibianamata','62c37ed7b1b3c7e7f20803a7d49203302aa90c665e8cd148152d6c821ace733b','Felisa','Lastra','Adolescent'), ('mamencuenca','32edef9c7bc1130a61a5d42bb4b8dac5e42325965d4778b7f31fe1ec742899ba','Cecilio','Vila','Infantil'), ('amador77','1c5dfd454ef1f39858121ceff5fea63cc2cd90d30bd49e8754022d522c400046','Javier','Cervera','Adult'), ('felixsanchez','a13f4df289d01f1ea2bc9c244e6cbc854e17a7abeb26db378937f47d0f21fae2','Cristóbal','Arnal','Adult'), ('german94','fec7a853f14907634c0859396806575d02e92b8e027fe3d9687205cb85129cea','Jovita','Villalba','Adult'), ('gamezluisina','1f11d8b2dc0b70b96294d8fc98ece0cf8afd2c561939d59253ad2467e134d17f','Filomena','Estrada','Adult'), ('horacio90','63e893970d6e86dac689b6fc50d2000bceb96784e86f581b3ccf9a34ddac649b','Bernabé','Porcel','Adolescent'), ('jcobos','048e1f20a0be3fa41937c42448ab1ef03837f220de577d268e0ea8cd8da7f32e','Martin','Cortes','Adult'), ('josefinaplana','31b593ef14087edecf38a5662423e0ac0ad6a0e0a52b620052c8f48adb671a3d','Zaida','Peiró','Adolescent'), ('lujanhermenegildo','63cde9c978cd9203660e9af5b61b7341fb9a5427adfdd6cd622ae905a02dca26','Graciano','Mateo','Infantil'), ('erodenas','1df7ef872f24435a6a00bb968a2e512c999d3cd66efef085d70042656f96f2a8','Bernardita','Palacio','Adolescent'), ('lperales','9e0d8ee907c4c7245c45cf7b98ca3bab53763278e4d4e61814d6f659dcafa32d','Apolonia','Godoy','Adult'), ('dpedro','a0f357a46b3afec82be4a4e20724a3276cf9e4bf53d49e85b7f7d94d8c941a88','Trinidad','Alberto','Infantil'), ('bmanso','0f81647bcba27e00062f1f18e51ac4f363e8498e00df3809e478447fdb183953','Nilda','Puga','Adult'), ('florina36','aa0d7e5c12aefa2c4bb63a237d821576b1ba37ab2953df1e14a8a4a6ae757b7a','Coral','Rubio','Adult'), ('wvalenciano','5759921ab7c224335feff2e457ec4b78c68a259ee8cf9cb94bc1f000f72e6ef4','Guadalupe','Plaza','Adult'), ('calixtoquesada','9055d9e3c7e2cf71a4c6157cd2fe0fcadc7c2b07dc3d3e92e9e13a09976993e5','Inocencio','Pedrero','Infantil'), ('landadanilo','0d69bea0ca3dddcccf595cc8cf9dea0e8df71d875aea2379e9b5177f0e1d0249','Visitación','Jiménez','Adolescent'), ('recioevaristo','9ad62c6b21c6a33f4a1e1d88f0c62f5a96768564bd066d8bcc006033ba42f71e','Nerea','Verdejo','Infantil'), ('barberofelipa','924929cae4a643b3bb40c4fad77db4ddaf863e05aafe6d88cca0cfd70316f79d','Merche','Arrieta','Adolescent'), ('humbertovalle','6cbb9e61c90bdc95a5977ae73818d4b82e90f4fcf42b0ad2e050f3687dfed212','Sabina','Daza','Infantil'), ('colomflora','20941986b22f6059a3d7cddc0842801c4f8df2cdfa1bec054b8c69e5d85df632','Clara','Rosales','Adolescent'), ('jimenezcrescencia','8c730a67563d62e16e55e0baedca6c212ce5b314d2ef348d5224eef87c44dc1d','Begoña','Garriga','Adult'), ('juanita09','e04d0de7332ee6c9e9e7e48d7d73a293e30794a07de33d98f37358680c602d6a','Milagros','Mir','Adult'), ('begona52','8061b609af1394d5994ad652ac00126621c3deaff40bbee3adeb1e1bd9793b1d','Roberta','Caparrós','Adult'), ('maria-manuelacuadrado','78c1ee8535021e65ce6d4e34b363323f23c715adf0db3ce6004b0a13863c5b89','Maricruz','Blanco','Adult'), ('aliciamaldonado','42dcb9de669845c8f13924dc610b05f86de19e02437f25f4b521372e55f618b7','Pascual','Coronado','Adult'), ('otiliaanglada','b9ad9a5cd78eda1b296c72db4fed6ceb584c7dcd4f1bf7565b0e666c92bb4aec','Goyo','Puig','Infantil'), ('natanaelpombo','d36505f479de844df5a6fbbc117b26653c6749c52d0e539070c66dca81200604','Loreto','Sarabia','Infantil'), ('lasaheliodoro','89bb0e511337ce928b5562de5ca4ddefa4b0908c10e28931c09a19df18d61e27','Eduardo','Cruz','Adolescent'), ('zroura','3ec26da3d45e9cfe2edd33371c4bbee56ee8ea5297c4a8b1287f20d5569c905b','Francisco Jose','Corbacho','Adolescent'), ('ifuentes','978a8c594a3be3a521b3f6602c1cb0dd0e58011aafdedfcd30ed8aa13fd9a8c8','Héctor','Correa','Infantil'), ('riberapedro','fd13dde357696dcc95156b293499909712a07f0545463212b053a524943c1521','Isaías','Carlos','Infantil'), ('bvergara','0c54fe42dc8d0d2ad6f657dbfe725166a47ad446a7f30562acf5ce93acd9086d','Rosalina','Caro','Adolescent'), ('chigueras','3ca646e935254b7fc5524a6673a739a3b882facfaf7d81b8db95d21083fb79ac','Isaura','Crespi','Infantil'), ('lsaez','f4204083d19eeae06045722322a382a6f2cd2290745991dcb95085d1c94b5209','Rosa María','Fabra','Infantil'), ('franchanacleto','35e5cf88320aed2f18f2c4eb0e4f62caf28cbeecfe002c2a3888437778ff9761','Pío','Araujo','Adult'), ('agudonayara','16dfd34ac16143a6f765ba931dea1804496c87b90b385813d5724f005f8f45b2','Yago','Prada','Adult'), ('wtejada','4c20eaaf011b76163fbb1518449a9d2c1b3c4a6831e5ec20e9dd030739e21665','Trini','Ros','Adolescent'), ('xcarrillo','e8c709fc5c225461861352f2a6163a243b824da503998f877358be96ac9fd015','Lucio','Plana','Adolescent'), ('ksomoza','306223525abc0b2128b10e79ce4acd9f6fd3d053d47baee061835ef36a2374ba','Consuelo','Mate','Adult'), ('xamigo','2bdfaf26a91635ea4f1525758158cc18019a863c0de26f089ae307c7d9810fec','María Belén','Jurado','Infantil'), ('panchonieto','7e3c2bd6b0f25db29dd628125ff481e61d372b49113243277ab9f6f4cd4ffce4','Belén','Riba','Adolescent'), ('bpulido','665ac4f0b0479aebdf479e9428b0816d096f3af2889d3119c143990ca1f6e67d','Eli','Quintanilla','Adult'), ('agudojulia','48902e4f1b3a9a902abe6a306b7518b4b48a7c042604cb38d625d76c65aa9fbc','Albert','Carbó','Infantil'), ('rochaleonardo','d71438d4087d68fe1133e2bec62ab75b2a2b22d3f657473777b2c0b09a240521','Óscar','Ramírez','Adolescent'), ('dacedo','c98ca3249b0bed4086fee855752b1a45c308f0379d8adbb7b1dbc69f42e6f708','Jose Luis','Campo','Adult'), ('saezpriscila','68be6009369ac7bf9d414dcdcf6209cfe519ed7276ec908973055a16ce0147de','Encarnación','Barberá','Adolescent'), ('melchor72','4690a060f787dffb31ff9ab766291f0b0d217f9a0fcf5db91b4b03471d9eaddf','Flor','Belmonte','Adult'), ('mzabala','2bf84583eb070e398019de802990144c4dc05438f471f0fdfc5b036501f627e7','Priscila','Hervia','Infantil'), ('amatramiro','0b6002f8549a4dd671467a948d761dc00628586c3a7747f0e62b5c37824044a5','Germán','Pelayo','Adolescent'), ('danilo57','d987cb1d27652b3a2c296813f03ea9bfe0c0bc142f23bac4ca5ba2b094a5647f','Anita','Querol','Adult'), ('etelvina53','6b4f087438cf5c66762c56825e202c85508f2c0fc8237c91845821afa8467b87','Gonzalo','Oliveras','Infantil'), ('armando31','0f7a94380e2655114badf682b99f66af2fbe55e346b62a7332aa5f0f13318cfd','Marcelo','Blasco','Adolescent'), ('aura88','5ce5b2eb0167c330df0f2495ec35ffdd2675bf0d994bc8991cc0d1cd6b0acb68','Sofía','Baños','Adult'), ('samu80','9db0531467c2eaea9cb87d1987e8b5c942ffed41b5140f588609a9d66ecf1e6e','Lucas','Costa','Infantil'), ('victorino31','71160896680de6262858ec3f31dc28dfe3cd6d1ae0b4ba8e9c9f3ae9e20b87f1','Nazaret','Abascal','Adolescent'), ('maria-carmen57','c94b80a1e2f8436ba129aa0141652a817a91c205adfd64f01079f51b2be5b45d','Florentina','Palacio','Adolescent'), ('eugenio97','89fc2f51b33003d76e9313658e06fc6d9cbc4aaac3df7fd351dbb3a464b6b4b9','Olga','Sandoval','Adolescent'), ('hdominguez','3964305174bb83df87229600bd04bb4a31d733666eb5373807db61ffbd29ebc4','Pelayo','Salvà','Infantil'), ('marciagras','f3607817294fc2e211ea1ca80d07fe28105b89ad3093810c0bbd610f41843e5a','Rufina','Benítez','Adolescent'), ('mascaroadora','6626118d35b3438e848a40382460dee4e7e13263168d0a8e38164729240f851b','Fabiana','Rovira','Adult'), ('nadiairiarte','a238f8c4a1d762c5f014cad104273672716e926573dc6033f4abb1d3b72085f7','Ciriaco','Palomo','Adult'), ('kflor','03c26c3161dd40acf626cc45d085fb6b7cec14c7ff8982d642f4220cfc57159a','África','Casals','Infantil'), ('lucenaeric','a91bd444660b20d0e6569370f38b6050488c653c1d27dac34bc3067445db9842','Fabiana','Lledó','Adolescent'), ('josefina12','360c731a414798d5dfc495ba7d59b70ac33070ac79c379856cf22ac114477f8d','Priscila','Aguilera','Adult'), ('kperez','5a0cad3aabf9a0dd311051a3f6e2241affba167dd5798b326f7cf63b4381e3a1','Jose Carlos','Simó','Adult'), ('wlucas','9f65bb17147549efd676ea1c998293235f8072229096ef5a537cb2d80d53666d','Samuel','Márquez','Adolescent'), ('guiomar10','3c03eac3a680e6942491df035bae48a8526890fb08e8ed348fad0cc35e0496af','María','Paredes','Infantil'), ('yguzman','a12b6aebaeacc6f405d9192dc58350f3e16d83af2c96c1eaf8981db463788b41','Vilma','Arranz','Adolescent'), ('jalvarado','02c7d890152e4a35a35ccab4d9912845658b6bbc49e3ae343528879c5483a564','Ariel','Mir','Adolescent'), ('eanguita','21e45d5d01dd1fc51bb21f4f1813d0da275f51d7729adaa1dfa484160838e741','Fulgencio','Palomino','Infantil'), ('qpizarro','dfc62e1c789c6c996853c48ca5082d9243d6f1ff98a84f00ad2c945cb9c75776','Noelia','Múñiz','Infantil'), ('fausto06','790140e4548c61aa6415bb0c68f92427ef62f3ffde2767d7a220c47d87f67b78','Alicia','Grau','Infantil'), ('charosainz','ba95706de2fe676610b5dea1ebaba509444ece43832e7cb290773709fd9a5a0e','Dan','Posada','Adolescent'), ('javiera16','ad839519c8b43b5d2787d62b9b66208ba84a38b3bfaadfb7dba6df34909b0c37','Azahara','Aranda','Infantil'), ('gordillopastor','eade838fd39f135415ab4fcf19d170aa648e12cd56401b3970fb969021d6ba80','Florina','Marí','Infantil'), ('manu55','c8b2ea24bfdb5b84ae93356b364edc7a31bc29bf89c0cf60d66d0c4c4949b325','Morena','Cifuentes','Adolescent'), ('icastellanos','a01267bf6ce88aa48a07ecd5ff4d3f6fee52f03a53524cba65d30c8170e8e728','Manu','Vilar','Adolescent'), ('maria-belen39','80448acc584221456fab4b6018c756562693b88ff5bdbee7a7fff0fc081c0d02','Porfirio','Jimenez','Infantil'), ('nevadomanuela','b29860f833ea0d129d332feb4084498d9ee775035faea0b77fcd4b89ee84b11b','Imelda','Donaire','Infantil'), ('wisern','534376bcf8094da24e5cd8f1b2f32dac92083e0313fb755234680c3493b099a0','Ciriaco','Guerra','Adolescent'), ('teresasarabia','881a172057fc1b94c8739852b82eb77c1d27bdf84094efffbc5fedd9b8f81997','Aitana','Tena','Infantil'), ('figuerolajimena','aff02b136ba18ed17d8824fb72963d5338e9bb93921cca7762056535ca9fd0c1','Victorino','Caballero','Infantil'), ('edgar38','47a0f4882bcd7b1502be150729b149032635e120913c8ca4898cd2dfe0bd94d3','Jordán','Briones','Infantil'), ('camposana-sofia','8452c49d5076c67afbb12d60c0ad15cc6d3a5b4d10751ae017e2104ef6791f54','Josep','Nieto','Infantil'), ('aurea59','05c27931f60000e735a4d4f7ee1f980562aa9fc4223e6c4c84ca814a98c72228','Abel','Castellanos','Adolescent'), ('federicocobo','8cdef25346d1b6da43dceee4ad48cac4ed8aab10961aabb2b993bfc1264ee477','Adalberto','Olivares','Infantil'), ('luisedelmira','d345cf3dd632a1135ed988ca74d781123209c1ccccee3712ed51676087d79ee6','Ruperto','Azcona','Adult'), ('gloriamonreal','ac0aa4edad48d096d3c1879786ebade185d3282ca3e41ac0d75454682016cc8d','Blanca','Roura','Adolescent'), ('cportillo','9035e4d24e90749f8368fc71ba33d8e6be962349093834f3dff97a3133bbaf12','Evangelina','Millán','Adult'), ('zamoraemma','201c108a41887b0947ad5d49df50941e19522f7010b6b1cd50e92fc4af3c4bbf','María Ángeles','Palomar','Adolescent'), ('hernando48','23e998ac3387cfc22188b82bde606e0e132493cf0e2e0e097c09d8aac5f3a080','Patricio','Casado','Adult'), ('amaya84','654efaa242e2394d4d9a5a3e538e794d78c6947ba51e7c8894c16448e1e7f1cb','Catalina','Aller','Adolescent'), ('victorsoto','809d4bdabc120f95919d8c4b04f1e46528b079800b489c63e7395c8b592083e9','Maricruz','Donoso','Adolescent'), ('ofiol','518b1de6e61c5c9d5e0f6d0a0e435e47eb69573f6eef28b8bee5cdb23154ccfc','Quirino','Domingo','Infantil'), ('tmuro','06179fa9af5d32cd39e7bf085287edc3b787a8183edd24cacbfe88c05f330507','Rafael','Porta','Infantil'), ('villaberta','87bff6170c12d5a377d999dda977138c98db5caedcbe57ca040836dbbb77ab5f','Ramona','Cabrero','Infantil'), ('jose-manuelgracia','3f7a9a8225269b1605915b6a721dfc6b6405374a777fcdf2407d026b165dc404','Nicolás','Alemán','Infantil'), ('alejandrallobet','9b4da6a01c669b5b6611eb44ece0c396b5fd902570a4ebe7dd616df03a18ade2','Josefina','Fuster','Adult'), ('manzanareshilda','28405b051c3d51113cd44a5c98b84421f9ed3c2ce7eb644f75a329d695fde274','Lucila','Tello','Infantil'), ('oriana76','2eb290707e96974f54dcbce9d8e7445d5e8483e147e00a4d7b97cbaf007ab643','Dimas','Conesa','Adult'), ('uroman','a602a7c342bac7487a400de2cae0e339b00bd83e4865d4b3629f801da6f56fdc','Martina','Azcona','Adult'), ('lourdes16','dee4b6c44687c8af342b4933fc43d175100fe4105d7002eb09db35201b7488b0','Florencio','Castilla','Adolescent'), ('ucortes','feb1f90b6e4fc02d819073c2eb6f206d8abd986cb315ee386c34f0cadf607fc3','Rufino','Mateo','Adolescent'), ('uvalcarcel','7a9bc78c81ff1b3ff17b9dde6273ff7411538e3eeedfde47540e5cbd849f3226','Francisco','Palomares','Infantil'), ('carminaroca','138ad0e3f3db1e3f3c1ce9056fcb22d81530170fea2da6af627450613dae2c47','Nadia','Castell','Adolescent'), ('zcortes','9b14d807301c1db9fce1c31fbd5143c49622508e1d178f87389a943f69011c4c','Jordán','Duque','Adult'), ('colomwalter','ea7652553a10e4f5acbb346cc8e5cef37d47a6eabab8dd4a674fd987284ce646','Leticia','Sobrino','Adolescent'), ('ymendoza','605c960fc2968bdda00d92d53df3e86a576bae2ea04e91b69ac2551c2a3f504c','Primitiva','Barrera','Adolescent'), ('cbellido','af024521a7d0bf2c0b264d0ae92c627c2c6a4eee0dbd9314b5d4bbbd020c1605','Fanny','Saldaña','Adolescent'), ('jroman','125e796313ab90dd67526d4aed4e8752ab2f3b857f0d813d671869ecf2e31e43','Hortensia','Sanmiguel','Adult'), ('anastasiocorrea','d2f0e2c2101a3fbb5d194bd0e4392bf30cba3923d310672df09d09fa857e9aa2','Juan Antonio','Rosell','Infantil'), ('millaarmida','0d83016fb3057f0bb1936aa8a1ad8f8ce6f6f7cc949699bdf8fc617bc37debf0','Antonia','Araujo','Infantil'), ('arreguidemetrio','1185678d19a228d52298ffa5981cd3cd73a8a250b34f4471b04edec31e4f75ec','Ruperta','Barberá','Infantil'), ('dazaamaro','6efb61fcd31b901f703fdbf7abbc1cb4f7e3192b5c047e768a565e0687af08fc','Rosendo','Arias','Adolescent'), ('menendezclemente','12912d683cff15ebf145998bbc2cfb487bb8873b006493d1d0566dd9b3bf4de6','Flavia','Hernandez','Adult'), ('belenvalentin','6a4012b2ce853406054b2de11c76ce6426b0bc0fbb68195346c01d6a335ceb0f','Bibiana','Losada','Infantil'), ('cocarebeca','d4667db6ed05e957715fba284336064cc0c97f14153b05ee26f1e83561bd059b','Balduino','Viana','Infantil'), ('balduino64','19d614bbc0c673139bbbb4db4dbc0db8dca1510d9cfecbd37527032609d664e0','Ibán','Sánchez','Infantil'), ('julio-cesar43','88d8b8d1082d6c70774164ddea5c0ead7474c65519313468e6a7bd67a92d8170','Bernardino','Ferrández','Infantil'), ('vbenavente','30f9e3667fe4e26fdf785576a55eda4f91e39e2081061df3ebb0ef8057963973','Telmo','Portillo','Adult'), ('fcastrillo','ede2f606d0b0c61cc027630bde3ea1b3b2701c715e7a1d56e910da7c5c215b40','Consuela','Águila','Infantil'), ('vivianabosch','944c6f7da1b617c7c17bf389bc43b6de780c627e34b10340772a4b7c030e672f','Zaira','Estrada','Adolescent'), ('escuderotrinidad','859485ec36fc124a64b408a78eb9e6c0cd2363e55b67ce6d11cb3bf25addeab2','Odalys','Guitart','Adolescent'), ('guerragracia','b2c49943954432d315968d2eb352be51f47a6aa964a4894ac4fd3fad0d2fd283','Fátima','Páez','Infantil'), ('chuchoaraujo','9f35a5814a70fa10fb9e666e6d762f1615b928990cef3ba97329d96ae360c603','Verónica','Jaume','Adolescent'), ('jbaron','8fe76ef83cd5471ffbfdc304251499b44231994c2dfe78611425c76ef939ec87','Josefina','Nieto','Infantil'), ('ipallares','7557550ec1d508369c3baf1b437ca9e1550c245f5105d6ab71d7a7ee7f5e037d','Epifanio','Piquer','Infantil'), ('hcaparros','30145938e3160329f36419238ea12cb1da91c013950fd84a034b3c3acf2df63e','Crescencia','Núñez','Infantil'), ('kparra','50828494f0c8e905b3dc79cf9d277ec7aa41e585799ea8d60b786ee6cc6e7269','Josep','Álamo','Infantil'), ('saritatenorio','578ad826db900e1c4c698a62c180f6a18609859ec7d2674d5ec896416258dea0','Dan','Acedo','Adult'), ('martinezcloe','b8c7c44c9ed6e366f6f1d558fc65b41fe009ccb6aa9e39983920ea3cd7523e18','Angélica','Castejón','Adolescent'), ('kbalaguer','0ad166868e8311292b0d9b3675eee99f6495557e0db6e38e2c1ed64ef92e23b1','Primitiva','Cantón','Infantil'), ('elba62','4e031873db37ff52fff770cf50aa5768e521d66407e6b974b1e60cfe581f6214','Antonio','Calzada','Infantil'), ('gracia97','d20caea218ebaa5b425efdff19be9e1c1dd25d56359c8f5bfaff85b9e68d7020','Custodio','Bartolomé','Infantil'), ('teobaldogordillo','df466e89d915aaf76b2899bd356cb16564bb03b516f2dab9f2e6dca3d64f5b8c','Montserrat','Prats','Adult'), ('laleman','b599a280705d4f116e7f2a654dd53f4e1d12fd459de5cafd94784c834b27d5b5','Luís','Vilaplana','Infantil'), ('vascosalamanca','ac1d89a4c6c65235ae460deac741d0fea4a0cf0404ebfcb34a6fe8295755ee3a','Zaira','Vidal','Adult'), ('leocadiopallares','65e60a81e419d0b6b2452162006ccd27c13799d5cadf0b859801b4b8f8ff521e','Miguel','Jimenez','Adolescent'), ('ycarvajal','8a2dc5eced8e8cf7086b5d78faca6cbadcf86cda54a2353115bb5189a2ab9a6b','Celia','Portillo','Adult'), ('kgisbert','060d6564ae438599f3a9326171f8b585073a6eedc43ad8d49827dea6d99ca23d','Demetrio','Arrieta','Infantil'), ('umurcia','1a622431558c337ddd4785f481c98ea6688be547478b0604149d407501ecca97','Victor','Adadia','Adult'), ('maria06','4f980b7fc20fda5a12c74c060363266a61b5d152db7afd61c3fbf449223f9ffb','Toño','Arjona','Adult'), ('inigoclemente','de70cdf8459ff7a4863cfa9ed644e67a83566ce117d8b2dd5392a386213ed856','Salomé','Tapia','Adolescent'), ('zsolera','32f224b829075b93458e62ce2b55faac9dc7d2e1b52e6c12770dbbcd934bb8a1','Berta','Arenas','Adult'), ('maria-jesus88','a11a3077a78629353271ad5ff23b93647d4720e4ab436cfbcc9a1b7e5df84b14','Haydée','Fuentes','Adolescent'), ('gomezsebastian','16b54ba05686b749b56de7f8b02ab0334d9de115d288e3989acb22ddf0106ab8','Custodio','Abella','Adolescent'), ('eveliapont','e5d9f523f3f33836a765f4ad18ac19dc0630e6ef89b0bc22fbc85bb41a39fa3a','Juan Antonio','Barrios','Infantil'), ('casaselias','7fddf0cad6a2ac5f974e9622f07f09234a7c9c8608b7c524c51a4bde5d2f8968','Edu','Jaume','Adolescent'), ('yiniesta','ba8d7e505808ea61554be5caf211f6a301369e30f7dd2c00471d881a9cd91a6e','Eric','Castañeda','Infantil'), ('nilda15','10d7d2bf8f5d889c34f799168f420bddcffd062a7d917877a3134c5cb7273cb4','Basilio','Seco','Adolescent'), ('donosojose-maria','24189899344d9319f15d1ee9022f90ea7ef1674d6f33800686f426f4ce7999a2','Martín','Marín','Adolescent'), ('vendrellascension','c5a728a65c7f9b88ee413984314fe88e22341d85a1be78baa91fd1fa172e7f59','Violeta','Escobar','Infantil'), ('porteroteodora','2719500e0de4f68317fbe923ce190268c246418bc82ea79b14d895079bf8b828','Chuy','Izquierdo','Infantil'), ('piquerzaira','9b0f5758d0b4a918c885ce37f7e29e249266765fe16fbc7a7a7c804fe9a8e285','Tere','Carvajal','Infantil'), ('victorluis','69e44b6742d7423b9ff978bc3427447eb3f19d06223c91b207b6362f6643a9ae','Encarnación','Álvaro','Adult'), ('calistaoller','abc73e6b7df27f3c3efcf377d572211919d9ae7317a9c8ffb5f1ea244a9f5127','Perlita','Elías','Infantil'), ('carranzaplacido','a6217a532572e72db06895696d9bc33bdff0785279dde81beb91856368a6e6cb','María Jesús','Cabeza','Infantil'), ('roman43','adf755cee3f6456d88c7dc430e9d7c835ebed6714b1e8a9c6d82ac6ecb7cbf72','Francisco Javier','Tormo','Adolescent'), ('wnaranjo','c3e10346065969dddba88350d71ee0691bab98a2b5f7380e72143226f7952c01','Eutropio','Salmerón','Adult'), ('aaron33','3585113e3d487e443d9afc7eb62a1f2b18bd1d87a2ea7c6b78bc3473a65911ca','Encarnación','Garmendia','Adolescent'), ('anguloperla','96f9bf90e765b71e3971a33490b054b850d504d7b375518a528075247288d274','Almudena','Arco','Infantil'), ('borja76','3e37c2d8281277968d64d4cb0ff2b491dd4bf66ba3277d58f92a53b9a09f40b9','Jacinto','Solís','Adolescent'), ('palominovictorino','fa34baf036e62ecc9692e09853f84cf9bc361e05e74c3555bb7bc87511cc668f','María Luisa','Cuadrado','Adult'), ('lupesolano','4335eaae4cbd52dec71a7545947d35a7436205611bd747dd6d8e03f1d0c44707','Florinda','Benitez','Infantil'), ('rolivera','a292d4edba585a4316f1635ffa0de6d2340bf7c6b111e8c83e86688634ed3b2d','Natalio','Plaza','Infantil'), ('alexandra09','e8d038e6a41f9a869a05820b0073edb0ad4e5734d7b900975e43ba02ef668e25','Mercedes','Valderrama','Adult'), ('angelino93','c7776f267b244b57b85721e1ed4a6f29f273f87490409b475540f35eb1241957','Fausto','Blanch','Infantil'), ('utormo','1de7e7d3bed25ba4732c8fef9499d728e3433ab6b1b4df0c7310ecec62e10118','Jose Angel','Almazán','Adult'), ('jeronimo57','7a64dcf376d7aa910187318c8c5946be41a913de3cdbe3f80f6b045a476da18a','Blas','Medina','Adolescent'), ('caridadchaparro','0faba722bf689f6e0c1e9460d1cbcfc9b7d1b52b5cb0c73709b83deaf8573f91','Calixta','Alcalá','Adult'), ('gabinotena','58e26c5188fa3996e9925dc3f11e4118f2183a2577ee2317ff44916fd68d09a7','Rodrigo','Chamorro','Adult'), ('maria-luisavarela','daf6ef6cda4773e9493be3e6524ddfeca872f30670317af3c2e89e59029c2ccc','Yéssica','Vilanova','Infantil'), ('escalonaloida','a29eca60b04fb086cadc2fe8bacc4cd004e38070dac6ac1830c78977d42826d8','Wálter','Vega','Adolescent'), ('luisajauregui','5678054b88afb98a7332c41993f6826c9b58db1aaaa967ea2bf8528869360c9a','Ramiro','Castejón','Adult'), ('hidalgoremedios','8e90392d78d0eed3e92ba37b98a9cbabf28ee25adbaed81832236dac19ac87bd','Rico','Orozco','Infantil'), ('hadan','e9d7baf90f2cb0ba1c8830223fa35e4c6f675dca4db82d4a21c28da644a892fa','Soledad','Carbonell','Adolescent'), ('jessicabaquero','f0cd3e720e5cb2d7455e59cb7372dc5ad79bf846d691b1413d796702b89804d9','Paca','Noriega','Adolescent'), ('rolando21','05235fb9270afa475461600d9699312c26f30cf67870c54f41ef35f32cc8e428','Petrona','Gual','Adult'), ('cruz96','b4f8dfa665a6a6f76e60ed898a16a3abdc982a02ac7a23b115300e30eb98dafc','Manola','Real','Adolescent'), ('augustocardona','dca01882743f9dd27b3d2be254ed1d7996f093d6f2832bf807cf5e4be891bf33','Eugenia','Castells','Adult'), ('maxima90','f9d21aa11a4a9e0a03a356b8d381875a92c69c11f857a6e1aa0d208bea5ba0e0','Florentina','Carro','Adult'), ('edelmiro65','4eeeb99b597cf8c0028044c183e5cd3d0771af917db39e61227a30a73c5fce66','Almudena','Arribas','Infantil'), ('solmo','0580c1344980876b63231df986abd865311d4614e22893718fbd44760e1171f3','Magdalena','Arranz','Adolescent'), ('sobrinoamparo','c82c249cc8df923ba51b3d57877cbad1e601fa238c19f32ed050873405e8e29e','Maite','Marin','Adolescent'), ('hernandezhipolito','c77aa0bbfc6c327726da81e38943519f0094eb8622eb6bde429ea4201d3efcc0','Ester','Mayoral','Adolescent'), ('teodosio59','286dff1b981d54cd014bc3e102443c47e04a119a83426fdafa57c704a72d6a42','Estrella','Solé','Infantil'), ('hermenegildotellez','b7fcd52bb20221e779267432dd5b53bd78d917ed33b021cafada76e54db55b4b','Pilar','Ariza','Adult'), ('ponciodiaz','ea992c4a0a4e7225759ed3810eb8d791f043363282ecdf3615b12e6c0f0220bd','Zaira','Sacristán','Adult'), ('camador','bbd5c2af4784a0c935ccd00b6b0154e4b6c897c3a661335103b897909038f679','Adela','Villena','Adult'), ('baudelio45','3d3dafa68a04bceee6cf537d79ff612526471780f7d3f8a544868a2e3953efe9','Lisandro','Beltrán','Adult'), ('saturninapiquer','a59b0140295f673fdc2382f05b066dc7589b1a65bcd2e7bda5372066a729d07a','Francisca','Real','Adult'), ('telloale','46a6a00fdbd2785b38f3b0786828f4d5afcd755654e7f7314c7db9d4e9d6a06f','Jose Ramón','Galán','Infantil'), ('juan-manuel94','19cb306d545099e339c9a90d14da6a714289ccef402b8039103e2162051c8bc8','Aitor','Soler','Adolescent'), ('ugil','8eba58cff56e9a04733bef14959b912d057f6e6205991daa5c95d7d4d66fecc1','Heliodoro','Amat','Adult'), ('hilario88','79a7f2d0ef5a9398ea09c25bf6391280dd92350a252ca73736cff0ff824427aa','Osvaldo','Sanz','Adolescent'), ('vibanez','d8ac8403c0b6706a24644f040fdeae98f27d744f5d7d54b250faff8d93becd84','Cristian','Piñol','Adult'), ('herranzfausto','c1c471e51ef48d19453648f2deae097cebf6fd01f32c546c091d5bd265b040b5','Fátima','Vicente','Infantil'), ('anselmairiarte','da50fbef86e359734e81ed38fc0ec3131f3955fc21e2cea4cd88f0ea412ffbe9','Mercedes','Romero','Infantil'), ('wmorales','88f91acff73fd34444dd1d23f0f24d82b711c66c461dfab0b3f34af638efaae6','Nicodemo','Ledesma','Infantil'), ('sebastian86','79c5bebd0ef8ea9d4f9692402696c434dedfc76803c97de7d69ff008edcdc751','Gregorio','Bonet','Adolescent'), ('castejonnilda','96dbad75f35a4d5950c4f7841c8f041fb7260e225ab418716cda2754a9df6405','Claudia','Correa','Adolescent'), ('genovevaroca','f99f45be15fe6b8752c0caa251e6b96f23267958fe9d547ffa82c888f0fc495e','Adelina','Salvà','Infantil'), ('zcorbacho','44eafc8799f40cb30e02e592dc3a4c9bac5dcf92e320ebbb2b3f0664ff1fc41b','Jonatan','Palma','Adult'), ('friquelme','23a138d675c1a555d557249abea67d140e5b17bea36b4fd5fa54bdf54144eee0','Baldomero','Salvà','Adolescent'), ('belen40','a4f0208e667b75d7cf6cf537efcbb886d296ac072e901f3256e54ec7fffd2b37','Abilio','Coll','Adolescent'), ('planda','0e6faea47fe6a525917823d2c5eb24df887dfa1e99219380afdf84a4a866bedf','Tomasa','Feliu','Adult'), ('baronchema','73baceed0d05ad1043f2032d043ab84d689630c3d48722cdcd0d5b0543263d29','Amaya','Egea','Adolescent'), ('horaciorios','3a7fb9ce3e1b574d71b7c895681a7bcc51829e1fedb630b939946f262d0bea0e','Marisol','Marquez','Adolescent'), ('ydomenech','135299905932a9b30d78c262ae09079f1500d4c0de879bcdeffe5d98f04c12c6','Margarita','Solsona','Adult'), ('asdrubal91','9e431b1234fddb7abaac9b600b4402d5a3d2928a84b9c9d066568a565c36439a','Zoraida','Pujadas','Infantil'), ('yaizaparedes','949a14941644c9aea7c627f87509d172c66235c108119f953f000b56792cbabd','Encarnación','Almansa','Infantil'), ('mrio','cb0c8e7066aef9e92263553f96a5b948bb9c11df0b1af54336d164c9e2178774','Josefina','Cáceres','Infantil'), ('geronimo72','58773240aafa21032e08d0690cbf00f6832bc9a46231e633b59ac3280ff23fad','Adolfo','Zapata','Adolescent'), ('mirtaguillen','d8d18f7cfa5c5d262f45a16947398ae87ed2e41fe681fd79a4c03bc508de88ba','Pelayo','Jove','Infantil'), ('alfonsochita','ac7ef2d23f1f41b7a9b78c5025d3ddc2fd01874cc3aa6dadfa23286854f9477a','Chucho','Corral','Adult'), ('kmuniz','315ca1da02fb34083561b4b8f7a48df2954610d760162eb1dd1c89a6f6251a75','Eva','Gutiérrez','Adult'), ('anselmapareja','ad4b0a5a158491e37eedf8ae30ec62598b259eb4f6be85b76e0fdfbf47fa8708','Milagros','Niño','Infantil'), ('darioraya','c0b42e7ae88d708d0c8e2ae45dd99544ea0b0202dd97fb61670034820750c103','Tito','Uría','Adolescent'), ('vinasmarco','0f27d6a9a5eb8fb86cf71b0372aeff340a4bb6884997628bfbe3ff510026a606','Jacinto','Márquez','Adolescent'), ('carolina74','fadd56298fc5730763e6d67b48fa432822b8078f2dd0b060ab3eeaf6e606b89e','Maricela','Llorens','Adolescent'), ('atilio70','e4d1e9f69b7d359c2456bc12a50ab21b3880de7189d6223ecc0a19166a174a79','Juan Carlos','Rojas','Adult'), ('wterron','1007ce7d972f9745b5d274c6e33f0d42889e190d58c874319bf6399bf44c2179','Montserrat','Cerdá','Adult');
INSERT INTO Categoria ( nomCategoria) VALUES  ('Acción'), ('Actualidad'), ('Adulto'), ('Aventuras'), ('Animación'), ('Anime'), ('Binge'), ('Biografía'), ('Ciencia ficción'), ('Comedia'), ('Concurso'), ('Corto'), ('Crimen'), ('Deporte'), ('Documental'), ('Drama'), ('Estilo de vida'), ('Familiar'), ('Fantasía'), ('Ficción'), ('Guerra'), ('Historia'), ('Horror'), ('Infantil'), ('Juvenil'), ('Música'), ('Musical'), ('Misterio'), ('Programa de entrevistas'), ('Reality Show'), ('Romance'), ('Sátira'), ('Suspense'), ('Western');
INSERT INTO Contingut (titol, url, nomCategoria) VALUES  ('Schannel - Mở hộp Xperia Z1f - Bản thu nhỏ đáng giá của Xperia Z1 - CellphoneS','www.youtube.com/watch?v=taSaLq6brQQ','Acción'), ('Z1Fアルトワークス エンジンルーム紹介','www.youtube.com/watch?v=YmYYssABnfY','Misterio'), ('kawasaki Z900 Green 1975 Z1F 093454','www.youtube.com/watch?v=BIuJM8KBa9o','Suspense'), ('Sony Xperia Z1F: First Look','www.youtube.com/watch?v=DUOhHbYE8oo','Biografía'), ('Kawasaki Z900 1975 Z1F 503508','www.youtube.com/watch?v=ax2Ss5SfEs4','Juvenil'), ('アルトワークスの神Z1Fさん180km余裕オーバー車両紹介','www.youtube.com/watch?v=pxWJq-1BGW4','Deporte'), ('Kawasaki Z1B 1975 Z1F 69139 Blue','www.youtube.com/watch?v=WJfmTEd6vM4','Infantil'), ('Camera Test: Xperia Z1f vs Z2 vs Cyber-shot','www.youtube.com/watch?v=rTFmbkiXGJI','Concurso'), ('Google Nexus 5 launch rumor, Nokia event teases laptop, Xperia Z1F &amp, (kawasaki Z1B Z1F 78964 1975','www.youtube.com/watch?v=XIiMJoc8s_c','Acción'), ('Kawasaki Z1B 1975 Maroon Z1F 78986 1','www.youtube.com/watch?v=hbCinAxpeSA','Misterio'), ('Xperia Z1 Compact back cover VS Xperia Z1f back cover','www.youtube.com/watch?v=H1ZWqTz41qM','Fantasía'), ('Brow - Z1F (HulkRecord) #Freestyle','www.youtube.com/watch?v=LqywXf6B0rU','Binge'), ('NTTドコモ「Xperia Z1f」本多春奈','www.youtube.com/watch?v=6s4Lgs0QV_o','Animación'), ('4K видео на Xperia Z1f','www.youtube.com/watch?v=PHaJZs-3hHM','Concurso'), ('KAWASAKI  Z1F  Z900','www.youtube.com/watch?v=f7N8rsPxOeg','Suspense'), ('ジャンクスマホ紹介　Xperia Z1F　SO-02F','www.youtube.com/watch?v=tssm7IKjvN0','Fantasía'), ('2013冬ドコモ新商品発表会Xperia Z1f SO-02F展示機操作動画','www.youtube.com/watch?v=3R6tinsqlsM','Fantasía'), ('kawasaki Z1B Z1F 78964 1975 Return','www.youtube.com/watch?v=FEXXO1gwFkE','Misterio'), ('Kawasaki Z! Jaffa 1973 Z1F 07408','www.youtube.com/watch?v=90ez-pFmq1Y','Anime'), ('Sony Xperia Z1f Mini','www.youtube.com/watch?v=hfMXIqTaMqU','Guerra'), ('Schannel - Những điểm khác biệt giữa Xperia Z1 vs Xperia Z1f - CellphoneS','www.youtube.com/watch?v=2c302vr5k44','Ciencia ficción'), ('TeamAlert RoadTrip lipdub Walburg College, Zwijndrecht, Z1F','www.youtube.com/watch?v=3jDY1u_rOg8','Comedia'), ('Unlock  Mở Mạng Sony Xperia Z1F Docomo SO 02F  Bẻ khóa Sony SO 02F Xperia Z1F Docomo','www.youtube.com/watch?v=lgg-k74R778','Música'), ('2013冬ドコモ新商品発表会Xperia Z1f SO-02F展示機カメラ機能動画','www.youtube.com/watch?v=RpiqAFAcirc','Historia'), ('Sony Xperia Z1F Leaked Specs &amp, (Free fire curry of the headshot #shorts | 3R-z1F','www.youtube.com/watch?v=RbyrR3z1wUo','Sátira'), ('1973 KAWASAKI Z1 (Z1F-03xxx)','www.youtube.com/watch?v=SQrEX3YjdsI','Aventuras'), ('【NTTドコモ2013年冬春モデル】Xperia Z1f SO-02F','www.youtube.com/watch?v=7N_sQVl_Eos','Animación'), ('Xperia Z1f SO-02Fを触ってみた','www.youtube.com/watch?v=p6R03uVutoI','Drama'), ('Kawasaki KZ900 1976 Z1F for sale on eBay','www.youtube.com/watch?v=spXO7OeT0mE','Historia'), ('XPERIA Z1fで撮影！','www.youtube.com/watch?v=H2MMuwY4BPQ','Sátira'), ('Sony Xperia Z1f SO 02F Password Reset or Recovery','www.youtube.com/watch?v=6HdILKLEWIc','Animación'), ('7月11日Z1F 096323','www.youtube.com/watch?v=HJrwx6F3ukk','Guerra'), ('Quick Review Sony Xperia Z1F SO-02F','www.youtube.com/watch?v=WVneM6kD67U','Guerra'), ('冬でも安心、Xperia Z1f SO-02Fの「手ぶくろモード」','www.youtube.com/watch?v=4TQTIC1Y4_s','Corto'), ('kawasaki Z1B 1974 Blue Z1F 56102 return','www.youtube.com/watch?v=MWvGB5wJeKo','Estilo de vida'), ('7月30日Z1F 112830','www.youtube.com/watch?v=Y9RyyDpdxD4','Misterio'), ('Sony Xperia Z1f / Honami mini - official','www.youtube.com/watch?v=ZlsRvnIMG1I','Deporte'), ('How to Hard Reset Sony Xperia Z1f SO 02F and Forgot Password Recovery, Factory Reset','www.youtube.com/watch?v=o1qbo6WtzDk','Comedia'), ('8月12日Z1F 79583','www.youtube.com/watch?v=utAX2pI46RY','Drama'), ('kawasaki Z1B 1974 Blue Z1F 56102','www.youtube.com/watch?v=XLOsazpYAvU','Sátira'), ('Chém gió Audiotinhte: Cx Plus Tw, Arya V3, MDR-Z1F, chia sẻ nhạc','www.youtube.com/watch?v=ItkPx2ClPKI','Sátira'), ('Ca s Evergreen 333-8098-Z1F 96-Well ELISA Treated Microplates with Flat Bottoms. Polystyrene, Black','www.youtube.com/watch?v=MGjedO2DEVU','Deporte'), ('【カメラ撮影ARエフェクト機能】SONY Xperia Z1f SO-02F','www.youtube.com/watch?v=B4sH_YXZz6Y','Adulto'), ('Z1fで撮影 横浜ファイヤーカウントダウン2014','www.youtube.com/watch?v=0iEvV12QJ1Q','Suspense'), ('Mở hộp, đánh giá nhanh Sony Xperia Z1F Mini - Mobile City','www.youtube.com/watch?v=ryof3x4YV5A','Drama'), ('Kawasaki　Z1　Z1F','www.youtube.com/watch?v=-Jnl0HGViVs','Misterio'), ('Sony Xperia Z1F (Z1 Mini ) bơi trong nước','www.youtube.com/watch?v=eg9IAFBoLsQ','Western'), ('Z900 (Z1) エンジン動作確認用　Z1F-03488','www.youtube.com/watch?v=NAaqlurugCE','Animación'),(' Features','www.youtube.com/watch?v=UCY_Pa5YDzw','Historia'), ('Free fire curry of the headshot #shorts | 3R-z1F','www.youtube.com/watch?v=RbyrR3z1wUo','Sátira'), ('1973 KAWASAKI Z1 (Z1F-03xxx)','www.youtube.com/watch?v=SQrEX3YjdsI','Aventuras'), ('【NTTドコモ2013年冬春モデル】Xperia Z1f SO-02F','www.youtube.com/watch?v=7N_sQVl_Eos','Animación'), ('Xperia Z1f SO-02Fを触ってみた','www.youtube.com/watch?v=p6R03uVutoI','Drama'), ('Kawasaki KZ900 1976 Z1F for sale on eBay','www.youtube.com/watch?v=spXO7OeT0mE','Historia'), ('XPERIA Z1fで撮影！','www.youtube.com/watch?v=H2MMuwY4BPQ','Sátira'), ('Sony Xperia Z1f SO 02F Password Reset or Recovery','www.youtube.com/watch?v=6HdILKLEWIc','Animación'), ('7月11日Z1F 096323','www.youtube.com/watch?v=HJrwx6F3ukk','Guerra'), ('Quick Review Sony Xperia Z1F SO-02F','www.youtube.com/watch?v=WVneM6kD67U','Guerra'), ('冬でも安心、Xperia Z1f SO-02Fの「手ぶくろモード」','www.youtube.com/watch?v=4TQTIC1Y4_s','Corto'), ('kawasaki Z1B 1974 Blue Z1F 56102 return','www.youtube.com/watch?v=MWvGB5wJeKo','Estilo de vida'), ('7月30日Z1F 112830','www.youtube.com/watch?v=Y9RyyDpdxD4','Misterio'), ('Sony Xperia Z1f / Honami mini - official','www.youtube.com/watch?v=ZlsRvnIMG1I','Deporte'), ('How to Hard Reset Sony Xperia Z1f SO 02F and Forgot Password Recovery, Factory Reset','www.youtube.com/watch?v=o1qbo6WtzDk','Comedia'), ('8月12日Z1F 79583','www.youtube.com/watch?v=utAX2pI46RY','Drama'), ('kawasaki Z1B 1974 Blue Z1F 56102','www.youtube.com/watch?v=XLOsazpYAvU','Sátira'), ('Chém gió Audiotinhte: Cx Plus Tw, Arya V3, MDR-Z1F, chia sẻ nhạc','www.youtube.com/watch?v=ItkPx2ClPKI','Sátira'), ('Ca s Evergreen 333-8098-Z1F 96-Well ELISA Treated Microplates with Flat Bottoms. Polystyrene, Black','www.youtube.com/watch?v=MGjedO2DEVU','Deporte'), ('【カメラ撮影ARエフェクト機能】SONY Xperia Z1f SO-02F','www.youtube.com/watch?v=B4sH_YXZz6Y','Adulto'), ('Z1fで撮影 横浜ファイヤーカウントダウン2014','www.youtube.com/watch?v=0iEvV12QJ1Q','Suspense'), ('Mở hộp, đánh giá nhanh Sony Xperia Z1F Mini - Mobile City','www.youtube.com/watch?v=ryof3x4YV5A','Drama'), ('Kawasaki　Z1　Z1F','www.youtube.com/watch?v=-Jnl0HGViVs','Misterio'), ('Sony Xperia Z1F (Z1 Mini ) bơi trong nước','www.youtube.com/watch?v=eg9IAFBoLsQ','Western'), ('Z900 (Z1) エンジン動作確認用　Z1F-03488','www.youtube.com/watch?v=NAaqlurugCE','Animación'), (' more - Pocketnow Daily','www.youtube.com/watch?v=VLVTs55UHo0','Comedia'), ('kawasaki Z1B Z1F 78964 1975','www.youtube.com/watch?v=XIiMJoc8s_c','Acción'), ('Kawasaki Z1B 1975 Maroon Z1F 78986 1','www.youtube.com/watch?v=hbCinAxpeSA','Misterio'), ('Xperia Z1 Compact back cover VS Xperia Z1f back cover','www.youtube.com/watch?v=H1ZWqTz41qM','Fantasía'), ('Brow - Z1F (HulkRecord) #Freestyle','www.youtube.com/watch?v=LqywXf6B0rU','Binge'), ('NTTドコモ「Xperia Z1f」本多春奈','www.youtube.com/watch?v=6s4Lgs0QV_o','Animación'), ('4K видео на Xperia Z1f','www.youtube.com/watch?v=PHaJZs-3hHM','Concurso'), ('KAWASAKI  Z1F  Z900','www.youtube.com/watch?v=f7N8rsPxOeg','Suspense'), ('ジャンクスマホ紹介　Xperia Z1F　SO-02F','www.youtube.com/watch?v=tssm7IKjvN0','Fantasía'), ('2013冬ドコモ新商品発表会Xperia Z1f SO-02F展示機操作動画','www.youtube.com/watch?v=3R6tinsqlsM','Fantasía'), ('kawasaki Z1B Z1F 78964 1975 Return','www.youtube.com/watch?v=FEXXO1gwFkE','Misterio'), ('Kawasaki Z! Jaffa 1973 Z1F 07408','www.youtube.com/watch?v=90ez-pFmq1Y','Anime'), ('Sony Xperia Z1f Mini','www.youtube.com/watch?v=hfMXIqTaMqU','Guerra'), ('Schannel - Những điểm khác biệt giữa Xperia Z1 vs Xperia Z1f - CellphoneS','www.youtube.com/watch?v=2c302vr5k44','Ciencia ficción'), ('TeamAlert RoadTrip lipdub Walburg College, Zwijndrecht, Z1F','www.youtube.com/watch?v=3jDY1u_rOg8','Comedia'), ('Unlock  Mở Mạng Sony Xperia Z1F Docomo SO 02F  Bẻ khóa Sony SO 02F Xperia Z1F Docomo','www.youtube.com/watch?v=lgg-k74R778','Música'), ('2013冬ドコモ新商品発表会Xperia Z1f SO-02F展示機カメラ機能動画','www.youtube.com/watch?v=RpiqAFAcirc','Historia'), ('Sony Xperia Z1F Leaked Specs &amp, Free fire curry of the headshot #shorts | 3R-z1F','www.youtube.com/watch?v=RbyrR3z1wUo','Sátira'), ('1973 KAWASAKI Z1 (Z1F-03xxx)','www.youtube.com/watch?v=SQrEX3YjdsI','Aventuras'), ('【NTTドコモ2013年冬春モデル】Xperia Z1f SO-02F','www.youtube.com/watch?v=7N_sQVl_Eos','Animación'), ('Xperia Z1f SO-02Fを触ってみた','www.youtube.com/watch?v=p6R03uVutoI','Drama'), ('Kawasaki KZ900 1976 Z1F for sale on eBay','www.youtube.com/watch?v=spXO7OeT0mE','Historia'), ('XPERIA Z1fで撮影！','www.youtube.com/watch?v=H2MMuwY4BPQ','Sátira'), ('Sony Xperia Z1f SO 02F Password Reset or Recovery','www.youtube.com/watch?v=6HdILKLEWIc','Animación'), ('7月11日Z1F 096323','www.youtube.com/watch?v=HJrwx6F3ukk','Guerra'), ('Quick Review Sony Xperia Z1F SO-02F','www.youtube.com/watch?v=WVneM6kD67U','Guerra'), ('冬でも安心、Xperia Z1f SO-02Fの「手ぶくろモード」','www.youtube.com/watch?v=4TQTIC1Y4_s','Corto'), ('kawasaki Z1B 1974 Blue Z1F 56102 return','www.youtube.com/watch?v=MWvGB5wJeKo','Estilo de vida'), ('7月30日Z1F 112830','www.youtube.com/watch?v=Y9RyyDpdxD4','Misterio'), ('Sony Xperia Z1f / Honami mini - official','www.youtube.com/watch?v=ZlsRvnIMG1I','Deporte'), ('How to Hard Reset Sony Xperia Z1f SO 02F and Forgot Password Recovery, Factory Reset','www.youtube.com/watch?v=o1qbo6WtzDk','Comedia'), ('8月12日Z1F 79583','www.youtube.com/watch?v=utAX2pI46RY','Drama'), ('kawasaki Z1B 1974 Blue Z1F 56102','www.youtube.com/watch?v=XLOsazpYAvU','Sátira'), ('Chém gió Audiotinhte: Cx Plus Tw, Arya V3, MDR-Z1F, chia sẻ nhạc','www.youtube.com/watch?v=ItkPx2ClPKI','Sátira'), ('Ca s Evergreen 333-8098-Z1F 96-Well ELISA Treated Microplates with Flat Bottoms. Polystyrene, Black','www.youtube.com/watch?v=MGjedO2DEVU','Deporte'), ('【カメラ撮影ARエフェクト機能】SONY Xperia Z1f SO-02F','www.youtube.com/watch?v=B4sH_YXZz6Y','Adulto'), ('Z1fで撮影 横浜ファイヤーカウントダウン2014','www.youtube.com/watch?v=0iEvV12QJ1Q','Suspense'), ('Mở hộp, đánh giá nhanh Sony Xperia Z1F Mini - Mobile City','www.youtube.com/watch?v=ryof3x4YV5A','Drama'), ('Kawasaki　Z1　Z1F','www.youtube.com/watch?v=-Jnl0HGViVs','Misterio'), ('Sony Xperia Z1F (Z1 Mini ) bơi trong nước','www.youtube.com/watch?v=eg9IAFBoLsQ','Western'), ('Z900 (Z1) エンジン動作確認用　Z1F-03488','www.youtube.com/watch?v=NAaqlurugCE','Animación'),('Features','www.youtube.com/watch?v=UCY_Pa5YDzw','Historia'), ('Free fire curry of the headshot #shorts | 3R-z1F','www.youtube.com/watch?v=RbyrR3z1wUo','Sátira'), ('1973 KAWASAKI Z1 (Z1F-03xxx)','www.youtube.com/watch?v=SQrEX3YjdsI','Aventuras'), ('【NTTドコモ2013年冬春モデル】Xperia Z1f SO-02F','www.youtube.com/watch?v=7N_sQVl_Eos','Animación'), ('Xperia Z1f SO-02Fを触ってみた','www.youtube.com/watch?v=p6R03uVutoI','Drama'), ('Kawasaki KZ900 1976 Z1F for sale on eBay','www.youtube.com/watch?v=spXO7OeT0mE','Historia'), ('XPERIA Z1fで撮影！','www.youtube.com/watch?v=H2MMuwY4BPQ','Sátira'), ('Sony Xperia Z1f SO 02F Password Reset or Recovery','www.youtube.com/watch?v=6HdILKLEWIc','Animación'), ('7月11日Z1F 096323','www.youtube.com/watch?v=HJrwx6F3ukk','Guerra'), ('Quick Review Sony Xperia Z1F SO-02F','www.youtube.com/watch?v=WVneM6kD67U','Guerra'), ('冬でも安心、Xperia Z1f SO-02Fの「手ぶくろモード」','www.youtube.com/watch?v=4TQTIC1Y4_s','Corto'), ('kawasaki Z1B 1974 Blue Z1F 56102 return','www.youtube.com/watch?v=MWvGB5wJeKo','Estilo de vida'), ('7月30日Z1F 112830','www.youtube.com/watch?v=Y9RyyDpdxD4','Misterio'), ('Sony Xperia Z1f / Honami mini - official','www.youtube.com/watch?v=ZlsRvnIMG1I','Deporte'), ('How to Hard Reset Sony Xperia Z1f SO 02F and Forgot Password Recovery, Factory Reset','www.youtube.com/watch?v=o1qbo6WtzDk','Comedia'), ('8月12日Z1F 79583','www.youtube.com/watch?v=utAX2pI46RY','Drama'), ('kawasaki Z1B 1974 Blue Z1F 56102','www.youtube.com/watch?v=XLOsazpYAvU','Sátira'), ('Chém gió Audiotinhte: Cx Plus Tw, Arya V3, MDR-Z1F, chia sẻ nhạc','www.youtube.com/watch?v=ItkPx2ClPKI','Sátira'), ('Ca s Evergreen 333-8098-Z1F 96-Well ELISA Treated Microplates with Flat Bottoms. Polystyrene, Black','www.youtube.com/watch?v=MGjedO2DEVU','Deporte'), ('【カメラ撮影ARエフェクト機能】SONY Xperia Z1f SO-02F','www.youtube.com/watch?v=B4sH_YXZz6Y','Adulto'), ('Z1fで撮影 横浜ファイヤーカウントダウン2014','www.youtube.com/watch?v=0iEvV12QJ1Q','Suspense'), ('Mở hộp, đánh giá nhanh Sony Xperia Z1F Mini - Mobile City','www.youtube.com/watch?v=ryof3x4YV5A','Drama'), ('Kawasaki　Z1　Z1F','www.youtube.com/watch?v=-Jnl0HGViVs','Misterio'), ('Sony Xperia Z1F (Z1 Mini ) bơi trong nước','www.youtube.com/watch?v=eg9IAFBoLsQ','Western'), ('Z900 (Z1) エンジン動作確認用　Z1F-03488','www.youtube.com/watch?v=NAaqlurugCE','Animación');
INSERT INTO R_Contingut_TipusUsuari (idContingut, tipusUsuari) VALUES  ('1','Adult'), ('2','Adult'), ('3','Adolescent'), ('4','Adult'), ('5','Infantil'), ('6','Infantil'), ('7','Infantil'), ('8','Adult'), ('9','Adult'), ('10','Infantil'), ('11','Adolescent'), ('12','Adolescent'), ('13','Adolescent'), ('14','Adolescent'), ('15','Infantil'), ('16','Adolescent'), ('17','Adolescent'), ('18','Infantil'), ('19','Infantil'), ('20','Adolescent'), ('21','Adult'), ('22','Infantil'), ('23','Adolescent'), ('24','Adolescent'), ('25','Infantil'), ('26','Adolescent'), ('27','Adolescent'), ('28','Adolescent'), ('29','Adult'), ('30','Infantil'), ('31','Infantil'), ('32','Adult'), ('33','Infantil'), ('34','Adolescent'), ('35','Adult'), ('36','Infantil'), ('37','Adolescent'), ('38','Adult'), ('39','Adult'), ('40','Adolescent'), ('41','Adult'), ('42','Infantil'), ('43','Adult'), ('44','Adult'), ('45','Adolescent'), ('46','Infantil'), ('47','Infantil'), ('48','Infantil'), ('49','Adult'), ('50','Infantil');
INSERT INTO Contracte (dataAlta, dataVenciment, nomUsuari, tipusContracte) VALUES  ('2015-09-26','2015-10-26','ocortes','Mensual'), ('2016-09-15','2016-10-15','xborrego','Mensual'), ('2019-03-02','2019-06-02','borjajaen','Trimestral'), ('2019-01-16','2019-02-16','saturninaprado','Mensual'), ('2020-03-14','2020-06-14','jeremias14','Trimestral'), ('2017-03-09','2017-04-09','godofredobarcena','Mensual'), ('2015-01-02','2015-04-02','hpozuelo','Trimestral'), ('2020-06-26','2020-09-26','juliana56','Trimestral'), ('2017-09-27','2017-12-27','merinonadia','Trimestral'), ('2021-10-24','2022-01-24','rosamaria-luisa','Trimestral'), ('2020-03-17','2020-04-17','chavesalicia','Mensual'), ('2020-10-07','2021-01-07','zhuerta','Trimestral'), ('2015-01-06','2015-02-06','brunildabatlle','Mensual'), ('2017-09-01','2017-10-01','pcuesta','Mensual'), ('2018-12-31','2019-01-31','rcalleja','Mensual'), ('2020-06-24','2020-07-24','maristelaaller','Mensual'), ('2018-07-27','2018-10-27','beltranjulian','Trimestral'), ('2019-04-15','2019-05-15','ptaboada','Mensual'), ('2019-12-06','2020-01-06','jcarreras','Mensual'), ('2017-02-04','2017-03-04','aristides81','Mensual'), ('2015-08-19','2015-09-19','vaqueroalbano','Mensual'), ('2021-10-27','2021-11-27','palominoteodora','Mensual'), ('2020-04-17','2020-07-17','noguesanunciacion','Trimestral'), ('2021-02-16','2021-05-16','marquestoribio','Trimestral'), ('2020-06-16','2020-09-16','almansagoyo','Trimestral'), ('2020-07-29','2020-08-29','mercedes36','Mensual'), ('2021-10-18','2022-01-18','eloisa45','Trimestral'), ('2017-07-10','2017-10-10','julio-cesar27','Trimestral'), ('2017-06-21','2017-09-21','ncoello','Trimestral'), ('2021-06-12','2021-07-12','xsalgado','Mensual'), ('2016-11-04','2017-02-04','nprats','Trimestral'), ('2018-11-11','2018-12-11','pbuendia','Mensual'), ('2015-06-08','2015-09-08','nicodemo46','Trimestral'), ('2019-07-14','2019-08-14','dcabrera','Mensual'), ('2018-04-27','2018-07-27','aurora45','Trimestral'), ('2020-09-30','2020-10-30','lagunajacinta','Mensual'), ('2017-01-14','2017-04-14','pmalo','Trimestral'), ('2021-05-05','2021-08-05','bonetrosario','Trimestral'), ('2017-05-05','2017-06-05','escuderoconsuela','Mensual'), ('2016-08-01','2016-11-01','pacifica57','Trimestral'), ('2017-04-05','2017-05-05','cabezaaristides','Mensual'), ('2017-11-19','2017-12-19','adoracion85','Mensual'), ('2021-07-07','2021-08-07','lillojennifer','Mensual'), ('2021-04-27','2021-05-27','omarorozco','Mensual'), ('2021-09-17','2021-12-17','reguerageronimo','Trimestral'), ('2018-08-25','2018-09-25','piedad83','Mensual'), ('2021-12-12','2022-01-12','santamariaemelina','Mensual'), ('2015-04-08','2015-05-08','ucarranza','Mensual'), ('2020-03-17','2020-04-17','esotelo','Mensual'), ('2020-10-06','2021-01-06','hmadrigal','Trimestral'), ('2020-02-24','2020-05-24','aitana14','Trimestral'), ('2015-05-09','2015-06-09','octaviaramirez','Mensual'), ('2016-11-29','2017-02-28','alegriamaria-fernanda','Trimestral'), ('2016-11-26','2016-12-26','susanaisern','Mensual'), ('2019-01-21','2019-02-21','eva-maria58','Mensual'), ('2017-05-27','2017-06-27','xcarranza','Mensual'), ('2021-10-22','2021-11-22','evangelinapineda','Mensual'), ('2017-10-10','2017-11-10','guerrerohortensia','Mensual'), ('2017-07-17','2017-08-17','walcala','Mensual'), ('2017-05-20','2017-08-20','ruperto18','Trimestral'), ('2016-11-09','2016-12-09','josue38','Mensual'), ('2015-03-14','2015-06-14','zarino','Trimestral'), ('2015-03-03','2015-06-03','eva61','Trimestral'), ('2020-08-14','2020-11-14','eutropio79','Trimestral'), ('2016-04-11','2016-05-11','juan-manuel83','Mensual'), ('2015-03-27','2015-04-27','juliamaria-angeles','Mensual'), ('2020-04-27','2020-07-27','marinaarroyo','Trimestral'), ('2019-06-14','2019-09-14','ubeltran','Trimestral'), ('2021-12-09','2022-03-09','ucardona','Trimestral'), ('2015-05-23','2015-06-23','loreto49','Mensual'), ('2020-01-20','2020-04-20','mario23','Trimestral'), ('2017-07-09','2017-10-09','placidocuervo','Trimestral'), ('2018-04-19','2018-05-19','eusebio26','Mensual'), ('2020-02-24','2020-05-24','javitudela','Trimestral'), ('2016-02-19','2016-03-19','valentinruano','Mensual'), ('2019-09-11','2019-12-11','lolaabellan','Trimestral'), ('2020-04-28','2020-05-28','bibianamata','Mensual'), ('2021-04-17','2021-07-17','mamencuenca','Trimestral'), ('2016-04-23','2016-07-23','amador77','Trimestral'), ('2020-06-10','2020-07-10','felixsanchez','Mensual'), ('2015-01-06','2015-04-06','german94','Trimestral'), ('2015-12-23','2016-03-23','gamezluisina','Trimestral'), ('2018-10-28','2019-01-28','horacio90','Trimestral'), ('2015-11-10','2016-02-10','jcobos','Trimestral'), ('2016-10-19','2016-11-19','josefinaplana','Mensual'), ('2020-01-31','2020-02-29','lujanhermenegildo','Mensual'), ('2015-05-05','2015-06-05','erodenas','Mensual'), ('2020-03-04','2020-04-04','lperales','Mensual'), ('2015-06-18','2015-09-18','dpedro','Trimestral'), ('2016-09-18','2016-12-18','bmanso','Trimestral'), ('2018-12-10','2019-01-10','florina36','Mensual'), ('2015-02-03','2015-05-03','wvalenciano','Trimestral'), ('2015-04-07','2015-05-07','calixtoquesada','Mensual'), ('2015-01-14','2015-04-14','landadanilo','Trimestral'), ('2016-05-07','2016-08-07','recioevaristo','Trimestral'), ('2017-06-23','2017-09-23','barberofelipa','Trimestral'), ('2019-01-29','2019-02-28','humbertovalle','Mensual'), ('2016-04-11','2016-05-11','colomflora','Mensual'), ('2015-02-06','2015-03-06','jimenezcrescencia','Mensual'), ('2015-04-08','2015-05-08','juanita09','Mensual'), ('2016-12-29','2017-03-29','begona52','Trimestral'), ('2017-02-18','2017-05-18','maria-manuelacuadrado','Trimestral'), ('2015-01-06','2015-04-06','aliciamaldonado','Trimestral'), ('2020-07-23','2020-10-23','otiliaanglada','Trimestral'), ('2015-10-26','2016-01-26','natanaelpombo','Trimestral'), ('2015-11-16','2016-02-16','lasaheliodoro','Trimestral'), ('2015-10-01','2015-11-01','zroura','Mensual'), ('2020-11-27','2020-12-27','ifuentes','Mensual'), ('2021-03-20','2021-04-20','riberapedro','Mensual'), ('2019-04-19','2019-07-19','bvergara','Trimestral'), ('2015-09-20','2015-10-20','chigueras','Mensual'), ('2018-06-12','2018-07-12','lsaez','Mensual'), ('2020-05-28','2020-06-28','franchanacleto','Mensual'), ('2020-07-12','2020-08-12','agudonayara','Mensual'), ('2020-12-29','2021-01-29','wtejada','Mensual'), ('2015-06-04','2015-07-04','xcarrillo','Mensual'), ('2015-11-12','2016-02-12','ksomoza','Trimestral'), ('2018-06-27','2018-07-27','xamigo','Mensual'), ('2021-11-11','2022-02-11','panchonieto','Trimestral'), ('2016-05-12','2016-08-12','bpulido','Trimestral'), ('2015-11-23','2016-02-23','agudojulia','Trimestral'), ('2016-09-28','2016-10-28','rochaleonardo','Mensual'), ('2017-08-29','2017-11-29','dacedo','Trimestral'), ('2018-10-24','2019-01-24','saezpriscila','Trimestral'), ('2019-07-28','2019-10-28','melchor72','Trimestral'), ('2015-06-16','2015-09-16','mzabala','Trimestral'), ('2021-04-03','2021-07-03','amatramiro','Trimestral'), ('2020-01-19','2020-04-19','danilo57','Trimestral'), ('2019-02-27','2019-03-27','etelvina53','Mensual'), ('2020-08-19','2020-09-19','armando31','Mensual'), ('2016-09-17','2016-12-17','aura88','Trimestral'), ('2018-07-31','2018-10-31','samu80','Trimestral'), ('2019-09-17','2019-10-17','victorino31','Mensual'), ('2017-09-06','2017-10-06','maria-carmen57','Mensual'), ('2019-11-20','2019-12-20','eugenio97','Mensual'), ('2015-12-17','2016-01-17','hdominguez','Mensual'), ('2017-03-13','2017-04-13','marciagras','Mensual'), ('2017-05-28','2017-06-28','mascaroadora','Mensual'), ('2018-12-05','2019-03-05','nadiairiarte','Trimestral'), ('2020-04-12','2020-07-12','kflor','Trimestral'), ('2015-02-23','2015-05-23','lucenaeric','Trimestral'), ('2020-11-06','2021-02-06','josefina12','Trimestral'), ('2021-01-21','2021-04-21','kperez','Trimestral'), ('2019-09-26','2019-10-26','wlucas','Mensual'), ('2018-07-20','2018-10-20','guiomar10','Trimestral'), ('2016-02-11','2016-03-11','yguzman','Mensual'), ('2020-11-05','2021-02-05','jalvarado','Trimestral'), ('2019-01-15','2019-04-15','eanguita','Trimestral'), ('2020-10-26','2021-01-26','qpizarro','Trimestral'), ('2017-12-01','2018-03-01','fausto06','Trimestral'), ('2017-12-26','2018-01-26','charosainz','Mensual'), ('2015-11-28','2015-12-28','javiera16','Mensual'), ('2016-12-31','2017-01-31','gordillopastor','Mensual'), ('2016-05-21','2016-06-21','manu55','Mensual'), ('2015-08-24','2015-09-24','icastellanos','Mensual'), ('2020-11-04','2021-02-04','maria-belen39','Trimestral'), ('2018-03-22','2018-06-22','nevadomanuela','Trimestral'), ('2021-05-29','2021-06-29','wisern','Mensual'), ('2016-01-10','2016-04-10','teresasarabia','Trimestral'), ('2018-12-04','2019-03-04','figuerolajimena','Trimestral'), ('2020-12-03','2021-01-03','edgar38','Mensual'), ('2016-06-04','2016-09-04','camposana-sofia','Trimestral'), ('2015-10-24','2015-11-24','aurea59','Mensual'), ('2017-02-20','2017-03-20','federicocobo','Mensual'), ('2021-02-14','2021-05-14','luisedelmira','Trimestral'), ('2021-03-10','2021-06-10','gloriamonreal','Trimestral'), ('2021-06-03','2021-07-03','cportillo','Mensual'), ('2017-02-01','2017-03-01','zamoraemma','Mensual'), ('2017-04-24','2017-05-24','hernando48','Mensual'), ('2019-05-22','2019-08-22','amaya84','Trimestral'), ('2020-04-03','2020-07-03','victorsoto','Trimestral'), ('2020-01-30','2020-02-29','ofiol','Mensual'), ('2018-10-28','2019-01-28','tmuro','Trimestral'), ('2016-05-03','2016-06-03','villaberta','Mensual'), ('2015-05-23','2015-08-23','jose-manuelgracia','Trimestral'), ('2017-01-31','2017-04-30','alejandrallobet','Trimestral'), ('2015-10-12','2016-01-12','manzanareshilda','Trimestral'), ('2019-12-11','2020-01-11','oriana76','Mensual'), ('2021-06-26','2021-09-26','uroman','Trimestral'), ('2016-08-19','2016-09-19','lourdes16','Mensual'), ('2016-09-22','2016-12-22','ucortes','Trimestral'), ('2019-05-27','2019-08-27','uvalcarcel','Trimestral'), ('2015-02-16','2015-05-16','carminaroca','Trimestral'), ('2017-01-20','2017-04-20','zcortes','Trimestral'), ('2018-02-20','2018-03-20','colomwalter','Mensual'), ('2021-10-04','2021-11-04','ymendoza','Mensual'), ('2015-03-29','2015-04-29','cbellido','Mensual'), ('2020-10-16','2020-11-16','jroman','Mensual'), ('2016-05-31','2016-08-31','anastasiocorrea','Trimestral'), ('2016-07-13','2016-08-13','millaarmida','Mensual'), ('2020-04-14','2020-07-14','arreguidemetrio','Trimestral'), ('2015-04-27','2015-05-27','dazaamaro','Mensual'), ('2015-06-24','2015-07-24','menendezclemente','Mensual'), ('2020-03-21','2020-06-21','belenvalentin','Trimestral'), ('2019-12-15','2020-03-15','cocarebeca','Trimestral'), ('2015-06-09','2015-09-09','balduino64','Trimestral'), ('2017-02-11','2017-05-11','julio-cesar43','Trimestral'), ('2018-02-21','2018-03-21','vbenavente','Mensual'), ('2020-07-02','2020-08-02','fcastrillo','Mensual'), ('2021-02-21','2021-03-21','vivianabosch','Mensual'), ('2020-09-21','2020-12-21','escuderotrinidad','Trimestral'), ('2019-08-15','2019-09-15','guerragracia','Mensual'), ('2015-05-11','2015-06-11','chuchoaraujo','Mensual'), ('2020-06-23','2020-07-23','jbaron','Mensual'), ('2016-02-10','2016-05-10','ipallares','Trimestral'), ('2016-11-26','2016-12-26','hcaparros','Mensual'), ('2018-08-23','2018-09-23','kparra','Mensual'), ('2016-03-22','2016-04-22','saritatenorio','Mensual'), ('2019-10-08','2020-01-08','martinezcloe','Trimestral'), ('2021-07-30','2021-08-30','kbalaguer','Mensual'), ('2016-11-03','2016-12-03','elba62','Mensual'), ('2016-06-15','2016-07-15','gracia97','Mensual'), ('2017-03-21','2017-04-21','teobaldogordillo','Mensual'), ('2019-04-02','2019-05-02','laleman','Mensual'), ('2016-10-31','2017-01-31','vascosalamanca','Trimestral'), ('2018-11-28','2018-12-28','leocadiopallares','Mensual'), ('2021-01-13','2021-02-13','ycarvajal','Mensual'), ('2019-11-29','2019-12-29','kgisbert','Mensual'), ('2017-04-20','2017-05-20','umurcia','Mensual'), ('2021-04-25','2021-05-25','maria06','Mensual'), ('2021-12-24','2022-01-24','inigoclemente','Mensual'), ('2015-05-17','2015-06-17','zsolera','Mensual'), ('2016-03-22','2016-06-22','maria-jesus88','Trimestral'), ('2018-02-20','2018-05-20','gomezsebastian','Trimestral'), ('2018-10-02','2018-11-02','eveliapont','Mensual'), ('2015-03-08','2015-04-08','casaselias','Mensual'), ('2016-09-02','2016-10-02','yiniesta','Mensual'), ('2017-02-07','2017-03-07','nilda15','Mensual'), ('2021-12-17','2022-01-17','donosojose-maria','Mensual'), ('2019-08-30','2019-11-30','vendrellascension','Trimestral'), ('2019-05-09','2019-06-09','porteroteodora','Mensual'), ('2015-06-22','2015-07-22','piquerzaira','Mensual'), ('2016-01-09','2016-04-09','victorluis','Trimestral'), ('2018-03-18','2018-04-18','calistaoller','Mensual'), ('2021-09-18','2021-12-18','carranzaplacido','Trimestral'), ('2015-09-22','2015-12-22','roman43','Trimestral'), ('2020-03-14','2020-04-14','wnaranjo','Mensual'), ('2017-02-03','2017-03-03','aaron33','Mensual'), ('2018-06-14','2018-09-14','anguloperla','Trimestral'), ('2021-10-18','2021-11-18','borja76','Mensual'), ('2018-10-09','2018-11-09','palominovictorino','Mensual'), ('2015-03-27','2015-04-27','lupesolano','Mensual'), ('2016-06-17','2016-09-17','rolivera','Trimestral'), ('2021-09-10','2021-10-10','alexandra09','Mensual'), ('2020-12-18','2021-01-18','angelino93','Mensual'), ('2020-02-14','2020-05-14','utormo','Trimestral'), ('2017-08-09','2017-09-09','jeronimo57','Mensual'), ('2016-09-10','2016-10-10','caridadchaparro','Mensual'), ('2017-05-04','2017-06-04','gabinotena','Mensual'), ('2015-09-08','2015-12-08','maria-luisavarela','Trimestral'), ('2019-04-04','2019-07-04','escalonaloida','Trimestral'), ('2015-05-28','2015-06-28','luisajauregui','Mensual'), ('2020-11-27','2020-12-27','hidalgoremedios','Mensual'), ('2019-08-28','2019-11-28','hadan','Trimestral'), ('2016-10-08','2017-01-08','jessicabaquero','Trimestral'), ('2020-08-18','2020-09-18','rolando21','Mensual'), ('2021-01-02','2021-02-02','cruz96','Mensual'), ('2018-06-26','2018-09-26','augustocardona','Trimestral'), ('2020-05-30','2020-06-30','maxima90','Mensual'), ('2016-09-26','2016-12-26','edelmiro65','Trimestral'), ('2020-08-14','2020-09-14','solmo','Mensual'), ('2016-04-19','2016-07-19','sobrinoamparo','Trimestral'), ('2015-10-25','2015-11-25','hernandezhipolito','Mensual'), ('2018-11-09','2019-02-09','teodosio59','Trimestral'), ('2017-07-22','2017-08-22','hermenegildotellez','Mensual'), ('2021-07-19','2021-10-19','ponciodiaz','Trimestral'), ('2018-10-31','2018-11-30','camador','Mensual'), ('2021-07-10','2021-08-10','baudelio45','Mensual'), ('2015-12-15','2016-03-15','saturninapiquer','Trimestral'), ('2015-07-03','2015-10-03','telloale','Trimestral'), ('2015-09-15','2015-12-15','juan-manuel94','Trimestral'), ('2018-11-19','2019-02-19','ugil','Trimestral'), ('2016-12-04','2017-01-04','hilario88','Mensual'), ('2017-05-24','2017-08-24','vibanez','Trimestral'), ('2018-11-30','2019-02-28','herranzfausto','Trimestral'), ('2016-07-17','2016-10-17','anselmairiarte','Trimestral'), ('2021-07-03','2021-08-03','wmorales','Mensual'), ('2017-04-12','2017-07-12','sebastian86','Trimestral'), ('2018-04-09','2018-07-09','castejonnilda','Trimestral'), ('2017-02-15','2017-03-15','genovevaroca','Mensual'), ('2019-02-22','2019-03-22','zcorbacho','Mensual'), ('2015-04-01','2015-07-01','friquelme','Trimestral'), ('2020-04-12','2020-05-12','belen40','Mensual'), ('2018-06-22','2018-07-22','planda','Mensual'), ('2018-07-18','2018-08-18','baronchema','Mensual'), ('2017-09-08','2017-10-08','horaciorios','Mensual'), ('2021-03-13','2021-06-13','ydomenech','Trimestral'), ('2020-07-07','2020-08-07','asdrubal91','Mensual'), ('2021-12-04','2022-01-04','yaizaparedes','Mensual'), ('2019-10-01','2020-01-01','mrio','Trimestral'), ('2015-04-28','2015-07-28','geronimo72','Trimestral'), ('2018-10-18','2019-01-18','mirtaguillen','Trimestral'), ('2020-03-28','2020-06-28','alfonsochita','Trimestral'), ('2015-04-11','2015-05-11','kmuniz','Mensual'), ('2015-08-10','2015-11-10','anselmapareja','Trimestral'), ('2015-04-01','2015-05-01','darioraya','Mensual'), ('2017-01-07','2017-04-07','vinasmarco','Trimestral'), ('2020-12-11','2021-03-11','carolina74','Trimestral'), ('2016-05-17','2016-06-17','atilio70','Mensual'), ('2020-07-14','2020-10-14','wterron','Trimestral');
INSERT INTO R_Contingut_Favorit (idContracte, idContingut) VALUES ('1','49'), ('1','5'), ('1','41'), ('1','44'), ('1','31'), ('1','16'), ('1','39'), ('1','42'), ('1','3'), ('1','34'), ('2','15'), ('2','19'), ('2','48'), ('2','31'), ('2','10'), ('2','7'), ('2','11'), ('2','21'), ('2','42'), ('2','25'), ('3','2'), ('3','34'), ('3','14'), ('3','6'), ('3','25'), ('3','33'), ('3','21'), ('3','46'), ('3','8'), ('3','41'), ('4','34'), ('4','24'), ('4','10'), ('4','49'), ('4','5'), ('4','30'), ('4','40'), ('4','21'), ('4','22'), ('4','12'), ('5','41'), ('5','29'), ('5','2'), ('5','47'), ('5','28'), ('5','10'), ('5','40'), ('5','14'), ('5','7'), ('5','31'), ('6','35'), ('6','10'), ('6','45'), ('6','26'), ('6','12'), ('6','36'), ('6','30'), ('6','13'), ('6','2'), ('6','40'), ('7','35'), ('7','7'), ('7','5'), ('7','28'), ('7','42'), ('7','9'), ('7','1'), ('7','31'), ('7','37'), ('7','26'), ('8','30'), ('8','42'), ('8','12'), ('8','14'), ('8','34'), ('8','29'), ('8','24'), ('8','13'), ('8','8'), ('8','31'), ('9','2'), ('9','40'), ('9','19'), ('9','7'), ('9','47'), ('9','44'), ('9','14'), ('9','13'), ('9','34'), ('9','28'), ('10','37'), ('10','41'), ('10','17'), ('10','24'), ('10','14'), ('10','36'), ('10','1'), ('10','47'), ('10','39'), ('10','8'), ('11','15'), ('11','49'), ('11','12'), ('11','31'), ('11','17'), ('11','29'), ('11','27'), ('11','7'), ('11','25'), ('11','39'), ('12','18'), ('12','41'), ('12','2'), ('12','47'), ('12','17'), ('12','22'), ('12','25'), ('12','49'), ('12','1'), ('12','37'), ('13','44'), ('13','16'), ('13','11'), ('13','1'), ('13','22'), ('13','37'), ('13','41'), ('13','29'), ('13','25'), ('13','26'), ('14','30'), ('14','20'), ('14','32'), ('14','25'), ('14','18'), ('14','8'), ('14','3'), ('14','16'), ('14','26'), ('14','14'), ('15','38'), ('15','17'), ('15','23'), ('15','11'), ('15','33'), ('15','12'), ('15','36'), ('15','49'), ('15','47'), ('15','19'), ('16','42'), ('16','26'), ('16','2'), ('16','8'), ('16','20'), ('16','11'), ('16','12'), ('16','35'), ('16','4'), ('16','10'), ('17','26'), ('17','5'), ('17','38'), ('17','12'), ('17','30'), ('17','42'), ('17','2'), ('17','7'), ('17','29'), ('17','47'), ('18','29'), ('18','46'), ('18','17'), ('18','8'), ('18','11'), ('18','47'), ('18','13'), ('18','43'), ('18','26'), ('18','24'), ('19','6'), ('19','4'), ('19','40'), ('19','32'), ('19','29'), ('19','3'), ('19','19'), ('19','24'), ('19','16'), ('19','47'), ('20','7'), ('20','31'), ('20','13'), ('20','17'), ('20','49'), ('20','27'), ('20','45'), ('20','3'), ('20','46'), ('20','28'), ('21','49'), ('21','30'), ('21','44'), ('21','24'), ('21','9'), ('21','5'), ('21','39'), ('21','26'), ('21','31'), ('21','48'), ('22','47'), ('22','45'), ('22','29'), ('22','46'), ('22','38'), ('22','49'), ('22','22'), ('22','23'), ('22','9'), ('22','34'), ('23','24'), ('23','42'), ('23','3'), ('23','28'), ('23','16'), ('23','5'), ('23','23'), ('23','19'), ('23','46'), ('23','2'), ('24','14'), ('24','47'), ('24','38'), ('24','22'), ('24','4'), ('24','35'), ('24','29'), ('24','3'), ('24','19'), ('24','34'), ('25','15'), ('25','38'), ('25','23'), ('25','13'), ('25','20'), ('25','19'), ('25','10'), ('25','41'), ('25','42'), ('25','12'), ('26','4'), ('26','3'), ('26','39'), ('26','6'), ('26','19'), ('26','26'), ('26','8'), ('26','33'), ('26','29'), ('26','1'), ('27','21'), ('27','16'), ('27','17'), ('27','1'), ('27','22'), ('27','6'), ('27','43'), ('27','23'), ('27','37'), ('27','42'), ('28','37'), ('28','3'), ('28','34'), ('28','36'), ('28','27'), ('28','29'), ('28','19'), ('28','30'), ('28','1'), ('28','41'), ('29','41'), ('29','15'), ('29','8'), ('29','16'), ('29','4'), ('29','14'), ('29','19'), ('29','38'), ('29','39'), ('29','31'), ('30','13'), ('30','44'), ('30','3'), ('30','22'), ('30','40'), ('30','6'), ('30','4'), ('30','1'), ('30','18'), ('30','17'), ('31','8'), ('31','44'), ('31','47'), ('31','48'), ('31','2'), ('31','10'), ('31','22'), ('31','45'), ('31','23'), ('31','29'), ('32','33'), ('32','24'), ('32','17'), ('32','8'), ('32','30'), ('32','26'), ('32','16'), ('32','38'), ('32','2'), ('32','14'), ('33','42'), ('33','11'), ('33','37'), ('33','22'), ('33','19'), ('33','23'), ('33','4'), ('33','49'), ('33','6'), ('33','2'), ('34','44'), ('34','9'), ('34','26'), ('34','32'), ('34','5'), ('34','13'), ('34','47'), ('34','6'), ('34','49'), ('34','25'), ('35','26'), ('35','13'), ('35','28'), ('35','12'), ('35','17'), ('35','1'), ('35','43'), ('35','2'), ('35','7'), ('35','4'), ('36','17'), ('36','46'), ('36','7'), ('36','5'), ('36','43'), ('36','32'), ('36','25'), ('36','35'), ('36','11'), ('36','4'), ('37','9'), ('37','39'), ('37','28'), ('37','41'), ('37','49'), ('37','35'), ('37','26'), ('37','5'), ('37','37'), ('37','11'), ('38','28'), ('38','45'), ('38','49'), ('38','35'), ('38','25'), ('38','22'), ('38','5'), ('38','38'), ('38','37'), ('38','6'), ('39','2'), ('39','26'), ('39','1'), ('39','42'), ('39','19'), ('39','49'), ('39','33'), ('39','22'), ('39','48'), ('39','3'), ('40','8'), ('40','46'), ('40','48'), ('40','22'), ('40','14'), ('40','7'), ('40','42'), ('40','5'), ('40','12'), ('40','1'), ('41','17'), ('41','37'), ('41','8'), ('41','48'), ('41','4'), ('41','43'), ('41','12'), ('41','39'), ('41','49'), ('41','16'), ('42','12'), ('42','49'), ('42','10'), ('42','11'), ('42','37'), ('42','44'), ('42','8'), ('42','7'), ('42','2'), ('42','9'), ('43','13'), ('43','35'), ('43','8'), ('43','22'), ('43','27'), ('43','24'), ('43','46'), ('43','16'), ('43','36'), ('43','2'), ('44','12'), ('44','24'), ('44','25'), ('44','16'), ('44','42'), ('44','22'), ('44','28'), ('44','6'), ('44','38'), ('44','26'), ('45','13'), ('45','34'), ('45','30'), ('45','3'), ('45','44'), ('45','31'), ('45','48'), ('45','32'), ('45','12'), ('45','9'), ('46','9'), ('46','8'), ('46','28'), ('46','18'), ('46','35'), ('46','7'), ('46','39'), ('46','4'), ('46','37'), ('46','26'), ('47','42'), ('47','21'), ('47','39'), ('47','35'), ('47','22'), ('47','40'), ('47','43'), ('47','5'), ('47','20'), ('47','36'), ('48','33'), ('48','37'), ('48','10'), ('48','29'), ('48','26'), ('48','4'), ('48','38'), ('48','36'), ('48','47'), ('48','6'), ('49','15'), ('49','47'), ('49','29'), ('49','46'), ('49','49'), ('49','24'), ('49','20'), ('49','28'), ('49','4'), ('49','38'), ('50','21'), ('50','42'), ('50','23'), ('50','28'), ('50','10'), ('50','12'), ('50','20'), ('50','49'), ('50','18'), ('50','5'), ('51','36'), ('51','8'), ('51','7'), ('51','21'), ('51','3'), ('51','6'), ('51','42'), ('51','30'), ('51','40'), ('51','45'), ('52','43'), ('52','48'), ('52','34'), ('52','28'), ('52','12'), ('52','29'), ('52','25'), ('52','2'), ('52','38'), ('52','37'), ('53','26'), ('53','4'), ('53','31'), ('53','43'), ('53','38'), ('53','18'), ('53','30'), ('53','7'), ('53','39'), ('53','13'), ('54','26'), ('54','27'), ('54','39'), ('54','35'), ('54','40'), ('54','32'), ('54','5'), ('54','24'), ('54','44'), ('54','25'), ('55','6'), ('55','37'), ('55','34'), ('55','3'), ('55','43'), ('55','26'), ('55','41'), ('55','42'), ('55','9'), ('55','17'), ('56','39'), ('56','21'), ('56','13'), ('56','49'), ('56','44'), ('56','26'), ('56','42'), ('56','5'), ('56','22'), ('56','29'), ('57','4'), ('57','29'), ('57','16'), ('57','41'), ('57','6'), ('57','12'), ('57','5'), ('57','8'), ('57','33'), ('57','10'), ('58','20'), ('58','31'), ('58','37'), ('58','1'), ('58','9'), ('58','19'), ('58','26'), ('58','45'), ('58','22'), ('58','40'), ('59','24'), ('59','44'), ('59','26'), ('59','12'), ('59','28'), ('59','32'), ('59','39'), ('59','4'), ('59','15'), ('59','21'), ('60','10'), ('60','24'), ('60','7'), ('60','41'), ('60','16'), ('60','18'), ('60','38'), ('60','19'), ('60','34'), ('60','44'), ('61','39'), ('61','15'), ('61','21'), ('61','46'), ('61','22'), ('61','47'), ('61','37'), ('61','5'), ('61','1'), ('61','42'), ('62','17'), ('62','43'), ('62','28'), ('62','4'), ('62','13'), ('62','42'), ('62','44'), ('62','38'), ('62','3'), ('62','14'), ('63','5'), ('63','14'), ('63','21'), ('63','24'), ('63','43'), ('63','42'), ('63','10'), ('63','20'), ('63','18'), ('63','32'), ('64','47'), ('64','46'), ('64','38'), ('64','10'), ('64','1'), ('64','13'), ('64','28'), ('64','43'), ('64','18'), ('64','4'), ('65','44'), ('65','46'), ('65','40'), ('65','11'), ('65','13'), ('65','35'), ('65','24'), ('65','38'), ('65','43'), ('65','5'), ('66','3'), ('66','35'), ('66','48'), ('66','36'), ('66','42'), ('66','45'), ('66','32'), ('66','15'), ('66','34'), ('66','18'), ('67','41'), ('67','37'), ('67','12'), ('67','28'), ('67','48'), ('67','10'), ('67','13'), ('67','9'), ('67','19'), ('67','42'), ('68','32'), ('68','29'), ('68','43'), ('68','30'), ('68','4'), ('68','34'), ('68','1'), ('68','19'), ('68','10'), ('68','45'), ('69','22'), ('69','16'), ('69','32'), ('69','20'), ('69','29'), ('69','9'), ('69','28'), ('69','38'), ('69','21'), ('69','47'), ('70','31'), ('70','15'), ('70','24'), ('70','49'), ('70','23'), ('70','20'), ('70','19'), ('70','34'), ('70','35'), ('70','38'), ('71','45'), ('71','47'), ('71','41'), ('71','20'), ('71','30'), ('71','33'), ('71','4'), ('71','40'), ('71','7'), ('71','46'), ('72','29'), ('72','35'), ('72','32'), ('72','45'), ('72','42'), ('72','16'), ('72','17'), ('72','38'), ('72','22'), ('72','33'), ('73','25'), ('73','5'), ('73','27'), ('73','13'), ('73','32'), ('73','7'), ('73','39'), ('73','46'), ('73','16'), ('73','48'), ('74','19'), ('74','13'), ('74','42'), ('74','48'), ('74','16'), ('74','41'), ('74','28'), ('74','1'), ('74','49'), ('74','25'), ('75','20'), ('75','30'), ('75','14'), ('75','38'), ('75','6'), ('75','10'), ('75','27'), ('75','36'), ('75','5'), ('75','18'), ('76','31'), ('76','39'), ('76','38'), ('76','41'), ('76','35'), ('76','11'), ('76','16'), ('76','10'), ('76','17'), ('76','23'), ('77','15'), ('77','33'), ('77','6'), ('77','17'), ('77','28'), ('77','2'), ('77','29'), ('77','31'), ('77','24'), ('77','18'), ('78','32'), ('78','11'), ('78','27'), ('78','37'), ('78','35'), ('78','46'), ('78','12'), ('78','40'), ('78','10'), ('78','28'), ('79','43'), ('79','20'), ('79','46'), ('79','19'), ('79','48'), ('79','3'), ('79','7'), ('79','8'), ('79','26'), ('79','12'), ('80','37'), ('80','38'), ('80','10'), ('80','8'), ('80','32'), ('80','26'), ('80','7'), ('80','43'), ('80','9'), ('80','31'), ('81','16'), ('81','41'), ('81','29'), ('81','15'), ('81','31'), ('81','28'), ('81','22'), ('81','24'), ('81','8'), ('81','35'), ('82','46'), ('82','10'), ('82','48'), ('82','19'), ('82','8'), ('82','6'), ('82','22'), ('82','4'), ('82','44'), ('82','9'), ('83','19'), ('83','33'), ('83','37'), ('83','5'), ('83','2'), ('83','30'), ('83','15'), ('83','26'), ('83','13'), ('83','18'), ('84','3'), ('84','1'), ('84','33'), ('84','36'), ('84','24'), ('84','30'), ('84','49'), ('84','14'), ('84','37'), ('84','8'), ('85','38'), ('85','48'), ('85','39'), ('85','3'), ('85','21'), ('85','26'), ('85','4'), ('85','32'), ('85','49'), ('85','35'), ('86','26'), ('86','17'), ('86','13'), ('86','4'), ('86','18'), ('86','39'), ('86','48'), ('86','20'), ('86','9'), ('86','5'), ('87','39'), ('87','18'), ('87','8'), ('87','22'), ('87','16'), ('87','12'), ('87','30'), ('87','3'), ('87','33'), ('87','26'), ('88','45'), ('88','24'), ('88','30'), ('88','35'), ('88','47'), ('88','17'), ('88','22'), ('88','39'), ('88','40'), ('88','21'), ('89','6'), ('89','4'), ('89','36'), ('89','48'), ('89','5'), ('89','21'), ('89','37'), ('89','42'), ('89','17'), ('89','35'), ('90','16'), ('90','20'), ('90','15'), ('90','7'), ('90','30'), ('90','45'), ('90','40'), ('90','41'), ('90','37'), ('90','12'), ('91','13'), ('91','10'), ('91','47'), ('91','30'), ('91','22'), ('91','33'), ('91','8'), ('91','27'), ('91','5'), ('91','46'), ('92','19'), ('92','3'), ('92','40'), ('92','13'), ('92','23'), ('92','12'), ('92','20'), ('92','28'), ('92','44'), ('92','4'), ('93','44'), ('93','24'), ('93','14'), ('93','25'), ('93','23'), ('93','26'), ('93','42'), ('93','10'), ('93','35'), ('93','49'), ('94','44'), ('94','20'), ('94','41'), ('94','18'), ('94','9'), ('94','13'), ('94','1'), ('94','27'), ('94','11'), ('94','17'), ('95','17'), ('95','8'), ('95','14'), ('95','16'), ('95','22'), ('95','7'), ('95','11'), ('95','24'), ('95','19'), ('95','43'), ('96','25'), ('96','41'), ('96','22'), ('96','35'), ('96','23'), ('96','9'), ('96','33'), ('96','6'), ('96','26'), ('96','27'), ('97','21'), ('97','1'), ('97','35'), ('97','15'), ('97','20'), ('97','13'), ('97','44'), ('97','42'), ('97','48'), ('97','6'), ('98','6'), ('98','1'), ('98','17'), ('98','12'), ('98','26'), ('98','36'), ('98','25'), ('98','23'), ('98','38'), ('98','18'), ('99','17'), ('99','36'), ('99','35'), ('99','10'), ('99','14'), ('99','27'), ('99','3'), ('99','9'), ('99','4'), ('99','21'), ('100','18'), ('100','10'), ('100','29'), ('100','20'), ('100','49'), ('100','36'), ('100','13'), ('100','42'), ('100','44'), ('100','34'), ('101','45'), ('101','21'), ('101','23'), ('101','9'), ('101','11'), ('101','32'), ('101','22'), ('101','7'), ('101','35'), ('101','39'), ('102','38'), ('102','43'), ('102','17'), ('102','2'), ('102','15'), ('102','32'), ('102','42'), ('102','45'), ('102','22'), ('102','36'), ('103','32'), ('103','10'), ('103','34'), ('103','29'), ('103','27'), ('103','41'), ('103','22'), ('103','42'), ('103','3'), ('103','15'), ('104','43'), ('104','32'), ('104','41'), ('104','15'), ('104','17'), ('104','28'), ('104','22'), ('104','3'), ('104','10'), ('104','44'), ('105','14'), ('105','26'), ('105','15'), ('105','34'), ('105','21'), ('105','36'), ('105','19'), ('105','13'), ('105','30'), ('105','7'), ('106','20'), ('106','13'), ('106','6'), ('106','45'), ('106','3'), ('106','1'), ('106','27'), ('106','17'), ('106','8'), ('106','41'), ('107','31'), ('107','22'), ('107','37'), ('107','40'), ('107','8'), ('107','18'), ('107','20'), ('107','14'), ('107','44'), ('107','43'), ('108','34'), ('108','43'), ('108','32'), ('108','33'), ('108','37'), ('108','36'), ('108','23'), ('108','8'), ('108','45'), ('108','9'), ('109','41'), ('109','26'), ('109','46'), ('109','10'), ('109','43'), ('109','2'), ('109','5'), ('109','34'), ('109','17'), ('109','25'), ('110','2'), ('110','19'), ('110','24'), ('110','27'), ('110','36'), ('110','31'), ('110','7'), ('110','25'), ('110','43'), ('110','44'), ('111','18'), ('111','47'), ('111','33'), ('111','9'), ('111','14'), ('111','48'), ('111','35'), ('111','13'), ('111','27'), ('111','25'), ('112','43'), ('112','19'), ('112','5'), ('112','26'), ('112','11'), ('112','2'), ('112','34'), ('112','47'), ('112','48'), ('112','36'), ('113','47'), ('113','9'), ('113','26'), ('113','23'), ('113','20'), ('113','24'), ('113','5'), ('113','28'), ('113','32'), ('113','42'), ('114','2'), ('114','37'), ('114','4'), ('114','34'), ('114','8'), ('114','40'), ('114','6'), ('114','11'), ('114','29'), ('114','20'), ('115','32'), ('115','36'), ('115','45'), ('115','42'), ('115','47'), ('115','27'), ('115','28'), ('115','13'), ('115','48'), ('115','4'), ('116','10'), ('116','16'), ('116','33'), ('116','30'), ('116','43'), ('116','20'), ('116','5'), ('116','41'), ('116','6'), ('116','22'), ('117','10'), ('117','42'), ('117','19'), ('117','20'), ('117','11'), ('117','17'), ('117','8'), ('117','9'), ('117','30'), ('117','31'), ('118','11'), ('118','16'), ('118','5'), ('118','36'), ('118','35'), ('118','48'), ('118','38'), ('118','13'), ('118','28'), ('118','8'), ('119','14'), ('119','20'), ('119','34'), ('119','45'), ('119','29'), ('119','30'), ('119','42'), ('119','19'), ('119','28'), ('119','39'), ('120','32'), ('120','41'), ('120','16'), ('120','12'), ('120','14'), ('120','9'), ('120','6'), ('120','31'), ('120','27'), ('120','39'), ('121','24'), ('121','4'), ('121','39'), ('121','12'), ('121','5'), ('121','25'), ('121','18'), ('121','40'), ('121','23'), ('121','32'), ('122','45'), ('122','2'), ('122','28'), ('122','32'), ('122','46'), ('122','34'), ('122','25'), ('122','11'), ('122','44'), ('122','20'), ('123','14'), ('123','30'), ('123','19'), ('123','22'), ('123','45'), ('123','38'), ('123','47'), ('123','29'), ('123','7'), ('123','28'), ('124','8'), ('124','24'), ('124','35'), ('124','10'), ('124','40'), ('124','2'), ('124','4'), ('124','34'), ('124','6'), ('124','15'), ('125','49'), ('125','24'), ('125','35'), ('125','44'), ('125','11'), ('125','31'), ('125','27'), ('125','13'), ('125','34'), ('125','15'), ('126','37'), ('126','43'), ('126','38'), ('126','19'), ('126','20'), ('126','18'), ('126','1'), ('126','14'), ('126','31'), ('126','11'), ('127','3'), ('127','42'), ('127','22'), ('127','20'), ('127','36'), ('127','16'), ('127','23'), ('127','38'), ('127','2'), ('127','46'), ('128','24'), ('128','22'), ('128','13'), ('128','1'), ('128','16'), ('128','18'), ('128','15'), ('128','30'), ('128','41'), ('128','25'), ('129','40'), ('129','30'), ('129','17'), ('129','36'), ('129','28'), ('129','16'), ('129','39'), ('129','31'), ('129','22'), ('129','32'), ('130','47'), ('130','3'), ('130','7'), ('130','23'), ('130','9'), ('130','5'), ('130','30'), ('130','39'), ('130','48'), ('130','33'), ('131','33'), ('131','5'), ('131','29'), ('131','37'), ('131','31'), ('131','28'), ('131','16'), ('131','20'), ('131','40'), ('131','48'), ('132','36'), ('132','26'), ('132','5'), ('132','15'), ('132','11'), ('132','47'), ('132','9'), ('132','8'), ('132','22'), ('132','6'), ('133','35'), ('133','21'), ('133','27'), ('133','45'), ('133','13'), ('133','25'), ('133','15'), ('133','20'), ('133','24'), ('133','12'), ('134','43'), ('134','10'), ('134','1'), ('134','24'), ('134','20'), ('134','12'), ('134','46'), ('134','23'), ('134','5'), ('134','2'), ('135','44'), ('135','9'), ('135','23'), ('135','40'), ('135','34'), ('135','25'), ('135','12'), ('135','37'), ('135','5'), ('135','8'), ('136','6'), ('136','42'), ('136','22'), ('136','36'), ('136','14'), ('136','13'), ('136','9'), ('136','18'), ('136','49'), ('136','37'), ('137','3'), ('137','27'), ('137','39'), ('137','1'), ('137','25'), ('137','32'), ('137','46'), ('137','2'), ('137','4'), ('137','8'), ('138','41'), ('138','22'), ('138','2'), ('138','19'), ('138','26'), ('138','49'), ('138','25'), ('138','8'), ('138','37'), ('138','14'), ('139','10'), ('139','1'), ('139','37'), ('139','18'), ('139','27'), ('139','11'), ('139','24'), ('139','25'), ('139','5'), ('139','21'), ('140','12'), ('140','28'), ('140','23'), ('140','29'), ('140','31'), ('140','35'), ('140','15'), ('140','18'), ('140','22'), ('140','21'), ('141','25'), ('141','14'), ('141','38'), ('141','11'), ('141','13'), ('141','10'), ('141','39'), ('141','20'), ('141','30'), ('141','24'), ('142','41'), ('142','37'), ('142','12'), ('142','2'), ('142','34'), ('142','1'), ('142','48'), ('142','20'), ('142','47'), ('142','21'), ('143','10'), ('143','42'), ('143','44'), ('143','13'), ('143','37'), ('143','4'), ('143','9'), ('143','5'), ('143','48'), ('143','39'), ('144','11'), ('144','2'), ('144','28'), ('144','40'), ('144','34'), ('144','17'), ('144','3'), ('144','24'), ('144','13'), ('144','42'), ('145','36'), ('145','14'), ('145','41'), ('145','10'), ('145','28'), ('145','16'), ('145','9'), ('145','12'), ('145','26'), ('145','44'), ('146','44'), ('146','5'), ('146','25'), ('146','36'), ('146','4'), ('146','45'), ('146','2'), ('146','12'), ('146','14'), ('146','28'), ('147','21'), ('147','7'), ('147','2'), ('147','32'), ('147','31'), ('147','13'), ('147','3'), ('147','40'), ('147','6'), ('147','5'), ('148','28'), ('148','33'), ('148','49'), ('148','3'), ('148','20'), ('148','24'), ('148','9'), ('148','19'), ('148','10'), ('148','15'), ('149','23'), ('149','32'), ('149','19'), ('149','40'), ('149','45'), ('149','14'), ('149','7'), ('149','24'), ('149','21'), ('149','26'), ('150','30'), ('150','18'), ('150','21'), ('150','12'), ('150','45'), ('150','16'), ('150','22'), ('150','29'), ('150','7'), ('150','2'), ('151','22'), ('151','14'), ('151','37'), ('151','13'), ('151','11'), ('151','18'), ('151','39'), ('151','17'), ('151','19'), ('151','21'), ('152','6'), ('152','42'), ('152','29'), ('152','45'), ('152','3'), ('152','20'), ('152','32'), ('152','33'), ('152','9'), ('152','15'), ('153','38'), ('153','44'), ('153','21'), ('153','27'), ('153','25'), ('153','12'), ('153','29'), ('153','14'), ('153','32'), ('153','42'), ('154','7'), ('154','42'), ('154','37'), ('154','24'), ('154','11'), ('154','46'), ('154','20'), ('154','32'), ('154','41'), ('154','22'), ('155','31'), ('155','20'), ('155','18'), ('155','15'), ('155','13'), ('155','44'), ('155','4'), ('155','27'), ('155','35'), ('155','8'), ('156','27'), ('156','7'), ('156','15'), ('156','1'), ('156','39'), ('156','9'), ('156','14'), ('156','3'), ('156','11'), ('156','23'), ('157','8'), ('157','37'), ('157','1'), ('157','41'), ('157','40'), ('157','34'), ('157','36'), ('157','33'), ('157','14'), ('157','22'), ('158','35'), ('158','16'), ('158','25'), ('158','20'), ('158','31'), ('158','3'), ('158','27'), ('158','37'), ('158','29'), ('158','19'), ('159','3'), ('159','20'), ('159','36'), ('159','19'), ('159','22'), ('159','11'), ('159','32'), ('159','7'), ('159','10'), ('159','47'), ('160','13'), ('160','29'), ('160','1'), ('160','11'), ('160','17'), ('160','8'), ('160','23'), ('160','47'), ('160','7'), ('160','2'), ('161','42'), ('161','19'), ('161','37'), ('161','7'), ('161','34'), ('161','32'), ('161','22'), ('161','44'), ('161','39'), ('161','21'), ('162','9'), ('162','39'), ('162','24'), ('162','4'), ('162','29'), ('162','30'), ('162','33'), ('162','20'), ('162','11'), ('162','16'), ('163','16'), ('163','36'), ('163','19'), ('163','24'), ('163','41'), ('163','38'), ('163','17'), ('163','9'), ('163','12'), ('163','5'), ('164','4'), ('164','9'), ('164','39'), ('164','18'), ('164','21'), ('164','46'), ('164','3'), ('164','38'), ('164','31'), ('164','8'), ('165','4'), ('165','7'), ('165','5'), ('165','11'), ('165','33'), ('165','12'), ('165','49'), ('165','30'), ('165','41'), ('165','14'), ('166','9'), ('166','42'), ('166','35'), ('166','44'), ('166','43'), ('166','6'), ('166','46'), ('166','26'), ('166','17'), ('166','48'), ('167','29'), ('167','3'), ('167','28'), ('167','27'), ('167','42'), ('167','45'), ('167','41'), ('167','23'), ('167','6'), ('167','37'), ('168','23'), ('168','15'), ('168','30'), ('168','40'), ('168','5'), ('168','43'), ('168','36'), ('168','37'), ('168','14'), ('168','32'), ('169','2'), ('169','7'), ('169','28'), ('169','48'), ('169','14'), ('169','18'), ('169','19'), ('169','49'), ('169','16'), ('169','4'), ('170','5'), ('170','8'), ('170','18'), ('170','20'), ('170','3'), ('170','24'), ('170','34'), ('170','26'), ('170','25'), ('170','28'), ('171','25'), ('171','28'), ('171','48'), ('171','44'), ('171','4'), ('171','31'), ('171','10'), ('171','47'), ('171','22'), ('171','34'), ('172','33'), ('172','40'), ('172','45'), ('172','32'), ('172','7'), ('172','37'), ('172','48'), ('172','12'), ('172','3'), ('172','47'), ('173','36'), ('173','22'), ('173','42'), ('173','27'), ('173','11'), ('173','39'), ('173','28'), ('173','18'), ('173','7'), ('173','38'), ('174','22'), ('174','3'), ('174','1'), ('174','21'), ('174','42'), ('174','4'), ('174','16'), ('174','44'), ('174','25'), ('174','43'), ('175','30'), ('175','31'), ('175','3'), ('175','25'), ('175','5'), ('175','45'), ('175','41'), ('175','26'), ('175','36'), ('175','13'), ('176','14'), ('176','34'), ('176','41'), ('176','26'), ('176','23'), ('176','33'), ('176','27'), ('176','18'), ('176','3'), ('176','5'), ('177','46'), ('177','37'), ('177','2'), ('177','30'), ('177','14'), ('177','47'), ('177','42'), ('177','40'), ('177','38'), ('177','10'), ('178','38'), ('178','33'), ('178','31'), ('178','10'), ('178','39'), ('178','2'), ('178','44'), ('178','9'), ('178','41'), ('178','35'), ('179','47'), ('179','40'), ('179','25'), ('179','35'), ('179','29'), ('179','45'), ('179','39'), ('179','14'), ('179','17'), ('179','31'), ('180','17'), ('180','28'), ('180','30'), ('180','25'), ('180','1'), ('180','38'), ('180','7'), ('180','26'), ('180','5'), ('180','13'), ('181','31'), ('181','36'), ('181','5'), ('181','29'), ('181','6'), ('181','42'), ('181','2'), ('181','23'), ('181','14'), ('181','18'), ('182','13'), ('182','10'), ('182','37'), ('182','6'), ('182','1'), ('182','2'), ('182','44'), ('182','35'), ('182','42'), ('182','46'), ('183','34'), ('183','1'), ('183','7'), ('183','21'), ('183','40'), ('183','5'), ('183','33'), ('183','42'), ('183','11'), ('183','38'), ('184','5'), ('184','7'), ('184','31'), ('184','48'), ('184','15'), ('184','24'), ('184','35'), ('184','49'), ('184','10'), ('184','3'), ('185','6'), ('185','40'), ('185','47'), ('185','4'), ('185','29'), ('185','26'), ('185','17'), ('185','12'), ('185','23'), ('185','14'), ('186','31'), ('186','38'), ('186','30'), ('186','23'), ('186','17'), ('186','4'), ('186','34'), ('186','9'), ('186','13'), ('186','20'), ('187','20'), ('187','22'), ('187','21'), ('187','36'), ('187','13'), ('187','42'), ('187','24'), ('187','40'), ('187','19'), ('187','27'), ('188','41'), ('188','34'), ('188','39'), ('188','28'), ('188','48'), ('188','25'), ('188','36'), ('188','16'), ('188','24'), ('188','19'), ('189','14'), ('189','2'), ('189','8'), ('189','20'), ('189','22'), ('189','39'), ('189','33'), ('189','37'), ('189','32'), ('189','6'), ('190','34'), ('190','11'), ('190','8'), ('190','43'), ('190','39'), ('190','37'), ('190','41'), ('190','17'), ('190','38'), ('190','18'), ('191','24'), ('191','23'), ('191','20'), ('191','2'), ('191','11'), ('191','10'), ('191','26'), ('191','14'), ('191','42'), ('191','4'), ('192','45'), ('192','41'), ('192','1'), ('192','32'), ('192','30'), ('192','21'), ('192','20'), ('192','46'), ('192','36'), ('192','11'), ('193','5'), ('193','20'), ('193','13'), ('193','37'), ('193','34'), ('193','24'), ('193','29'), ('193','31'), ('193','28'), ('193','43'), ('194','28'), ('194','40'), ('194','39'), ('194','42'), ('194','43'), ('194','18'), ('194','4'), ('194','22'), ('194','48'), ('194','6'), ('195','32'), ('195','10'), ('195','25'), ('195','15'), ('195','27'), ('195','30'), ('195','19'), ('195','49'), ('195','47'), ('195','39'), ('196','4'), ('196','15'), ('196','35'), ('196','34'), ('196','23'), ('196','3'), ('196','24'), ('196','37'), ('196','47'), ('196','12'), ('197','47'), ('197','45'), ('197','20'), ('197','26'), ('197','30'), ('197','48'), ('197','14'), ('197','41'), ('197','40'), ('197','19'), ('198','42'), ('198','29'), ('198','27'), ('198','26'), ('198','38'), ('198','8'), ('198','5'), ('198','24'), ('198','1'), ('198','9'), ('199','6'), ('199','12'), ('199','17'), ('199','28'), ('199','36'), ('199','49'), ('199','47'), ('199','4'), ('199','34'), ('199','18'), ('200','24'), ('200','33'), ('200','20'), ('200','41'), ('200','46'), ('200','22'), ('200','18'), ('200','15'), ('200','29'), ('200','19'), ('201','31'), ('201','44'), ('201','32'), ('201','40'), ('201','15'), ('201','11'), ('201','19'), ('201','48'), ('201','20'), ('201','28'), ('202','16'), ('202','48'), ('202','31'), ('202','35'), ('202','10'), ('202','12'), ('202','37'), ('202','8'), ('202','49'), ('202','14'), ('203','6'), ('203','30'), ('203','22'), ('203','40'), ('203','3'), ('203','19'), ('203','47'), ('203','17'), ('203','20'), ('203','35'), ('204','6'), ('204','12'), ('204','28'), ('204','5'), ('204','39'), ('204','44'), ('204','41'), ('204','43'), ('204','47'), ('204','24'), ('205','12'), ('205','13'), ('205','48'), ('205','19'), ('205','1'), ('205','9'), ('205','5'), ('205','22'), ('205','23'), ('205','11'), ('206','8'), ('206','2'), ('206','11'), ('206','15'), ('206','26'), ('206','20'), ('206','1'), ('206','18'), ('206','29'), ('206','14'), ('207','25'), ('207','16'), ('207','39'), ('207','28'), ('207','26'), ('207','7'), ('207','43'), ('207','27'), ('207','24'), ('207','19'), ('208','9'), ('208','26'), ('208','35'), ('208','48'), ('208','43'), ('208','10'), ('208','18'), ('208','11'), ('208','28'), ('208','30'), ('209','23'), ('209','44'), ('209','43'), ('209','39'), ('209','30'), ('209','21'), ('209','31'), ('209','11'), ('209','35'), ('209','4'), ('210','17'), ('210','44'), ('210','31'), ('210','16'), ('210','10'), ('210','33'), ('210','13'), ('210','29'), ('210','46'), ('210','27'), ('211','43'), ('211','41'), ('211','33'), ('211','30'), ('211','48'), ('211','9'), ('211','15'), ('211','39'), ('211','42'), ('211','49'), ('212','23'), ('212','36'), ('212','14'), ('212','33'), ('212','3'), ('212','7'), ('212','48'), ('212','15'), ('212','6'), ('212','18'), ('213','4'), ('213','10'), ('213','7'), ('213','22'), ('213','2'), ('213','15'), ('213','6'), ('213','39'), ('213','40'), ('213','42'), ('214','49'), ('214','17'), ('214','33'), ('214','5'), ('214','3'), ('214','32'), ('214','25'), ('214','35'), ('214','48'), ('214','38'), ('215','5'), ('215','31'), ('215','8'), ('215','37'), ('215','13'), ('215','46'), ('215','25'), ('215','35'), ('215','2'), ('215','6'), ('216','39'), ('216','30'), ('216','40'), ('216','10'), ('216','38'), ('216','15'), ('216','43'), ('216','5'), ('216','48'), ('216','26'), ('217','18'), ('217','46'), ('217','8'), ('217','16'), ('217','44'), ('217','30'), ('217','19'), ('217','45'), ('217','38'), ('217','36'), ('218','23'), ('218','38'), ('218','7'), ('218','33'), ('218','27'), ('218','39'), ('218','40'), ('218','24'), ('218','3'), ('218','20'), ('219','16'), ('219','4'), ('219','39'), ('219','24'), ('219','6'), ('219','46'), ('219','40'), ('219','10'), ('219','9'), ('219','1'), ('220','36'), ('220','15'), ('220','48'), ('220','14'), ('220','32'), ('220','9'), ('220','1'), ('220','23'), ('220','20'), ('220','49'), ('221','4'), ('221','35'), ('221','33'), ('221','27'), ('221','2'), ('221','42'), ('221','18'), ('221','14'), ('221','22'), ('221','47'), ('222','40'), ('222','14'), ('222','9'), ('222','20'), ('222','5'), ('222','15'), ('222','33'), ('222','17'), ('222','49'), ('222','30'), ('223','12'), ('223','42'), ('223','2'), ('223','3'), ('223','13'), ('223','5'), ('223','41'), ('223','1'), ('223','26'), ('223','48'), ('224','16'), ('224','37'), ('224','5'), ('224','27'), ('224','4'), ('224','48'), ('224','2'), ('224','45'), ('224','46'), ('224','13'), ('225','6'), ('225','34'), ('225','7'), ('225','4'), ('225','40'), ('225','23'), ('225','24'), ('225','1'), ('225','32'), ('225','35'), ('226','43'), ('226','28'), ('226','39'), ('226','44'), ('226','24'), ('226','9'), ('226','17'), ('226','2'), ('226','33'), ('226','6'), ('227','39'), ('227','2'), ('227','22'), ('227','14'), ('227','24'), ('227','47'), ('227','31'), ('227','4'), ('227','18'), ('227','6'), ('228','11'), ('228','15'), ('228','30'), ('228','42'), ('228','44'), ('228','24'), ('228','28'), ('228','6'), ('228','8'), ('228','48'), ('229','29'), ('229','9'), ('229','42'), ('229','23'), ('229','28'), ('229','44'), ('229','18'), ('229','38'), ('229','5'), ('229','43'), ('230','29'), ('230','19'), ('230','18'), ('230','15'), ('230','25'), ('230','21'), ('230','5'), ('230','43'), ('230','39'), ('230','34'), ('231','14'), ('231','5'), ('231','2'), ('231','38'), ('231','46'), ('231','10'), ('231','41'), ('231','16'), ('231','40'), ('231','18'), ('232','14'), ('232','41'), ('232','33'), ('232','19'), ('232','46'), ('232','38'), ('232','47'), ('232','17'), ('232','5'), ('232','4'), ('233','40'), ('233','22'), ('233','30'), ('233','48'), ('233','14'), ('233','38'), ('233','5'), ('233','31'), ('233','20'), ('233','13'), ('234','4'), ('234','41'), ('234','22'), ('234','23'), ('234','28'), ('234','49'), ('234','5'), ('234','13'), ('234','42'), ('234','10'), ('235','20'), ('235','4'), ('235','2'), ('235','49'), ('235','36'), ('235','32'), ('235','30'), ('235','22'), ('235','1'), ('235','9'), ('236','32'), ('236','25'), ('236','45'), ('236','41'), ('236','16'), ('236','48'), ('236','22'), ('236','37'), ('236','36'), ('236','20'), ('237','3'), ('237','8'), ('237','25'), ('237','2'), ('237','43'), ('237','15'), ('237','14'), ('237','20'), ('237','11'), ('237','46'), ('238','2'), ('238','47'), ('238','36'), ('238','41'), ('238','24'), ('238','9'), ('238','49'), ('238','12'), ('238','1'), ('238','6'), ('239','5'), ('239','14'), ('239','41'), ('239','49'), ('239','36'), ('239','16'), ('239','39'), ('239','45'), ('239','30'), ('239','47'), ('240','23'), ('240','17'), ('240','44'), ('240','49'), ('240','11'), ('240','22'), ('240','48'), ('240','5'), ('240','19'), ('240','42'), ('241','35'), ('241','3'), ('241','1'), ('241','42'), ('241','29'), ('241','30'), ('241','43'), ('241','2'), ('241','10'), ('241','48'), ('242','29'), ('242','44'), ('242','37'), ('242','25'), ('242','11'), ('242','17'), ('242','8'), ('242','3'), ('242','32'), ('242','1'), ('243','21'), ('243','8'), ('243','6'), ('243','22'), ('243','40'), ('243','9'), ('243','24'), ('243','48'), ('243','3'), ('243','5'), ('244','24'), ('244','15'), ('244','9'), ('244','25'), ('244','22'), ('244','13'), ('244','49'), ('244','39'), ('244','20'), ('244','35'), ('245','7'), ('245','17'), ('245','20'), ('245','48'), ('245','44'), ('245','43'), ('245','5'), ('245','40'), ('245','14'), ('245','49'), ('246','49'), ('246','36'), ('246','13'), ('246','5'), ('246','22'), ('246','16'), ('246','12'), ('246','23'), ('246','43'), ('246','19'), ('247','46'), ('247','12'), ('247','11'), ('247','18'), ('247','5'), ('247','33'), ('247','10'), ('247','35'), ('247','39'), ('247','47'), ('248','17'), ('248','2'), ('248','32'), ('248','18'), ('248','39'), ('248','47'), ('248','13'), ('248','16'), ('248','37'), ('248','33'), ('249','14'), ('249','9'), ('249','30'), ('249','47'), ('249','21'), ('249','32'), ('249','17'), ('249','18'), ('249','5'), ('249','6'), ('250','1'), ('250','24'), ('250','35'), ('250','29'), ('250','13'), ('250','21'), ('250','2'), ('250','28'), ('250','14'), ('250','22'), ('251','6'), ('251','19'), ('251','37'), ('251','5'), ('251','24'), ('251','11'), ('251','1'), ('251','20'), ('251','17'), ('251','8'), ('252','8'), ('252','44'), ('252','40'), ('252','36'), ('252','5'), ('252','4'), ('252','10'), ('252','6'), ('252','2'), ('252','42'), ('253','40'), ('253','3'), ('253','20'), ('253','5'), ('253','15'), ('253','46'), ('253','16'), ('253','23'), ('253','37'), ('253','18'), ('254','3'), ('254','16'), ('254','37'), ('254','15'), ('254','42'), ('254','19'), ('254','23'), ('254','43'), ('254','36'), ('254','24'), ('255','44'), ('255','25'), ('255','19'), ('255','11'), ('255','22'), ('255','13'), ('255','14'), ('255','21'), ('255','43'), ('255','2'), ('256','4'), ('256','44'), ('256','35'), ('256','1'), ('256','49'), ('256','12'), ('256','31'), ('256','16'), ('256','10'), ('256','17'), ('257','4'), ('257','8'), ('257','10'), ('257','22'), ('257','48'), ('257','16'), ('257','40'), ('257','42'), ('257','12'), ('257','18'), ('258','35'), ('258','21'), ('258','4'), ('258','43'), ('258','49'), ('258','36'), ('258','13'), ('258','47'), ('258','48'), ('258','33'), ('259','41'), ('259','11'), ('259','1'), ('259','37'), ('259','49'), ('259','45'), ('259','39'), ('259','23'), ('259','17'), ('259','6'), ('260','9'), ('260','30'), ('260','32'), ('260','37'), ('260','43'), ('260','38'), ('260','18'), ('260','17'), ('260','25'), ('260','23'), ('261','17'), ('261','3'), ('261','42'), ('261','13'), ('261','34'), ('261','14'), ('261','43'), ('261','19'), ('261','16'), ('261','1'), ('262','38'), ('262','40'), ('262','46'), ('262','12'), ('262','32'), ('262','15'), ('262','5'), ('262','17'), ('262','22'), ('262','16'), ('263','17'), ('263','49'), ('263','33'), ('263','38'), ('263','24'), ('263','23'), ('263','5'), ('263','6'), ('263','4'), ('263','32'), ('264','26'), ('264','28'), ('264','2'), ('264','31'), ('264','21'), ('264','46'), ('264','34'), ('264','10'), ('264','11'), ('264','35'), ('265','8'), ('265','39'), ('265','21'), ('265','47'), ('265','44'), ('265','25'), ('265','10'), ('265','49'), ('265','9'), ('265','20'), ('266','42'), ('266','39'), ('266','35'), ('266','26'), ('266','44'), ('266','19'), ('266','25'), ('266','16'), ('266','14'), ('266','17'), ('267','33'), ('267','15'), ('267','18'), ('267','41'), ('267','38'), ('267','29'), ('267','8'), ('267','19'), ('267','32'), ('267','48'), ('268','36'), ('268','4'), ('268','22'), ('268','49'), ('268','41'), ('268','20'), ('268','15'), ('268','16'), ('268','28'), ('268','26'), ('269','14'), ('269','36'), ('269','48'), ('269','28'), ('269','20'), ('269','24'), ('269','10'), ('269','27'), ('269','45'), ('269','5'), ('270','19'), ('270','33'), ('270','36'), ('270','32'), ('270','48'), ('270','18'), ('270','24'), ('270','29'), ('270','40'), ('270','4'), ('271','3'), ('271','36'), ('271','9'), ('271','43'), ('271','6'), ('271','27'), ('271','48'), ('271','34'), ('271','15'), ('271','22'), ('272','49'), ('272','9'), ('272','35'), ('272','30'), ('272','10'), ('272','48'), ('272','4'), ('272','36'), ('272','31'), ('272','40'), ('273','6'), ('273','25'), ('273','22'), ('273','39'), ('273','35'), ('273','4'), ('273','32'), ('273','3'), ('273','17'), ('273','8'), ('274','25'), ('274','34'), ('274','20'), ('274','15'), ('274','12'), ('274','27'), ('274','21'), ('274','36'), ('274','22'), ('274','13'), ('275','28'), ('275','20'), ('275','6'), ('275','40'), ('275','34'), ('275','19'), ('275','3'), ('275','31'), ('275','8'), ('275','33'), ('276','41'), ('276','14'), ('276','49'), ('276','38'), ('276','24'), ('276','34'), ('276','39'), ('276','5'), ('276','22'), ('276','18'), ('277','20'), ('277','45'), ('277','25'), ('277','8'), ('277','31'), ('277','38'), ('277','3'), ('277','26'), ('277','17'), ('277','28'), ('278','38'), ('278','20'), ('278','3'), ('278','30'), ('278','18'), ('278','46'), ('278','21'), ('278','42'), ('278','16'), ('278','5'), ('279','2'), ('279','31'), ('279','17'), ('279','43'), ('279','45'), ('279','13'), ('279','1'), ('279','4'), ('279','18'), ('279','8'), ('280','21'), ('280','33'), ('280','15'), ('280','24'), ('280','27'), ('280','34'), ('280','35'), ('280','44'), ('280','1'), ('280','41'), ('281','30'), ('281','31'), ('281','4'), ('281','24'), ('281','8'), ('281','47'), ('281','35'), ('281','34'), ('281','33'), ('281','17'), ('282','41'), ('282','42'), ('282','40'), ('282','6'), ('282','31'), ('282','8'), ('282','14'), ('282','49'), ('282','47'), ('282','1'), ('283','30'), ('283','7'), ('283','19'), ('283','42'), ('283','34'), ('283','6'), ('283','45'), ('283','44'), ('283','11'), ('283','27'), ('284','11'), ('284','29'), ('284','44'), ('284','14'), ('284','17'), ('284','45'), ('284','43'), ('284','35'), ('284','19'), ('284','32'), ('285','31'), ('285','10'), ('285','14'), ('285','25'), ('285','32'), ('285','15'), ('285','16'), ('285','47'), ('285','27'), ('285','28'), ('286','6'), ('286','29'), ('286','37'), ('286','14'), ('286','12'), ('286','24'), ('286','45'), ('286','46'), ('286','22'), ('286','4'), ('287','14'), ('287','47'), ('287','19'), ('287','45'), ('287','22'), ('287','36'), ('287','48'), ('287','1'), ('287','18'), ('287','11'), ('288','26'), ('288','36'), ('288','11'), ('288','49'), ('288','33'), ('288','2'), ('288','47'), ('288','29'), ('288','18'), ('288','15'), ('289','46'), ('289','25'), ('289','49'), ('289','37'), ('289','47'), ('289','36'), ('289','31'), ('289','26'), ('289','28'), ('289','5'), ('290','20'), ('290','9'), ('290','18'), ('290','33'), ('290','7'), ('290','15'), ('290','14'), ('290','25'), ('290','22'), ('290','28'), ('291','20'), ('291','3'), ('291','45'), ('291','11'), ('291','9'), ('291','17'), ('291','27'), ('291','25'), ('291','24'), ('291','44'), ('292','17'), ('292','32'), ('292','24'), ('292','47'), ('292','2'), ('292','20'), ('292','40'), ('292','9'), ('292','11'), ('292','13'), ('293','38'), ('293','37'), ('293','20'), ('293','5'), ('293','6'), ('293','43'), ('293','12'), ('293','15'), ('293','3'), ('293','23'), ('294','34'), ('294','4'), ('294','42'), ('294','38'), ('294','2'), ('294','17'), ('294','29'), ('294','22'), ('294','41'), ('294','46'), ('295','39'), ('295','31'), ('295','23'), ('295','48'), ('295','33'), ('295','45'), ('295','36'), ('295','6'), ('295','41'), ('295','29'), ('296','46'), ('296','35'), ('296','36'), ('296','49'), ('296','17'), ('296','4'), ('296','33'), ('296','37'), ('296','30'), ('296','40'), ('297','44'), ('297','32'), ('297','3'), ('297','21'), ('297','49'), ('297','36'), ('297','7'), ('297','6'), ('297','2'), ('297','24'), ('298','44'), ('298','29'), ('298','37'), ('298','20'), ('298','24'), ('298','48'), ('298','13'), ('298','21'), ('298','30'), ('298','17');
INSERT INTO R_Categoria_Favorita (idContracte, nomCategoria) VALUES ('1','Adulto'), ('1','Comedia'), ('1','Aventuras'), ('1','Suspense'), ('1','Horror'), ('2','Suspense'), ('2','Documental'), ('2','Comedia'), ('2','Romance'), ('2','Ciencia ficción'), ('3','Animación'), ('3','Suspense'), ('3','Romance'), ('3','Sátira'), ('3','Comedia'), ('4','Actualidad'), ('4','Animación'), ('4','Música'), ('4','Familiar'), ('4','Biografía'), ('5','Acción'), ('5','Actualidad'), ('5','Crimen'), ('5','Comedia'), ('5','Misterio'), ('6','Documental'), ('6','Estilo de vida'), ('6','Anime'), ('6','Historia'), ('6','Biografía'), ('7','Juvenil'), ('7','Documental'), ('7','Musical'), ('7','Programa de entrevistas'), ('7','Sátira'), ('8','Música'), ('8','Musical'), ('8','Fantasía'), ('8','Familiar'), ('8','Programa de entrevistas'), ('9','Historia'), ('9','Romance'), ('9','Infantil'), ('9','Sátira'), ('9','Adulto'), ('10','Infantil'), ('10','Misterio'), ('10','Romance'), ('10','Drama'), ('10','Deporte'), ('11','Corto'), ('11','Estilo de vida'), ('11','Infantil'), ('11','Crimen'), ('11','Musical'), ('12','Misterio'), ('12','Actualidad'), ('12','Concurso'), ('12','Crimen'), ('12','Horror'), ('13','Estilo de vida'), ('13','Guerra'), ('13','Binge'), ('13','Infantil'), ('13','Programa de entrevistas'), ('14','Estilo de vida'), ('14','Ciencia ficción'), ('14','Comedia'), ('14','Corto'), ('14','Animación'), ('15','Programa de entrevistas'), ('15','Documental'), ('15','Deporte'), ('15','Fantasía'), ('15','Horror'), ('16','Guerra'), ('16','Actualidad'), ('16','Ciencia ficción'), ('16','Sátira'), ('16','Música'), ('17','Acción'), ('17','Misterio'), ('17','Estilo de vida'), ('17','Infantil'), ('17','Documental'), ('18','Sátira'), ('18','Infantil'), ('18','Horror'), ('18','Ciencia ficción'), ('18','Fantasía'), ('19','Estilo de vida'), ('19','Animación'), ('19','Adulto'), ('19','Musical'), ('19','Documental'), ('20','Ficción'), ('20','Biografía'), ('20','Drama'), ('20','Historia'), ('20','Horror'), ('21','Estilo de vida'), ('21','Acción'), ('21','Guerra'), ('21','Horror'), ('21','Sátira'), ('22','Deporte'), ('22','Adulto'), ('22','Animación'), ('22','Estilo de vida'), ('22','Aventuras'), ('23','Anime'), ('23','Estilo de vida'), ('23','Romance'), ('23','Biografía'), ('23','Ciencia ficción'), ('24','Crimen'), ('24','Adulto'), ('24','Misterio'), ('24','Infantil'), ('24','Comedia'), ('25','Romance'), ('25','Suspense'), ('25','Comedia'), ('25','Binge'), ('25','Programa de entrevistas'), ('26','Acción'), ('26','Reality Show'), ('26','Concurso'), ('26','Música'), ('26','Guerra'), ('27','Infantil'), ('27','Estilo de vida'), ('27','Música'), ('27','Sátira'), ('27','Historia'), ('28','Misterio'), ('28','Binge'), ('28','Deporte'), ('28','Romance'), ('28','Actualidad'), ('29','Adulto'), ('29','Reality Show'), ('29','Romance'), ('29','Concurso'), ('29','Estilo de vida'), ('30','Acción'), ('30','Romance'), ('30','Estilo de vida'), ('30','Infantil'), ('30','Concurso'), ('31','Música'), ('31','Documental'), ('31','Biografía'), ('31','Reality Show'), ('31','Aventuras'), ('32','Musical'), ('32','Ficción'), ('32','Aventuras'), ('32','Adulto'), ('32','Infantil'), ('33','Corto'), ('33','Misterio'), ('33','Juvenil'), ('33','Adulto'), ('33','Sátira'), ('34','Romance'), ('34','Suspense'), ('34','Animación'), ('34','Binge'), ('34','Drama'), ('35','Animación'), ('35','Corto'), ('35','Comedia'), ('35','Acción'), ('35','Binge'), ('36','Aventuras'), ('36','Estilo de vida'), ('36','Deporte'), ('36','Ciencia ficción'), ('36','Ficción'), ('37','Adulto'), ('37','Romance'), ('37','Aventuras'), ('37','Actualidad'), ('37','Horror'), ('38','Acción'), ('38','Estilo de vida'), ('38','Horror'), ('38','Misterio'), ('38','Corto'), ('39','Sátira'), ('39','Historia'), ('39','Animación'), ('39','Actualidad'), ('39','Deporte'), ('40','Adulto'), ('40','Guerra'), ('40','Romance'), ('40','Concurso'), ('40','Juvenil'), ('41','Comedia'), ('41','Adulto'), ('41','Guerra'), ('41','Biografía'), ('41','Infantil'), ('42','Corto'), ('42','Historia'), ('42','Binge'), ('42','Adulto'), ('42','Guerra'), ('43','Fantasía'), ('43','Musical'), ('43','Documental'), ('43','Familiar'), ('43','Infantil'), ('44','Comedia'), ('44','Biografía'), ('44','Romance'), ('44','Reality Show'), ('44','Binge'), ('45','Acción'), ('45','Documental'), ('45','Sátira'), ('45','Musical'), ('45','Historia'), ('46','Musical'), ('46','Drama'), ('46','Adulto'), ('46','Música'), ('46','Binge'), ('47','Romance'), ('47','Musical'), ('47','Estilo de vida'), ('47','Horror'), ('47','Música'), ('48','Binge'), ('48','Programa de entrevistas'), ('48','Documental'), ('48','Comedia'), ('48','Guerra'), ('49','Guerra'), ('49','Música'), ('49','Biografía'), ('49','Suspense'), ('49','Documental'), ('50','Comedia'), ('50','Crimen'), ('50','Misterio'), ('50','Musical'), ('50','Juvenil'), ('51','Estilo de vida'), ('51','Ciencia ficción'), ('51','Programa de entrevistas'), ('51','Concurso'), ('51','Deporte'), ('52','Actualidad'), ('52','Horror'), ('52','Comedia'), ('52','Binge'), ('52','Ficción'), ('53','Fantasía'), ('53','Drama'), ('53','Acción'), ('53','Romance'), ('53','Ciencia ficción'), ('54','Estilo de vida'), ('54','Programa de entrevistas'), ('54','Musical'), ('54','Acción'), ('54','Documental'), ('55','Adulto'), ('55','Ficción'), ('55','Infantil'), ('55','Comedia'), ('55','Juvenil'), ('56','Acción'), ('56','Anime'), ('56','Deporte'), ('56','Música'), ('56','Fantasía'), ('57','Reality Show'), ('57','Horror'), ('57','Musical'), ('57','Suspense'), ('57','Misterio'), ('58','Música'), ('58','Historia'), ('58','Crimen'), ('58','Musical'), ('58','Horror'), ('59','Horror'), ('59','Juvenil'), ('59','Familiar'), ('59','Ficción'), ('59','Anime'), ('60','Documental'), ('60','Fantasía'), ('60','Anime'), ('60','Concurso'), ('60','Actualidad'), ('61','Ficción'), ('61','Infantil'), ('61','Estilo de vida'), ('61','Misterio'), ('61','Familiar'), ('62','Acción'), ('62','Sátira'), ('62','Historia'), ('62','Binge'), ('62','Infantil'), ('63','Deporte'), ('63','Animación'), ('63','Musical'), ('63','Juvenil'), ('63','Familiar'), ('64','Música'), ('64','Crimen'), ('64','Adulto'), ('64','Actualidad'), ('64','Horror'), ('65','Fantasía'), ('65','Reality Show'), ('65','Actualidad'), ('65','Misterio'), ('65','Historia'), ('66','Ciencia ficción'), ('66','Actualidad'), ('66','Biografía'), ('66','Misterio'), ('66','Anime'), ('67','Misterio'), ('67','Musical'), ('67','Guerra'), ('67','Ciencia ficción'), ('67','Anime'), ('68','Ciencia ficción'), ('68','Juvenil'), ('68','Drama'), ('68','Horror'), ('68','Musical'), ('69','Crimen'), ('69','Sátira'), ('69','Concurso'), ('69','Infantil'), ('69','Aventuras'), ('70','Musical'), ('70','Crimen'), ('70','Animación'), ('70','Adulto'), ('70','Estilo de vida'), ('71','Aventuras'), ('71','Binge'), ('71','Drama'), ('71','Historia'), ('71','Estilo de vida'), ('72','Historia'), ('72','Binge'), ('72','Guerra'), ('72','Reality Show'), ('72','Actualidad'), ('73','Familiar'), ('73','Ciencia ficción'), ('73','Suspense'), ('73','Guerra'), ('73','Deporte'), ('74','Comedia'), ('74','Horror'), ('74','Ficción'), ('74','Guerra'), ('74','Suspense'), ('75','Binge'), ('75','Comedia'), ('75','Crimen'), ('75','Drama'), ('75','Familiar'), ('76','Biografía'), ('76','Historia'), ('76','Música'), ('76','Crimen'), ('76','Juvenil'), ('77','Corto'), ('77','Reality Show'), ('77','Estilo de vida'), ('77','Aventuras'), ('77','Guerra'), ('78','Reality Show'), ('78','Deporte'), ('78','Drama'), ('78','Biografía'), ('78','Comedia'), ('79','Crimen'), ('79','Concurso'), ('79','Infantil'), ('79','Deporte'), ('79','Misterio'), ('80','Corto'), ('80','Ficción'), ('80','Reality Show'), ('80','Comedia'), ('80','Programa de entrevistas'), ('81','Misterio'), ('81','Reality Show'), ('81','Comedia'), ('81','Musical'), ('81','Romance'), ('82','Corto'), ('82','Suspense'), ('82','Programa de entrevistas'), ('82','Guerra'), ('82','Comedia'), ('83','Sátira'), ('83','Concurso'), ('83','Animación'), ('83','Acción'), ('83','Juvenil'), ('84','Musical'), ('84','Familiar'), ('84','Animación'), ('84','Concurso'), ('84','Crimen'), ('85','Horror'), ('85','Drama'), ('85','Aventuras'), ('85','Comedia'), ('85','Adulto'), ('86','Historia'), ('86','Binge'), ('86','Estilo de vida'), ('86','Concurso'), ('86','Musical'), ('87','Crimen'), ('87','Misterio'), ('87','Concurso'), ('87','Aventuras'), ('87','Corto'), ('88','Biografía'), ('88','Juvenil'), ('88','Programa de entrevistas'), ('88','Reality Show'), ('88','Sátira'), ('89','Reality Show'), ('89','Familiar'), ('89','Concurso'), ('89','Sátira'), ('89','Ciencia ficción'), ('90','Crimen'), ('90','Drama'), ('90','Estilo de vida'), ('90','Programa de entrevistas'), ('90','Sátira'), ('91','Fantasía'), ('91','Horror'), ('91','Ficción'), ('91','Misterio'), ('91','Drama'), ('92','Binge'), ('92','Música'), ('92','Reality Show'), ('92','Biografía'), ('92','Ciencia ficción'), ('93','Familiar'), ('93','Historia'), ('93','Binge'), ('93','Juvenil'), ('93','Documental'), ('94','Romance'), ('94','Actualidad'), ('94','Animación'), ('94','Crimen'), ('94','Ficción'), ('95','Anime'), ('95','Actualidad'), ('95','Familiar'), ('95','Biografía'), ('95','Suspense'), ('96','Crimen'), ('96','Sátira'), ('96','Juvenil'), ('96','Familiar'), ('96','Documental'), ('97','Sátira'), ('97','Anime'), ('97','Aventuras'), ('97','Biografía'), ('97','Documental'), ('98','Documental'), ('98','Actualidad'), ('98','Música'), ('98','Juvenil'), ('98','Adulto'), ('99','Drama'), ('99','Fantasía'), ('99','Romance'), ('99','Reality Show'), ('99','Concurso'), ('100','Binge'), ('100','Programa de entrevistas'), ('100','Infantil'), ('100','Ficción'), ('100','Comedia'), ('101','Musical'), ('101','Deporte'), ('101','Animación'), ('101','Concurso'), ('101','Acción'), ('102','Sátira'), ('102','Animación'), ('102','Historia'), ('102','Horror'), ('102','Suspense'), ('103','Ficción'), ('103','Drama'), ('103','Musical'), ('103','Familiar'), ('103','Infantil'), ('104','Música'), ('104','Misterio'), ('104','Fantasía'), ('104','Infantil'), ('104','Juvenil'), ('105','Documental'), ('105','Misterio'), ('105','Infantil'), ('105','Reality Show'), ('105','Historia'), ('106','Crimen'), ('106','Sátira'), ('106','Historia'), ('106','Infantil'), ('106','Acción'), ('107','Suspense'), ('107','Ciencia ficción'), ('107','Anime'), ('107','Romance'), ('107','Reality Show'), ('108','Documental'), ('108','Programa de entrevistas'), ('108','Historia'), ('108','Fantasía'), ('108','Romance'), ('109','Reality Show'), ('109','Drama'), ('109','Crimen'), ('109','Suspense'), ('109','Infantil'), ('110','Guerra'), ('110','Biografía'), ('110','Fantasía'), ('110','Musical'), ('110','Familiar'), ('111','Estilo de vida'), ('111','Música'), ('111','Anime'), ('111','Biografía'), ('111','Romance'), ('112','Programa de entrevistas'), ('112','Infantil'), ('112','Sátira'), ('112','Ficción'), ('112','Animación'), ('113','Estilo de vida'), ('113','Acción'), ('113','Animación'), ('113','Ciencia ficción'), ('113','Binge'), ('114','Acción'), ('114','Infantil'), ('114','Suspense'), ('114','Programa de entrevistas'), ('114','Anime'), ('115','Estilo de vida'), ('115','Crimen'), ('115','Biografía'), ('115','Reality Show'), ('115','Ficción'), ('116','Infantil'), ('116','Estilo de vida'), ('116','Misterio'), ('116','Concurso'), ('116','Reality Show'), ('117','Fantasía'), ('117','Guerra'), ('117','Animación'), ('117','Programa de entrevistas'), ('117','Aventuras'), ('118','Familiar'), ('118','Adulto'), ('118','Drama'), ('118','Juvenil'), ('118','Romance'), ('119','Binge'), ('119','Aventuras'), ('119','Historia'), ('119','Romance'), ('119','Deporte'), ('120','Historia'), ('120','Sátira'), ('120','Deporte'), ('120','Binge'), ('120','Reality Show'), ('121','Animación'), ('121','Anime'), ('121','Romance'), ('121','Ciencia ficción'), ('121','Corto'), ('122','Actualidad'), ('122','Corto'), ('122','Ciencia ficción'), ('122','Misterio'), ('122','Ficción'), ('123','Comedia'), ('123','Binge'), ('123','Drama'), ('123','Concurso'), ('123','Historia'), ('124','Juvenil'), ('124','Anime'), ('124','Horror'), ('124','Ficción'), ('124','Reality Show'), ('125','Reality Show'), ('125','Documental'), ('125','Horror'), ('125','Biografía'), ('125','Sátira'), ('126','Ciencia ficción'), ('126','Familiar'), ('126','Estilo de vida'), ('126','Concurso'), ('126','Romance'), ('127','Suspense'), ('127','Juvenil'), ('127','Estilo de vida'), ('127','Documental'), ('127','Infantil'), ('128','Misterio'), ('128','Familiar'), ('128','Horror'), ('128','Reality Show'), ('128','Ciencia ficción'), ('129','Ciencia ficción'), ('129','Infantil'), ('129','Comedia'), ('129','Animación'), ('129','Sátira'), ('130','Drama'), ('130','Actualidad'), ('130','Estilo de vida'), ('130','Animación'), ('130','Guerra'), ('131','Concurso'), ('131','Deporte'), ('131','Reality Show'), ('131','Familiar'), ('131','Comedia'), ('132','Biografía'), ('132','Estilo de vida'), ('132','Deporte'), ('132','Sátira'), ('132','Horror'), ('133','Programa de entrevistas'), ('133','Documental'), ('133','Suspense'), ('133','Corto'), ('133','Concurso'), ('134','Guerra'), ('134','Documental'), ('134','Ficción'), ('134','Infantil'), ('134','Corto'), ('135','Acción'), ('135','Anime'), ('135','Aventuras'), ('135','Infantil'), ('135','Fantasía'), ('136','Guerra'), ('136','Historia'), ('136','Música'), ('136','Adulto'), ('136','Concurso'), ('137','Animación'), ('137','Anime'), ('137','Fantasía'), ('137','Biografía'), ('137','Guerra'), ('138','Actualidad'), ('138','Música'), ('138','Guerra'), ('138','Programa de entrevistas'), ('138','Misterio'), ('139','Juvenil'), ('139','Música'), ('139','Biografía'), ('139','Drama'), ('139','Programa de entrevistas'), ('140','Reality Show'), ('140','Música'), ('140','Familiar'), ('140','Actualidad'), ('140','Infantil'), ('141','Documental'), ('141','Misterio'), ('141','Historia'), ('141','Sátira'), ('141','Comedia'), ('142','Comedia'), ('142','Sátira'), ('142','Juvenil'), ('142','Infantil'), ('142','Acción'), ('143','Deporte'), ('143','Documental'), ('143','Fantasía'), ('143','Reality Show'), ('143','Adulto'), ('144','Reality Show'), ('144','Drama'), ('144','Documental'), ('144','Horror'), ('144','Suspense'), ('145','Programa de entrevistas'), ('145','Animación'), ('145','Acción'), ('145','Historia'), ('145','Música'), ('146','Concurso'), ('146','Reality Show'), ('146','Programa de entrevistas'), ('146','Adulto'), ('146','Historia'), ('147','Familiar'), ('147','Actualidad'), ('147','Romance'), ('147','Adulto'), ('147','Anime'), ('148','Sátira'), ('148','Infantil'), ('148','Familiar'), ('148','Biografía'), ('148','Historia'), ('149','Infantil'), ('149','Musical'), ('149','Reality Show'), ('149','Aventuras'), ('149','Horror'), ('150','Concurso'), ('150','Suspense'), ('150','Adulto'), ('150','Documental'), ('150','Crimen'), ('151','Drama'), ('151','Música'), ('151','Juvenil'), ('151','Familiar'), ('151','Animación'), ('152','Anime'), ('152','Adulto'), ('152','Actualidad'), ('152','Infantil'), ('152','Ciencia ficción'), ('153','Fantasía'), ('153','Crimen'), ('153','Horror'), ('153','Drama'), ('153','Biografía'), ('154','Ficción'), ('154','Misterio'), ('154','Comedia'), ('154','Drama'), ('154','Música'), ('155','Música'), ('155','Infantil'), ('155','Historia'), ('155','Drama'), ('155','Ciencia ficción'), ('156','Binge'), ('156','Música'), ('156','Fantasía'), ('156','Suspense'), ('156','Reality Show'), ('157','Música'), ('157','Guerra'), ('157','Romance'), ('157','Adulto'), ('157','Anime'), ('158','Ficción'), ('158','Deporte'), ('158','Concurso'), ('158','Animación'), ('158','Documental'), ('159','Ficción'), ('159','Juvenil'), ('159','Misterio'), ('159','Anime'), ('159','Horror'), ('160','Actualidad'), ('160','Juvenil'), ('160','Biografía'), ('160','Concurso'), ('160','Historia'), ('161','Historia'), ('161','Aventuras'), ('161','Reality Show'), ('161','Binge'), ('161','Concurso'), ('162','Programa de entrevistas'), ('162','Fantasía'), ('162','Corto'), ('162','Romance'), ('162','Documental'), ('163','Música'), ('163','Acción'), ('163','Horror'), ('163','Juvenil'), ('163','Actualidad'), ('164','Musical'), ('164','Acción'), ('164','Infantil'), ('164','Reality Show'), ('164','Historia'), ('165','Acción'), ('165','Guerra'), ('165','Sátira'), ('165','Infantil'), ('165','Estilo de vida'), ('166','Familiar'), ('166','Anime'), ('166','Biografía'), ('166','Musical'), ('166','Binge'), ('167','Aventuras'), ('167','Reality Show'), ('167','Familiar'), ('167','Ficción'), ('167','Corto'), ('168','Suspense'), ('168','Animación'), ('168','Juvenil'), ('168','Drama'), ('168','Binge'), ('169','Deporte'), ('169','Drama'), ('169','Aventuras'), ('169','Actualidad'), ('169','Suspense'), ('170','Misterio'), ('170','Horror'), ('170','Fantasía'), ('170','Ciencia ficción'), ('170','Biografía'), ('171','Drama'), ('171','Estilo de vida'), ('171','Biografía'), ('171','Música'), ('171','Reality Show'), ('172','Drama'), ('172','Música'), ('172','Animación'), ('172','Aventuras'), ('172','Familiar'), ('173','Reality Show'), ('173','Biografía'), ('173','Programa de entrevistas'), ('173','Ciencia ficción'), ('173','Documental'), ('174','Comedia'), ('174','Historia'), ('174','Ficción'), ('174','Biografía'), ('174','Musical'), ('175','Animación'), ('175','Sátira'), ('175','Familiar'), ('175','Juvenil'), ('175','Programa de entrevistas'), ('176','Acción'), ('176','Infantil'), ('176','Romance'), ('176','Horror'), ('176','Documental'), ('177','Música'), ('177','Actualidad'), ('177','Aventuras'), ('177','Anime'), ('177','Musical'), ('178','Música'), ('178','Animación'), ('178','Corto'), ('178','Anime'), ('178','Drama'), ('179','Crimen'), ('179','Música'), ('179','Guerra'), ('179','Aventuras'), ('179','Misterio'), ('180','Aventuras'), ('180','Ficción'), ('180','Infantil'), ('180','Fantasía'), ('180','Familiar'), ('181','Guerra'), ('181','Deporte'), ('181','Fantasía'), ('181','Musical'), ('181','Programa de entrevistas'), ('182','Estilo de vida'), ('182','Sátira'), ('182','Adulto'), ('182','Fantasía'), ('182','Romance'), ('183','Ficción'), ('183','Historia'), ('183','Suspense'), ('183','Música'), ('183','Misterio'), ('184','Sátira'), ('184','Biografía'), ('184','Infantil'), ('184','Documental'), ('184','Misterio'), ('185','Ficción'), ('185','Animación'), ('185','Sátira'), ('185','Fantasía'), ('185','Estilo de vida'), ('186','Suspense'), ('186','Guerra'), ('186','Ciencia ficción'), ('186','Musical'), ('186','Reality Show'), ('187','Horror'), ('187','Infantil'), ('187','Binge'), ('187','Reality Show'), ('187','Fantasía'), ('188','Animación'), ('188','Misterio'), ('188','Juvenil'), ('188','Guerra'), ('188','Suspense'), ('189','Actualidad'), ('189','Suspense'), ('189','Concurso'), ('189','Adulto'), ('189','Programa de entrevistas'), ('190','Biografía'), ('190','Ciencia ficción'), ('190','Actualidad'), ('190','Misterio'), ('190','Acción'), ('191','Binge'), ('191','Corto'), ('191','Actualidad'), ('191','Juvenil'), ('191','Biografía'), ('192','Guerra'), ('192','Sátira'), ('192','Actualidad'), ('192','Comedia'), ('192','Animación'), ('193','Guerra'), ('193','Actualidad'), ('193','Comedia'), ('193','Anime'), ('193','Binge'), ('194','Animación'), ('194','Biografía'), ('194','Infantil'), ('194','Comedia'), ('194','Concurso'), ('195','Horror'), ('195','Acción'), ('195','Estilo de vida'), ('195','Familiar'), ('195','Guerra'), ('196','Deporte'), ('196','Juvenil'), ('196','Drama'), ('196','Animación'), ('196','Adulto'), ('197','Binge'), ('197','Romance'), ('197','Juvenil'), ('197','Guerra'), ('197','Concurso'), ('198','Música'), ('198','Biografía'), ('198','Concurso'), ('198','Animación'), ('198','Deporte'), ('199','Romance'), ('199','Crimen'), ('199','Comedia'), ('199','Deporte'), ('199','Drama'), ('200','Animación'), ('200','Binge'), ('200','Guerra'), ('200','Familiar'), ('200','Acción'), ('201','Actualidad'), ('201','Documental'), ('201','Crimen'), ('201','Biografía'), ('201','Suspense'), ('202','Ficción'), ('202','Corto'), ('202','Documental'), ('202','Anime'), ('202','Deporte'), ('203','Adulto'), ('203','Juvenil'), ('203','Drama'), ('203','Sátira'), ('203','Música'), ('204','Familiar'), ('204','Deporte'), ('204','Biografía'), ('204','Guerra'), ('204','Sátira'), ('205','Crimen'), ('205','Sátira'), ('205','Actualidad'), ('205','Estilo de vida'), ('205','Biografía'), ('206','Familiar'), ('206','Comedia'), ('206','Sátira'), ('206','Suspense'), ('206','Misterio'), ('207','Crimen'), ('207','Infantil'), ('207','Horror'), ('207','Estilo de vida'), ('207','Anime'), ('208','Juvenil'), ('208','Sátira'), ('208','Programa de entrevistas'), ('208','Musical'), ('208','Animación'), ('209','Programa de entrevistas'), ('209','Sátira'), ('209','Drama'), ('209','Musical'), ('209','Reality Show'), ('210','Infantil'), ('210','Adulto'), ('210','Drama'), ('210','Fantasía'), ('210','Juvenil'), ('211','Reality Show'), ('211','Acción'), ('211','Fantasía'), ('211','Romance'), ('211','Biografía'), ('212','Biografía'), ('212','Misterio'), ('212','Suspense'), ('212','Ciencia ficción'), ('212','Horror'), ('213','Concurso'), ('213','Acción'), ('213','Historia'), ('213','Juvenil'), ('213','Horror'), ('214','Deporte'), ('214','Anime'), ('214','Juvenil'), ('214','Suspense'), ('214','Crimen'), ('215','Comedia'), ('215','Juvenil'), ('215','Corto'), ('215','Crimen'), ('215','Actualidad'), ('216','Musical'), ('216','Documental'), ('216','Juvenil'), ('216','Corto'), ('216','Ciencia ficción'), ('217','Ciencia ficción'), ('217','Corto'), ('217','Música'), ('217','Programa de entrevistas'), ('217','Sátira'), ('218','Juvenil'), ('218','Actualidad'), ('218','Misterio'), ('218','Programa de entrevistas'), ('218','Comedia'), ('219','Familiar'), ('219','Juvenil'), ('219','Horror'), ('219','Ficción'), ('219','Corto'), ('220','Crimen'), ('220','Aventuras'), ('220','Romance'), ('220','Musical'), ('220','Sátira'), ('221','Biografía'), ('221','Ciencia ficción'), ('221','Juvenil'), ('221','Guerra'), ('221','Sátira'), ('222','Aventuras'), ('222','Familiar'), ('222','Anime'), ('222','Horror'), ('222','Juvenil'), ('223','Adulto'), ('223','Aventuras'), ('223','Musical'), ('223','Familiar'), ('223','Ciencia ficción'), ('224','Concurso'), ('224','Drama'), ('224','Programa de entrevistas'), ('224','Biografía'), ('224','Crimen'), ('225','Drama'), ('225','Reality Show'), ('225','Actualidad'), ('225','Guerra'), ('225','Documental'), ('226','Musical'), ('226','Biografía'), ('226','Romance'), ('226','Guerra'), ('226','Horror'), ('227','Drama'), ('227','Biografía'), ('227','Aventuras'), ('227','Infantil'), ('227','Reality Show'), ('228','Historia'), ('228','Adulto'), ('228','Estilo de vida'), ('228','Fantasía'), ('228','Animación'), ('229','Romance'), ('229','Musical'), ('229','Suspense'), ('229','Fantasía'), ('229','Animación'), ('230','Historia'), ('230','Fantasía'), ('230','Comedia'), ('230','Corto'), ('230','Infantil'), ('231','Sátira'), ('231','Musical'), ('231','Ficción'), ('231','Guerra'), ('231','Familiar'), ('232','Biografía'), ('232','Adulto'), ('232','Actualidad'), ('232','Ciencia ficción'), ('232','Infantil'), ('233','Estilo de vida'), ('233','Crimen'), ('233','Adulto'), ('233','Anime'), ('233','Ciencia ficción'), ('234','Actualidad'), ('234','Aventuras'), ('234','Horror'), ('234','Musical'), ('234','Estilo de vida'), ('235','Sátira'), ('235','Misterio'), ('235','Comedia'), ('235','Corto'), ('235','Musical'), ('236','Ficción'), ('236','Biografía'), ('236','Familiar'), ('236','Deporte'), ('236','Programa de entrevistas'), ('237','Adulto'), ('237','Estilo de vida'), ('237','Infantil'), ('237','Programa de entrevistas'), ('237','Suspense'), ('238','Programa de entrevistas'), ('238','Deporte'), ('238','Estilo de vida'), ('238','Concurso'), ('238','Animación'), ('239','Concurso'), ('239','Reality Show'), ('239','Musical'), ('239','Infantil'), ('239','Biografía'), ('240','Crimen'), ('240','Actualidad'), ('240','Sátira'), ('240','Deporte'), ('240','Reality Show'), ('241','Deporte'), ('241','Animación'), ('241','Infantil'), ('241','Suspense'), ('241','Historia'), ('242','Familiar'), ('242','Estilo de vida'), ('242','Sátira'), ('242','Música'), ('242','Juvenil'), ('243','Concurso'), ('243','Animación'), ('243','Aventuras'), ('243','Historia'), ('243','Anime'), ('244','Animación'), ('244','Drama'), ('244','Documental'), ('244','Biografía'), ('244','Adulto'), ('245','Fantasía'), ('245','Juvenil'), ('245','Anime'), ('245','Drama'), ('245','Crimen'), ('246','Musical'), ('246','Música'), ('246','Adulto'), ('246','Romance'), ('246','Familiar'), ('247','Acción'), ('247','Crimen'), ('247','Ciencia ficción'), ('247','Misterio'), ('247','Programa de entrevistas'), ('248','Drama'), ('248','Actualidad'), ('248','Juvenil'), ('248','Historia'), ('248','Binge'), ('249','Deporte'), ('249','Ciencia ficción'), ('249','Adulto'), ('249','Biografía'), ('249','Historia'), ('250','Documental'), ('250','Historia'), ('250','Música'), ('250','Binge'), ('250','Juvenil'), ('251','Misterio'), ('251','Guerra'), ('251','Sátira'), ('251','Animación'), ('251','Adulto'), ('252','Drama'), ('252','Biografía'), ('252','Sátira'), ('252','Crimen'), ('252','Ciencia ficción'), ('253','Suspense'), ('253','Comedia'), ('253','Deporte'), ('253','Documental'), ('253','Aventuras'), ('254','Concurso'), ('254','Programa de entrevistas'), ('254','Deporte'), ('254','Horror'), ('254','Biografía'), ('255','Romance'), ('255','Acción'), ('255','Anime'), ('255','Música'), ('255','Drama'), ('256','Deporte'), ('256','Biografía'), ('256','Suspense'), ('256','Musical'), ('256','Juvenil'), ('257','Actualidad'), ('257','Misterio'), ('257','Familiar'), ('257','Musical'), ('257','Concurso'), ('258','Música'), ('258','Comedia'), ('258','Suspense'), ('258','Actualidad'), ('258','Horror'), ('259','Fantasía'), ('259','Anime'), ('259','Ficción'), ('259','Música'), ('259','Biografía'), ('260','Programa de entrevistas'), ('260','Música'), ('260','Anime'), ('260','Biografía'), ('260','Misterio'), ('261','Misterio'), ('261','Concurso'), ('261','Animación'), ('261','Documental'), ('261','Reality Show'), ('262','Infantil'), ('262','Juvenil'), ('262','Biografía'), ('262','Documental'), ('262','Anime'), ('263','Ciencia ficción'), ('263','Fantasía'), ('263','Historia'), ('263','Acción'), ('263','Adulto'), ('264','Drama'), ('264','Acción'), ('264','Actualidad'), ('264','Fantasía'), ('264','Infantil'), ('265','Ficción'), ('265','Ciencia ficción'), ('265','Biografía'), ('265','Romance'), ('265','Infantil'), ('266','Misterio'), ('266','Binge'), ('266','Biografía'), ('266','Historia'), ('266','Ciencia ficción'), ('267','Comedia'), ('267','Romance'), ('267','Crimen'), ('267','Concurso'), ('267','Misterio'), ('268','Anime'), ('268','Ficción'), ('268','Deporte'), ('268','Ciencia ficción'), ('268','Música'), ('269','Corto'), ('269','Drama'), ('269','Concurso'), ('269','Animación'), ('269','Crimen'), ('270','Guerra'), ('270','Juvenil'), ('270','Acción'), ('270','Anime'), ('270','Animación'), ('271','Concurso'), ('271','Suspense'), ('271','Documental'), ('271','Biografía'), ('271','Adulto'), ('272','Documental'), ('272','Ciencia ficción'), ('272','Sátira'), ('272','Infantil'), ('272','Romance'), ('273','Juvenil'), ('273','Corto'), ('273','Deporte'), ('273','Comedia'), ('273','Animación'), ('274','Adulto'), ('274','Crimen'), ('274','Infantil'), ('274','Corto'), ('274','Actualidad'), ('275','Misterio'), ('275','Fantasía'), ('275','Música'), ('275','Concurso'), ('275','Aventuras'), ('276','Documental'), ('276','Estilo de vida'), ('276','Misterio'), ('276','Música'), ('276','Familiar'), ('277','Biografía'), ('277','Comedia'), ('277','Juvenil'), ('277','Adulto'), ('277','Documental'), ('278','Aventuras'), ('278','Horror'), ('278','Adulto'), ('278','Reality Show'), ('278','Sátira'), ('279','Familiar'), ('279','Comedia'), ('279','Drama'), ('279','Sátira'), ('279','Historia'), ('280','Infantil'), ('280','Adulto'), ('280','Música'), ('280','Comedia'), ('280','Crimen'), ('281','Fantasía'), ('281','Corto'), ('281','Familiar'), ('281','Anime'), ('281','Acción'), ('282','Aventuras'), ('282','Suspense'), ('282','Deporte'), ('282','Comedia'), ('282','Concurso'), ('283','Ficción'), ('283','Deporte'), ('283','Familiar'), ('283','Binge'), ('283','Música'), ('284','Deporte'), ('284','Sátira'), ('284','Binge'), ('284','Adulto'), ('284','Horror'), ('285','Suspense'), ('285','Acción'), ('285','Ciencia ficción'), ('285','Actualidad'), ('285','Guerra'), ('286','Música'), ('286','Aventuras'), ('286','Suspense'), ('286','Acción'), ('286','Fantasía'), ('287','Infantil'), ('287','Acción'), ('287','Animación'), ('287','Familiar'), ('287','Crimen'), ('288','Juvenil'), ('288','Estilo de vida'), ('288','Crimen'), ('288','Familiar'), ('288','Drama'), ('289','Sátira'), ('289','Fantasía'), ('289','Comedia'), ('289','Deporte'), ('289','Familiar'), ('290','Juvenil'), ('290','Comedia'), ('290','Binge'), ('290','Actualidad'), ('290','Adulto'), ('291','Suspense'), ('291','Animación'), ('291','Documental'), ('291','Musical'), ('291','Ciencia ficción'), ('292','Documental'), ('292','Horror'), ('292','Aventuras'), ('292','Binge'), ('292','Crimen'), ('293','Actualidad'), ('293','Deporte'), ('293','Corto'), ('293','Biografía'), ('293','Ficción'), ('294','Infantil'), ('294','Reality Show'), ('294','Programa de entrevistas'), ('294','Corto'), ('294','Musical'), ('295','Adulto'), ('295','Juvenil'), ('295','Ficción'), ('295','Corto'), ('295','Sátira'), ('296','Crimen'), ('296','Infantil'), ('296','Guerra'), ('296','Reality Show'), ('296','Juvenil'), ('297','Musical'), ('297','Música'), ('297','Adulto'), ('297','Infantil'), ('297','Historia'), ('298','Misterio'), ('298','Anime'), ('298','Suspense'), ('298','Deporte'), ('298','Romance');
