-- phpMyAdmin SQL Dump
-- version 5.1.1
-- https://www.phpmyadmin.net/
--
-- Servidor: 127.0.0.1
-- Tiempo de generación: 16-12-2021 a las 13:08:05
-- Versión del servidor: 10.4.19-MariaDB
-- Versión de PHP: 8.0.7

SET SQL_MODE = "NO_AUTO_VALUE_ON_ZERO";
START TRANSACTION;
SET time_zone = "+00:00";


/*!40101 SET @OLD_CHARACTER_SET_CLIENT=@@CHARACTER_SET_CLIENT */;
/*!40101 SET @OLD_CHARACTER_SET_RESULTS=@@CHARACTER_SET_RESULTS */;
/*!40101 SET @OLD_COLLATION_CONNECTION=@@COLLATION_CONNECTION */;
/*!40101 SET NAMES utf8mb4 */;

--
-- Base de datos: `bd202`
--

-- --------------------------------------------------------

--
-- Estructura de tabla para la tabla `categoria`
--

CREATE TABLE `categoria` (
  `nomCategoria` varchar(20) NOT NULL
) ENGINE=InnoDB DEFAULT CHARSET=utf8mb4;

--
-- Volcado de datos para la tabla `categoria`
--

INSERT INTO `categoria` (`nomCategoria`) VALUES
('Acción'),
('Actualidad'),
('Adulto'),
('Animación'),
('Anime'),
('Aventuras'),
('Binge'),
('Biografía'),
('Ciencia ficción'),
('Comedia'),
('Concurso'),
('Corto'),
('Crimen'),
('Deporte'),
('Documental'),
('Drama'),
('Estilo de vida'),
('Familiar'),
('Fantasía'),
('Ficción'),
('Guerra'),
('Historia'),
('Horror'),
('Infantil'),
('Juvenil'),
('Misterio'),
('Música'),
('Musical'),
('Programa de entrevis'),
('Reality Show'),
('Romance'),
('Sátira'),
('Suspense'),
('Western');

-- --------------------------------------------------------

--
-- Estructura de tabla para la tabla `contingut`
--

CREATE TABLE `contingut` (
  `idContingut` int(20) NOT NULL,
  `titol` varchar(128) NOT NULL,
  `url` varchar(50) NOT NULL,
  `nomCategoria` varchar(20) NOT NULL
) ENGINE=InnoDB DEFAULT CHARSET=utf8mb4;

--
-- Volcado de datos para la tabla `contingut`
--

INSERT INTO `contingut` (`idContingut`, `titol`, `url`, `nomCategoria`) VALUES
(1, 'Aim - Hinterland', 'www.youtube.com/watch?v=Lzsntu2Uz1c', 'Ficción'),
(2, 'Aim - Kleine Cirkel (Official Video)', 'www.youtube.com/watch?v=Mad9onz_1Ig', 'Drama'),
(3, 'Aim ft. Beny Jr  - Jump (Official Video)', 'www.youtube.com/watch?v=Dn7-szX6Cbk', 'Acción'),
(4, 'AIM - Cold Water Music', 'www.youtube.com/watch?v=ll1SzT0VdZE', 'Fantasía'),
(5, 'Aim ft. DJEZJA - Utrecht-Amsterdam / Loco Loco (Official Video)', 'www.youtube.com/watch?v=hU-qVrlp1cc', 'Aventuras'),
(6, 'Esta es la RUTINA que hago en AIMLAB para MEJORAR EL AIM', 'www.youtube.com/watch?v=bqdQSxsjur8', 'Biografía'),
(7, 'Aim - Ready (Official Video)', 'www.youtube.com/watch?v=B-gFou8--BY', 'Reality Show'),
(8, 'Aim - Bandiet (Official Video)', 'www.youtube.com/watch?v=AbqX-4w6oc8', 'Comedia'),
(9, 'MEJORA TU AIM EN 30 DIAS / RUTINA PROBADA CON PROFESIONALES POR HITBOXKING', 'www.youtube.com/watch?v=ejPnjZKOt70', 'Reality Show'),
(10, 'Por ESTAS RAZONES TU AIM es MALO en VALORANT | GUIA AIM', 'www.youtube.com/watch?v=y3eceFNljBk', 'Historia'),
(11, 'How to AIM (FPS Mechanics)', 'www.youtube.com/watch?v=poXMCPrjMZ8', 'Horror'),
(12, 'LGR - AIM Retrospective: RIP 1997-2017', 'www.youtube.com/watch?v=lNAgfMtRte4', 'Adulto'),
(13, 'dab neeg sib aim mag aim txhua hmo zoo nyob tiag tiag', 'www.youtube.com/watch?v=1fTOxhKm54c', 'Concurso'),
(14, 'How To Get BETTER AIM in Fortnite! (Improve Your Aim FAST) - Fortnite Chapter 3 Tips &amp, (The Aim - Motivational short film', 'www.youtube.com/watch?v=6WxscBX09Xs', 'Ficción'),
(15, 'TERBAIK AIM 2004 Nash,Mus,Awie &amp, (AIM Song - Free Leonard Peltier', 'www.youtube.com/watch?v=YX-bO86p1H4', 'Guerra'),
(16, 'The ULTIMATE SETTINGS For AIM TRAINING! - Aim Lab Optimization Guide', 'www.youtube.com/watch?v=oH8k0S1UeMo', 'Adulto'),
(17, 'Aim - Spreken Is Zilver, Zwijgen Is Goud (Offical Video)', 'www.youtube.com/watch?v=J7fKDagbBXA', 'Anime'),
(18, '#8 ハイライト｜コンセプトバトル ♫ A.I.M パフォーマンス', 'www.youtube.com/watch?v=yhAFKh2nY6w', 'Drama'),
(19, '3robi ft. Aim - Je Kan &#39, (Aim - The Force ft.Qnc', 'www.youtube.com/watch?v=JpAH0pkhsVU', 'Ciencia ficción'),
(20, '「A.I.M(Alive In My Imagination)」 Performance No Cut ver.［コンセプトバトル］', 'www.youtube.com/watch?v=E5Kojh6hutc', 'Juvenil'),
(21, 'dab neeg sib aim tau aim ob viv ncaus nram teb paum zawm zoo nyob ta ta', 'www.youtube.com/watch?v=_vbvVJi1PFM', 'Historia'),
(22, 'LA PROCRASTINATION - Comment je fais ? | A.I.M', 'www.youtube.com/watch?v=nEhjLFkm8vY', 'Familiar'),
(23, 'Pop Smoke ft. Quavo - Aim For The Moon (Official Music Video) ft. Quavo', 'www.youtube.com/watch?v=Qh2UmXaa-4E', 'Actualidad'),
(24, 'Valorant Pro Tips #8 -  Guía completa del AIM, by mixwell', 'www.youtube.com/watch?v=DeFSBVQmjYg', 'Deporte'),
(25, 'REET se desactiva el Aim Assist!!! *No falla balas* 🤡', 'www.youtube.com/watch?v=OJaKp02cEZ0', 'Binge'),
(26, 'SE PROHÍBE EL AIM ASSIST? WINTER ROYALE CANCELADA? - StarK News', 'www.youtube.com/watch?v=o8Np3S5I-fo', 'Musical'),
(27, 'High Schoolers In Turlock Aim To End Hunger In The Area', 'www.youtube.com/watch?v=YTnqmbfs-y4', 'Sátira'),
(28, 'BTMC IS AN AIM GOD', 'www.youtube.com/watch?v=TTUFYjK-X08', 'Horror'),
(29, 'MONDAY HAI JI AAJ SAB PLAYERS KE LIYE HOLIDAY - BGMI LIVE AIM ASSIST OFF GRIND !insta', 'www.youtube.com/watch?v=eshloDkmuRQ', 'Actualidad'),
(30, 'Never Miss! - The Best Fortnite Aim Training Map + Best Controller Settings for Chapter 2 Season 4', 'www.youtube.com/watch?v=SyfjPY-lPhg', 'Historia'),
(31, 'KCHUP MKAN: Makanan Kegemaran Aim', 'www.youtube.com/watch?v=G1f8obMYZtg', 'Acción'),
(32, 'Aim - Solo Contigo', 'www.youtube.com/watch?v=MrzHpFszjGA', 'Deporte'),
(33, 'Aim - Aint Got Time To Waste Feat. YZ', 'www.youtube.com/watch?v=mqDDtK1FQv4', 'Aventuras'),
(34, 'BF2042 News : Mode Battle Royale, Event de Noel, Tableau des Scores, Aim Assist', 'www.youtube.com/watch?v=V1oyohpK2T0', 'Concurso'),
(35, 'Aim - Let The Funk Ride', 'www.youtube.com/watch?v=B9Pbtc1kMRY', 'Ciencia ficción'),
(36, 'AIM | MALAYALAM SHORT FILM 2021 | VIJO JOSE | എയിം | മലയാളം ഷോർട്ട് ഫിലിം 2021 | വിജോ ജോസ്', 'www.youtube.com/watch?v=QX_OT8VKTQM', 'Música'),
(37, 'AIM SATIDA - พอรึยัง【Official MV】', 'www.youtube.com/watch?v=A5Li4UOV-FU', 'Música'),
(38, 'ANALIZANDO el AIM de TenZ y porque es bueno en VALORANT... | Znorux', 'www.youtube.com/watch?v=f5AYpvGqpkc', 'Fantasía'),
(39, 'These Aim Assist Settings Feel Like Cheating Too..', 'www.youtube.com/watch?v=xTZtHWp-y-U', 'Comedia'),
(40, 'VALORANT 7 GÜNDE AIM CANAVARI OLUN!! (Valorant Aim Geliştirme)', 'www.youtube.com/watch?v=3q_FSMMg7A0', 'Sátira'),
(41, 'Skilled Player with Aim Assist (Scout To Global)', 'www.youtube.com/watch?v=9RJFkzqpVRI', 'Western'),
(42, 'Life at AIM', 'www.youtube.com/watch?v=VTKPfFo_fPY', 'Actualidad'),
(43, 'SINTONADO Official Lyric Video | AIM', 'www.youtube.com/watch?v=YFR0fIZQR44', 'Animación'),
(44, '9m88 - Aim High (Official Music Video)', 'www.youtube.com/watch?v=dimqEPg0NpE', 'Historia'),
(45, 'ฝึกยิงให้แม่นระดับเทพ โดยผู้เล่นระดับโลก | How to Aim (ทุกเกม FPS)', 'www.youtube.com/watch?v=XbnzYpjCmeI', 'Deporte'),
(46, 'BATTLEFIELD 2042  AIM ASSIST Y CAMBIOS EN EL SPOTEO', 'www.youtube.com/watch?v=U7lnfpItXiQ', 'Concurso'),
(47, 'Ready, Aim, FIRE! - Humans Are Coming This Month! - The Isle - Iron Belly Type - H Rex, EVRIMA News', 'www.youtube.com/watch?v=qmL0mxy2rek', 'Acción'),
(48, 't Krijgen (Official Video)', 'www.youtube.com/watch?v=6isVIc4iyxE', 'Familiar'),
(49, 'Aim - The Force ft.Qnc', 'www.youtube.com/watch?v=JpAH0pkhsVU', 'Ciencia ficción'),
(50, '「A.I.M(Alive In My Imagination)」 Performance No Cut ver.［コンセプトバトル］', 'www.youtube.com/watch?v=E5Kojh6hutc', 'Juvenil'),
(51, 'dab neeg sib aim tau aim ob viv ncaus nram teb paum zawm zoo nyob ta ta', 'www.youtube.com/watch?v=_vbvVJi1PFM', 'Historia'),
(52, 'LA PROCRASTINATION - Comment je fais ? | A.I.M', 'www.youtube.com/watch?v=nEhjLFkm8vY', 'Familiar'),
(53, 'Pop Smoke ft. Quavo - Aim For The Moon (Official Music Video) ft. Quavo', 'www.youtube.com/watch?v=Qh2UmXaa-4E', 'Actualidad'),
(54, 'Valorant Pro Tips #8 -  Guía completa del AIM, by mixwell', 'www.youtube.com/watch?v=DeFSBVQmjYg', 'Deporte'),
(55, 'REET se desactiva el Aim Assist!!! *No falla balas* 🤡', 'www.youtube.com/watch?v=OJaKp02cEZ0', 'Binge'),
(56, 'SE PROHÍBE EL AIM ASSIST? WINTER ROYALE CANCELADA? - StarK News', 'www.youtube.com/watch?v=o8Np3S5I-fo', 'Musical'),
(57, 'High Schoolers In Turlock Aim To End Hunger In The Area', 'www.youtube.com/watch?v=YTnqmbfs-y4', 'Sátira'),
(58, 'BTMC IS AN AIM GOD', 'www.youtube.com/watch?v=TTUFYjK-X08', 'Horror'),
(59, 'MONDAY HAI JI AAJ SAB PLAYERS KE LIYE HOLIDAY - BGMI LIVE AIM ASSIST OFF GRIND !insta', 'www.youtube.com/watch?v=eshloDkmuRQ', 'Actualidad'),
(60, 'Never Miss! - The Best Fortnite Aim Training Map + Best Controller Settings for Chapter 2 Season 4', 'www.youtube.com/watch?v=SyfjPY-lPhg', 'Historia'),
(61, 'KCHUP MKAN: Makanan Kegemaran Aim', 'www.youtube.com/watch?v=G1f8obMYZtg', 'Acción'),
(62, 'Aim - Solo Contigo', 'www.youtube.com/watch?v=MrzHpFszjGA', 'Deporte'),
(63, 'Aim - Aint Got Time To Waste Feat. YZ', 'www.youtube.com/watch?v=mqDDtK1FQv4', 'Aventuras'),
(64, 'BF2042 News : Mode Battle Royale, Event de Noel, Tableau des Scores, Aim Assist', 'www.youtube.com/watch?v=V1oyohpK2T0', 'Concurso'),
(65, 'Aim - Let The Funk Ride', 'www.youtube.com/watch?v=B9Pbtc1kMRY', 'Ciencia ficción'),
(66, 'AIM | MALAYALAM SHORT FILM 2021 | VIJO JOSE | എയിം | മലയാളം ഷോർട്ട് ഫിലിം 2021 | വിജോ ജോസ്', 'www.youtube.com/watch?v=QX_OT8VKTQM', 'Música'),
(67, 'AIM SATIDA - พอรึยัง【Official MV】', 'www.youtube.com/watch?v=A5Li4UOV-FU', 'Música'),
(68, 'ANALIZANDO el AIM de TenZ y porque es bueno en VALORANT... | Znorux', 'www.youtube.com/watch?v=f5AYpvGqpkc', 'Fantasía'),
(69, 'These Aim Assist Settings Feel Like Cheating Too..', 'www.youtube.com/watch?v=xTZtHWp-y-U', 'Comedia'),
(70, 'VALORANT 7 GÜNDE AIM CANAVARI OLUN!! (Valorant Aim Geliştirme)', 'www.youtube.com/watch?v=3q_FSMMg7A0', 'Sátira'),
(71, 'Skilled Player with Aim Assist (Scout To Global)', 'www.youtube.com/watch?v=9RJFkzqpVRI', 'Western'),
(72, 'Life at AIM', 'www.youtube.com/watch?v=VTKPfFo_fPY', 'Actualidad'),
(73, 'SINTONADO Official Lyric Video | AIM', 'www.youtube.com/watch?v=YFR0fIZQR44', 'Animación'),
(74, '9m88 - Aim High (Official Music Video)', 'www.youtube.com/watch?v=dimqEPg0NpE', 'Historia'),
(75, 'ฝึกยิงให้แม่นระดับเทพ โดยผู้เล่นระดับโลก | How to Aim (ทุกเกม FPS)', 'www.youtube.com/watch?v=XbnzYpjCmeI', 'Deporte'),
(76, 'BATTLEFIELD 2042  AIM ASSIST Y CAMBIOS EN EL SPOTEO', 'www.youtube.com/watch?v=U7lnfpItXiQ', 'Concurso'),
(77, 'Ready, Aim, FIRE! - Humans Are Coming This Month! - The Isle - Iron Belly Type - H Rex, EVRIMA News', 'www.youtube.com/watch?v=qmL0mxy2rek', 'Acción'),
(78, 'Man Kidal', 'www.youtube.com/watch?v=0Kjt99nrIeo', 'Adulto'),
(79, 'AIM Song - Free Leonard Peltier', 'www.youtube.com/watch?v=YX-bO86p1H4', 'Guerra'),
(80, 'The ULTIMATE SETTINGS For AIM TRAINING! - Aim Lab Optimization Guide', 'www.youtube.com/watch?v=oH8k0S1UeMo', 'Adulto'),
(81, 'Aim - Spreken Is Zilver, Zwijgen Is Goud (Offical Video)', 'www.youtube.com/watch?v=J7fKDagbBXA', 'Anime'),
(82, '#8 ハイライト｜コンセプトバトル ♫ A.I.M パフォーマンス', 'www.youtube.com/watch?v=yhAFKh2nY6w', 'Drama'),
(83, '3robi ft. Aim - Je Kan &#39, (Aim - The Force ft.Qnc', 'www.youtube.com/watch?v=JpAH0pkhsVU', 'Ciencia ficción'),
(84, '「A.I.M(Alive In My Imagination)」 Performance No Cut ver.［コンセプトバトル］', 'www.youtube.com/watch?v=E5Kojh6hutc', 'Juvenil'),
(85, 'dab neeg sib aim tau aim ob viv ncaus nram teb paum zawm zoo nyob ta ta', 'www.youtube.com/watch?v=_vbvVJi1PFM', 'Historia'),
(86, 'LA PROCRASTINATION - Comment je fais ? | A.I.M', 'www.youtube.com/watch?v=nEhjLFkm8vY', 'Familiar'),
(87, 'Pop Smoke ft. Quavo - Aim For The Moon (Official Music Video) ft. Quavo', 'www.youtube.com/watch?v=Qh2UmXaa-4E', 'Actualidad'),
(88, 'Valorant Pro Tips #8 -  Guía completa del AIM, by mixwell', 'www.youtube.com/watch?v=DeFSBVQmjYg', 'Deporte'),
(89, 'REET se desactiva el Aim Assist!!! *No falla balas* 🤡', 'www.youtube.com/watch?v=OJaKp02cEZ0', 'Binge'),
(90, 'SE PROHÍBE EL AIM ASSIST? WINTER ROYALE CANCELADA? - StarK News', 'www.youtube.com/watch?v=o8Np3S5I-fo', 'Musical'),
(91, 'High Schoolers In Turlock Aim To End Hunger In The Area', 'www.youtube.com/watch?v=YTnqmbfs-y4', 'Sátira'),
(92, 'BTMC IS AN AIM GOD', 'www.youtube.com/watch?v=TTUFYjK-X08', 'Horror'),
(93, 'MONDAY HAI JI AAJ SAB PLAYERS KE LIYE HOLIDAY - BGMI LIVE AIM ASSIST OFF GRIND !insta', 'www.youtube.com/watch?v=eshloDkmuRQ', 'Actualidad'),
(94, 'Never Miss! - The Best Fortnite Aim Training Map + Best Controller Settings for Chapter 2 Season 4', 'www.youtube.com/watch?v=SyfjPY-lPhg', 'Historia'),
(95, 'KCHUP MKAN: Makanan Kegemaran Aim', 'www.youtube.com/watch?v=G1f8obMYZtg', 'Acción'),
(96, 'Aim - Solo Contigo', 'www.youtube.com/watch?v=MrzHpFszjGA', 'Deporte'),
(97, 'Aim - Aint Got Time To Waste Feat. YZ', 'www.youtube.com/watch?v=mqDDtK1FQv4', 'Aventuras'),
(98, 'BF2042 News : Mode Battle Royale, Event de Noel, Tableau des Scores, Aim Assist', 'www.youtube.com/watch?v=V1oyohpK2T0', 'Concurso'),
(99, 'Aim - Let The Funk Ride', 'www.youtube.com/watch?v=B9Pbtc1kMRY', 'Ciencia ficción'),
(100, 'AIM | MALAYALAM SHORT FILM 2021 | VIJO JOSE | എയിം | മലയാളം ഷോർട്ട് ഫിലിം 2021 | വിജോ ജോസ്', 'www.youtube.com/watch?v=QX_OT8VKTQM', 'Música'),
(101, 'AIM SATIDA - พอรึยัง【Official MV】', 'www.youtube.com/watch?v=A5Li4UOV-FU', 'Música'),
(102, 'ANALIZANDO el AIM de TenZ y porque es bueno en VALORANT... | Znorux', 'www.youtube.com/watch?v=f5AYpvGqpkc', 'Fantasía'),
(103, 'These Aim Assist Settings Feel Like Cheating Too..', 'www.youtube.com/watch?v=xTZtHWp-y-U', 'Comedia'),
(104, 'VALORANT 7 GÜNDE AIM CANAVARI OLUN!! (Valorant Aim Geliştirme)', 'www.youtube.com/watch?v=3q_FSMMg7A0', 'Sátira'),
(105, 'Skilled Player with Aim Assist (Scout To Global)', 'www.youtube.com/watch?v=9RJFkzqpVRI', 'Western'),
(106, 'Life at AIM', 'www.youtube.com/watch?v=VTKPfFo_fPY', 'Actualidad'),
(107, 'SINTONADO Official Lyric Video | AIM', 'www.youtube.com/watch?v=YFR0fIZQR44', 'Animación'),
(108, '9m88 - Aim High (Official Music Video)', 'www.youtube.com/watch?v=dimqEPg0NpE', 'Historia'),
(109, 'ฝึกยิงให้แม่นระดับเทพ โดยผู้เล่นระดับโลก | How to Aim (ทุกเกม FPS)', 'www.youtube.com/watch?v=XbnzYpjCmeI', 'Deporte'),
(110, 'BATTLEFIELD 2042  AIM ASSIST Y CAMBIOS EN EL SPOTEO', 'www.youtube.com/watch?v=U7lnfpItXiQ', 'Concurso'),
(111, 'Ready, Aim, FIRE! - Humans Are Coming This Month! - The Isle - Iron Belly Type - H Rex, EVRIMA News', 'www.youtube.com/watch?v=qmL0mxy2rek', 'Acción'),
(112, 't Krijgen (Official Video)', 'www.youtube.com/watch?v=6isVIc4iyxE', 'Familiar'),
(113, 'Aim - The Force ft.Qnc', 'www.youtube.com/watch?v=JpAH0pkhsVU', 'Ciencia ficción'),
(114, '「A.I.M(Alive In My Imagination)」 Performance No Cut ver.［コンセプトバトル］', 'www.youtube.com/watch?v=E5Kojh6hutc', 'Juvenil'),
(115, 'dab neeg sib aim tau aim ob viv ncaus nram teb paum zawm zoo nyob ta ta', 'www.youtube.com/watch?v=_vbvVJi1PFM', 'Historia'),
(116, 'LA PROCRASTINATION - Comment je fais ? | A.I.M', 'www.youtube.com/watch?v=nEhjLFkm8vY', 'Familiar'),
(117, 'Pop Smoke ft. Quavo - Aim For The Moon (Official Music Video) ft. Quavo', 'www.youtube.com/watch?v=Qh2UmXaa-4E', 'Actualidad'),
(118, 'Valorant Pro Tips #8 -  Guía completa del AIM, by mixwell', 'www.youtube.com/watch?v=DeFSBVQmjYg', 'Deporte'),
(119, 'REET se desactiva el Aim Assist!!! *No falla balas* 🤡', 'www.youtube.com/watch?v=OJaKp02cEZ0', 'Binge'),
(120, 'SE PROHÍBE EL AIM ASSIST? WINTER ROYALE CANCELADA? - StarK News', 'www.youtube.com/watch?v=o8Np3S5I-fo', 'Musical'),
(121, 'High Schoolers In Turlock Aim To End Hunger In The Area', 'www.youtube.com/watch?v=YTnqmbfs-y4', 'Sátira'),
(122, 'BTMC IS AN AIM GOD', 'www.youtube.com/watch?v=TTUFYjK-X08', 'Horror'),
(123, 'MONDAY HAI JI AAJ SAB PLAYERS KE LIYE HOLIDAY - BGMI LIVE AIM ASSIST OFF GRIND !insta', 'www.youtube.com/watch?v=eshloDkmuRQ', 'Actualidad'),
(124, 'Never Miss! - The Best Fortnite Aim Training Map + Best Controller Settings for Chapter 2 Season 4', 'www.youtube.com/watch?v=SyfjPY-lPhg', 'Historia'),
(125, 'KCHUP MKAN: Makanan Kegemaran Aim', 'www.youtube.com/watch?v=G1f8obMYZtg', 'Acción'),
(126, 'Aim - Solo Contigo', 'www.youtube.com/watch?v=MrzHpFszjGA', 'Deporte'),
(127, 'Aim - Aint Got Time To Waste Feat. YZ', 'www.youtube.com/watch?v=mqDDtK1FQv4', 'Aventuras'),
(128, 'BF2042 News : Mode Battle Royale, Event de Noel, Tableau des Scores, Aim Assist', 'www.youtube.com/watch?v=V1oyohpK2T0', 'Concurso'),
(129, 'Aim - Let The Funk Ride', 'www.youtube.com/watch?v=B9Pbtc1kMRY', 'Ciencia ficción'),
(130, 'AIM | MALAYALAM SHORT FILM 2021 | VIJO JOSE | എയിം | മലയാളം ഷോർട്ട് ഫിലിം 2021 | വിജോ ജോസ്', 'www.youtube.com/watch?v=QX_OT8VKTQM', 'Música'),
(131, 'AIM SATIDA - พอรึยัง【Official MV】', 'www.youtube.com/watch?v=A5Li4UOV-FU', 'Música'),
(132, 'ANALIZANDO el AIM de TenZ y porque es bueno en VALORANT... | Znorux', 'www.youtube.com/watch?v=f5AYpvGqpkc', 'Fantasía'),
(133, 'These Aim Assist Settings Feel Like Cheating Too..', 'www.youtube.com/watch?v=xTZtHWp-y-U', 'Comedia'),
(134, 'VALORANT 7 GÜNDE AIM CANAVARI OLUN!! (Valorant Aim Geliştirme)', 'www.youtube.com/watch?v=3q_FSMMg7A0', 'Sátira'),
(135, 'Skilled Player with Aim Assist (Scout To Global)', 'www.youtube.com/watch?v=9RJFkzqpVRI', 'Western'),
(136, 'Life at AIM', 'www.youtube.com/watch?v=VTKPfFo_fPY', 'Actualidad'),
(137, 'SINTONADO Official Lyric Video | AIM', 'www.youtube.com/watch?v=YFR0fIZQR44', 'Animación'),
(138, '9m88 - Aim High (Official Music Video)', 'www.youtube.com/watch?v=dimqEPg0NpE', 'Historia'),
(139, 'ฝึกยิงให้แม่นระดับเทพ โดยผู้เล่นระดับโลก | How to Aim (ทุกเกม FPS)', 'www.youtube.com/watch?v=XbnzYpjCmeI', 'Deporte'),
(140, 'BATTLEFIELD 2042  AIM ASSIST Y CAMBIOS EN EL SPOTEO', 'www.youtube.com/watch?v=U7lnfpItXiQ', 'Concurso'),
(141, 'Ready, Aim, FIRE! - Humans Are Coming This Month! - The Isle - Iron Belly Type - H Rex, EVRIMA News', 'www.youtube.com/watch?v=qmL0mxy2rek', 'Acción'),
(142, ' Tricks', 'www.youtube.com/watch?v=YpIVL-LMVg8', 'Historia'),
(143, 'The Aim - Motivational short film', 'www.youtube.com/watch?v=6WxscBX09Xs', 'Ficción'),
(144, 'TERBAIK AIM 2004 Nash,Mus,Awie &amp, (AIM Song - Free Leonard Peltier', 'www.youtube.com/watch?v=YX-bO86p1H4', 'Guerra'),
(145, 'The ULTIMATE SETTINGS For AIM TRAINING! - Aim Lab Optimization Guide', 'www.youtube.com/watch?v=oH8k0S1UeMo', 'Adulto'),
(146, 'Aim - Spreken Is Zilver, Zwijgen Is Goud (Offical Video)', 'www.youtube.com/watch?v=J7fKDagbBXA', 'Anime'),
(147, '#8 ハイライト｜コンセプトバトル ♫ A.I.M パフォーマンス', 'www.youtube.com/watch?v=yhAFKh2nY6w', 'Drama'),
(148, '3robi ft. Aim - Je Kan &#39, (Aim - The Force ft.Qnc', 'www.youtube.com/watch?v=JpAH0pkhsVU', 'Ciencia ficción'),
(149, '「A.I.M(Alive In My Imagination)」 Performance No Cut ver.［コンセプトバトル］', 'www.youtube.com/watch?v=E5Kojh6hutc', 'Juvenil'),
(150, 'dab neeg sib aim tau aim ob viv ncaus nram teb paum zawm zoo nyob ta ta', 'www.youtube.com/watch?v=_vbvVJi1PFM', 'Historia'),
(151, 'LA PROCRASTINATION - Comment je fais ? | A.I.M', 'www.youtube.com/watch?v=nEhjLFkm8vY', 'Familiar'),
(152, 'Pop Smoke ft. Quavo - Aim For The Moon (Official Music Video) ft. Quavo', 'www.youtube.com/watch?v=Qh2UmXaa-4E', 'Actualidad'),
(153, 'Valorant Pro Tips #8 -  Guía completa del AIM, by mixwell', 'www.youtube.com/watch?v=DeFSBVQmjYg', 'Deporte'),
(154, 'REET se desactiva el Aim Assist!!! *No falla balas* 🤡', 'www.youtube.com/watch?v=OJaKp02cEZ0', 'Binge'),
(155, 'SE PROHÍBE EL AIM ASSIST? WINTER ROYALE CANCELADA? - StarK News', 'www.youtube.com/watch?v=o8Np3S5I-fo', 'Musical'),
(156, 'High Schoolers In Turlock Aim To End Hunger In The Area', 'www.youtube.com/watch?v=YTnqmbfs-y4', 'Sátira'),
(157, 'BTMC IS AN AIM GOD', 'www.youtube.com/watch?v=TTUFYjK-X08', 'Horror'),
(158, 'MONDAY HAI JI AAJ SAB PLAYERS KE LIYE HOLIDAY - BGMI LIVE AIM ASSIST OFF GRIND !insta', 'www.youtube.com/watch?v=eshloDkmuRQ', 'Actualidad'),
(159, 'Never Miss! - The Best Fortnite Aim Training Map + Best Controller Settings for Chapter 2 Season 4', 'www.youtube.com/watch?v=SyfjPY-lPhg', 'Historia'),
(160, 'KCHUP MKAN: Makanan Kegemaran Aim', 'www.youtube.com/watch?v=G1f8obMYZtg', 'Acción'),
(161, 'Aim - Solo Contigo', 'www.youtube.com/watch?v=MrzHpFszjGA', 'Deporte'),
(162, 'Aim - Aint Got Time To Waste Feat. YZ', 'www.youtube.com/watch?v=mqDDtK1FQv4', 'Aventuras'),
(163, 'BF2042 News : Mode Battle Royale, Event de Noel, Tableau des Scores, Aim Assist', 'www.youtube.com/watch?v=V1oyohpK2T0', 'Concurso'),
(164, 'Aim - Let The Funk Ride', 'www.youtube.com/watch?v=B9Pbtc1kMRY', 'Ciencia ficción'),
(165, 'AIM | MALAYALAM SHORT FILM 2021 | VIJO JOSE | എയിം | മലയാളം ഷോർട്ട് ഫിലിം 2021 | വിജോ ജോസ്', 'www.youtube.com/watch?v=QX_OT8VKTQM', 'Música'),
(166, 'AIM SATIDA - พอรึยัง【Official MV】', 'www.youtube.com/watch?v=A5Li4UOV-FU', 'Música'),
(167, 'ANALIZANDO el AIM de TenZ y porque es bueno en VALORANT... | Znorux', 'www.youtube.com/watch?v=f5AYpvGqpkc', 'Fantasía'),
(168, 'These Aim Assist Settings Feel Like Cheating Too..', 'www.youtube.com/watch?v=xTZtHWp-y-U', 'Comedia'),
(169, 'VALORANT 7 GÜNDE AIM CANAVARI OLUN!! (Valorant Aim Geliştirme)', 'www.youtube.com/watch?v=3q_FSMMg7A0', 'Sátira'),
(170, 'Skilled Player with Aim Assist (Scout To Global)', 'www.youtube.com/watch?v=9RJFkzqpVRI', 'Western'),
(171, 'Life at AIM', 'www.youtube.com/watch?v=VTKPfFo_fPY', 'Actualidad'),
(172, 'SINTONADO Official Lyric Video | AIM', 'www.youtube.com/watch?v=YFR0fIZQR44', 'Animación'),
(173, '9m88 - Aim High (Official Music Video)', 'www.youtube.com/watch?v=dimqEPg0NpE', 'Historia'),
(174, 'ฝึกยิงให้แม่นระดับเทพ โดยผู้เล่นระดับโลก | How to Aim (ทุกเกม FPS)', 'www.youtube.com/watch?v=XbnzYpjCmeI', 'Deporte'),
(175, 'BATTLEFIELD 2042  AIM ASSIST Y CAMBIOS EN EL SPOTEO', 'www.youtube.com/watch?v=U7lnfpItXiQ', 'Concurso'),
(176, 'Ready, Aim, FIRE! - Humans Are Coming This Month! - The Isle - Iron Belly Type - H Rex, EVRIMA News', 'www.youtube.com/watch?v=qmL0mxy2rek', 'Acción'),
(177, 't Krijgen (Official Video)', 'www.youtube.com/watch?v=6isVIc4iyxE', 'Familiar'),
(178, 'Aim - The Force ft.Qnc', 'www.youtube.com/watch?v=JpAH0pkhsVU', 'Ciencia ficción'),
(179, '「A.I.M(Alive In My Imagination)」 Performance No Cut ver.［コンセプトバトル］', 'www.youtube.com/watch?v=E5Kojh6hutc', 'Juvenil'),
(180, 'dab neeg sib aim tau aim ob viv ncaus nram teb paum zawm zoo nyob ta ta', 'www.youtube.com/watch?v=_vbvVJi1PFM', 'Historia'),
(181, 'LA PROCRASTINATION - Comment je fais ? | A.I.M', 'www.youtube.com/watch?v=nEhjLFkm8vY', 'Familiar'),
(182, 'Pop Smoke ft. Quavo - Aim For The Moon (Official Music Video) ft. Quavo', 'www.youtube.com/watch?v=Qh2UmXaa-4E', 'Actualidad'),
(183, 'Valorant Pro Tips #8 -  Guía completa del AIM, by mixwell', 'www.youtube.com/watch?v=DeFSBVQmjYg', 'Deporte'),
(184, 'REET se desactiva el Aim Assist!!! *No falla balas* 🤡', 'www.youtube.com/watch?v=OJaKp02cEZ0', 'Binge'),
(185, 'SE PROHÍBE EL AIM ASSIST? WINTER ROYALE CANCELADA? - StarK News', 'www.youtube.com/watch?v=o8Np3S5I-fo', 'Musical'),
(186, 'High Schoolers In Turlock Aim To End Hunger In The Area', 'www.youtube.com/watch?v=YTnqmbfs-y4', 'Sátira'),
(187, 'BTMC IS AN AIM GOD', 'www.youtube.com/watch?v=TTUFYjK-X08', 'Horror'),
(188, 'MONDAY HAI JI AAJ SAB PLAYERS KE LIYE HOLIDAY - BGMI LIVE AIM ASSIST OFF GRIND !insta', 'www.youtube.com/watch?v=eshloDkmuRQ', 'Actualidad'),
(189, 'Never Miss! - The Best Fortnite Aim Training Map + Best Controller Settings for Chapter 2 Season 4', 'www.youtube.com/watch?v=SyfjPY-lPhg', 'Historia'),
(190, 'KCHUP MKAN: Makanan Kegemaran Aim', 'www.youtube.com/watch?v=G1f8obMYZtg', 'Acción'),
(191, 'Aim - Solo Contigo', 'www.youtube.com/watch?v=MrzHpFszjGA', 'Deporte'),
(192, 'Aim - Aint Got Time To Waste Feat. YZ', 'www.youtube.com/watch?v=mqDDtK1FQv4', 'Aventuras'),
(193, 'BF2042 News : Mode Battle Royale, Event de Noel, Tableau des Scores, Aim Assist', 'www.youtube.com/watch?v=V1oyohpK2T0', 'Concurso'),
(194, 'Aim - Let The Funk Ride', 'www.youtube.com/watch?v=B9Pbtc1kMRY', 'Ciencia ficción'),
(195, 'AIM | MALAYALAM SHORT FILM 2021 | VIJO JOSE | എയിം | മലയാളം ഷോർട്ട് ഫിലിം 2021 | വിജോ ജോസ്', 'www.youtube.com/watch?v=QX_OT8VKTQM', 'Música'),
(196, 'AIM SATIDA - พอรึยัง【Official MV】', 'www.youtube.com/watch?v=A5Li4UOV-FU', 'Música'),
(197, 'ANALIZANDO el AIM de TenZ y porque es bueno en VALORANT... | Znorux', 'www.youtube.com/watch?v=f5AYpvGqpkc', 'Fantasía'),
(198, 'These Aim Assist Settings Feel Like Cheating Too..', 'www.youtube.com/watch?v=xTZtHWp-y-U', 'Comedia'),
(199, 'VALORANT 7 GÜNDE AIM CANAVARI OLUN!! (Valorant Aim Geliştirme)', 'www.youtube.com/watch?v=3q_FSMMg7A0', 'Sátira'),
(200, 'Skilled Player with Aim Assist (Scout To Global)', 'www.youtube.com/watch?v=9RJFkzqpVRI', 'Western'),
(201, 'Life at AIM', 'www.youtube.com/watch?v=VTKPfFo_fPY', 'Actualidad'),
(202, 'SINTONADO Official Lyric Video | AIM', 'www.youtube.com/watch?v=YFR0fIZQR44', 'Animación'),
(203, '9m88 - Aim High (Official Music Video)', 'www.youtube.com/watch?v=dimqEPg0NpE', 'Historia'),
(204, 'ฝึกยิงให้แม่นระดับเทพ โดยผู้เล่นระดับโลก | How to Aim (ทุกเกม FPS)', 'www.youtube.com/watch?v=XbnzYpjCmeI', 'Deporte'),
(205, 'BATTLEFIELD 2042  AIM ASSIST Y CAMBIOS EN EL SPOTEO', 'www.youtube.com/watch?v=U7lnfpItXiQ', 'Concurso'),
(206, 'Ready, Aim, FIRE! - Humans Are Coming This Month! - The Isle - Iron Belly Type - H Rex, EVRIMA News', 'www.youtube.com/watch?v=qmL0mxy2rek', 'Acción'),
(207, 'Man Kidal', 'www.youtube.com/watch?v=0Kjt99nrIeo', 'Adulto'),
(208, 'AIM Song - Free Leonard Peltier', 'www.youtube.com/watch?v=YX-bO86p1H4', 'Guerra'),
(209, 'The ULTIMATE SETTINGS For AIM TRAINING! - Aim Lab Optimization Guide', 'www.youtube.com/watch?v=oH8k0S1UeMo', 'Adulto'),
(210, 'Aim - Spreken Is Zilver, Zwijgen Is Goud (Offical Video)', 'www.youtube.com/watch?v=J7fKDagbBXA', 'Anime'),
(211, '#8 ハイライト｜コンセプトバトル ♫ A.I.M パフォーマンス', 'www.youtube.com/watch?v=yhAFKh2nY6w', 'Drama'),
(212, '3robi ft. Aim - Je Kan &#39, (Aim - The Force ft.Qnc', 'www.youtube.com/watch?v=JpAH0pkhsVU', 'Ciencia ficción'),
(213, '「A.I.M(Alive In My Imagination)」 Performance No Cut ver.［コンセプトバトル］', 'www.youtube.com/watch?v=E5Kojh6hutc', 'Juvenil'),
(214, 'dab neeg sib aim tau aim ob viv ncaus nram teb paum zawm zoo nyob ta ta', 'www.youtube.com/watch?v=_vbvVJi1PFM', 'Historia'),
(215, 'LA PROCRASTINATION - Comment je fais ? | A.I.M', 'www.youtube.com/watch?v=nEhjLFkm8vY', 'Familiar'),
(216, 'Pop Smoke ft. Quavo - Aim For The Moon (Official Music Video) ft. Quavo', 'www.youtube.com/watch?v=Qh2UmXaa-4E', 'Actualidad'),
(217, 'Valorant Pro Tips #8 -  Guía completa del AIM, by mixwell', 'www.youtube.com/watch?v=DeFSBVQmjYg', 'Deporte'),
(218, 'REET se desactiva el Aim Assist!!! *No falla balas* 🤡', 'www.youtube.com/watch?v=OJaKp02cEZ0', 'Binge'),
(219, 'SE PROHÍBE EL AIM ASSIST? WINTER ROYALE CANCELADA? - StarK News', 'www.youtube.com/watch?v=o8Np3S5I-fo', 'Musical'),
(220, 'High Schoolers In Turlock Aim To End Hunger In The Area', 'www.youtube.com/watch?v=YTnqmbfs-y4', 'Sátira'),
(221, 'BTMC IS AN AIM GOD', 'www.youtube.com/watch?v=TTUFYjK-X08', 'Horror'),
(222, 'MONDAY HAI JI AAJ SAB PLAYERS KE LIYE HOLIDAY - BGMI LIVE AIM ASSIST OFF GRIND !insta', 'www.youtube.com/watch?v=eshloDkmuRQ', 'Actualidad'),
(223, 'Never Miss! - The Best Fortnite Aim Training Map + Best Controller Settings for Chapter 2 Season 4', 'www.youtube.com/watch?v=SyfjPY-lPhg', 'Historia'),
(224, 'KCHUP MKAN: Makanan Kegemaran Aim', 'www.youtube.com/watch?v=G1f8obMYZtg', 'Acción'),
(225, 'Aim - Solo Contigo', 'www.youtube.com/watch?v=MrzHpFszjGA', 'Deporte'),
(226, 'Aim - Aint Got Time To Waste Feat. YZ', 'www.youtube.com/watch?v=mqDDtK1FQv4', 'Aventuras'),
(227, 'BF2042 News : Mode Battle Royale, Event de Noel, Tableau des Scores, Aim Assist', 'www.youtube.com/watch?v=V1oyohpK2T0', 'Concurso'),
(228, 'Aim - Let The Funk Ride', 'www.youtube.com/watch?v=B9Pbtc1kMRY', 'Ciencia ficción'),
(229, 'AIM | MALAYALAM SHORT FILM 2021 | VIJO JOSE | എയിം | മലയാളം ഷോർട്ട് ഫിലിം 2021 | വിജോ ജോസ്', 'www.youtube.com/watch?v=QX_OT8VKTQM', 'Música'),
(230, 'AIM SATIDA - พอรึยัง【Official MV】', 'www.youtube.com/watch?v=A5Li4UOV-FU', 'Música'),
(231, 'ANALIZANDO el AIM de TenZ y porque es bueno en VALORANT... | Znorux', 'www.youtube.com/watch?v=f5AYpvGqpkc', 'Fantasía'),
(232, 'These Aim Assist Settings Feel Like Cheating Too..', 'www.youtube.com/watch?v=xTZtHWp-y-U', 'Comedia'),
(233, 'VALORANT 7 GÜNDE AIM CANAVARI OLUN!! (Valorant Aim Geliştirme)', 'www.youtube.com/watch?v=3q_FSMMg7A0', 'Sátira'),
(234, 'Skilled Player with Aim Assist (Scout To Global)', 'www.youtube.com/watch?v=9RJFkzqpVRI', 'Western'),
(235, 'Life at AIM', 'www.youtube.com/watch?v=VTKPfFo_fPY', 'Actualidad'),
(236, 'SINTONADO Official Lyric Video | AIM', 'www.youtube.com/watch?v=YFR0fIZQR44', 'Animación'),
(237, '9m88 - Aim High (Official Music Video)', 'www.youtube.com/watch?v=dimqEPg0NpE', 'Historia'),
(238, 'ฝึกยิงให้แม่นระดับเทพ โดยผู้เล่นระดับโลก | How to Aim (ทุกเกม FPS)', 'www.youtube.com/watch?v=XbnzYpjCmeI', 'Deporte'),
(239, 'BATTLEFIELD 2042  AIM ASSIST Y CAMBIOS EN EL SPOTEO', 'www.youtube.com/watch?v=U7lnfpItXiQ', 'Concurso'),
(240, 'Ready, Aim, FIRE! - Humans Are Coming This Month! - The Isle - Iron Belly Type - H Rex, EVRIMA News', 'www.youtube.com/watch?v=qmL0mxy2rek', 'Acción'),
(241, 't Krijgen (Official Video)', 'www.youtube.com/watch?v=6isVIc4iyxE', 'Familiar'),
(242, 'Aim - The Force ft.Qnc', 'www.youtube.com/watch?v=JpAH0pkhsVU', 'Ciencia ficción'),
(243, '「A.I.M(Alive In My Imagination)」 Performance No Cut ver.［コンセプトバトル］', 'www.youtube.com/watch?v=E5Kojh6hutc', 'Juvenil'),
(244, 'dab neeg sib aim tau aim ob viv ncaus nram teb paum zawm zoo nyob ta ta', 'www.youtube.com/watch?v=_vbvVJi1PFM', 'Historia'),
(245, 'LA PROCRASTINATION - Comment je fais ? | A.I.M', 'www.youtube.com/watch?v=nEhjLFkm8vY', 'Familiar'),
(246, 'Pop Smoke ft. Quavo - Aim For The Moon (Official Music Video) ft. Quavo', 'www.youtube.com/watch?v=Qh2UmXaa-4E', 'Actualidad'),
(247, 'Valorant Pro Tips #8 -  Guía completa del AIM, by mixwell', 'www.youtube.com/watch?v=DeFSBVQmjYg', 'Deporte'),
(248, 'REET se desactiva el Aim Assist!!! *No falla balas* 🤡', 'www.youtube.com/watch?v=OJaKp02cEZ0', 'Binge'),
(249, 'SE PROHÍBE EL AIM ASSIST? WINTER ROYALE CANCELADA? - StarK News', 'www.youtube.com/watch?v=o8Np3S5I-fo', 'Musical'),
(250, 'High Schoolers In Turlock Aim To End Hunger In The Area', 'www.youtube.com/watch?v=YTnqmbfs-y4', 'Sátira'),
(251, 'BTMC IS AN AIM GOD', 'www.youtube.com/watch?v=TTUFYjK-X08', 'Horror'),
(252, 'MONDAY HAI JI AAJ SAB PLAYERS KE LIYE HOLIDAY - BGMI LIVE AIM ASSIST OFF GRIND !insta', 'www.youtube.com/watch?v=eshloDkmuRQ', 'Actualidad'),
(253, 'Never Miss! - The Best Fortnite Aim Training Map + Best Controller Settings for Chapter 2 Season 4', 'www.youtube.com/watch?v=SyfjPY-lPhg', 'Historia'),
(254, 'KCHUP MKAN: Makanan Kegemaran Aim', 'www.youtube.com/watch?v=G1f8obMYZtg', 'Acción'),
(255, 'Aim - Solo Contigo', 'www.youtube.com/watch?v=MrzHpFszjGA', 'Deporte'),
(256, 'Aim - Aint Got Time To Waste Feat. YZ', 'www.youtube.com/watch?v=mqDDtK1FQv4', 'Aventuras'),
(257, 'BF2042 News : Mode Battle Royale, Event de Noel, Tableau des Scores, Aim Assist', 'www.youtube.com/watch?v=V1oyohpK2T0', 'Concurso'),
(258, 'Aim - Let The Funk Ride', 'www.youtube.com/watch?v=B9Pbtc1kMRY', 'Ciencia ficción'),
(259, 'AIM | MALAYALAM SHORT FILM 2021 | VIJO JOSE | എയിം | മലയാളം ഷോർട്ട് ഫിലിം 2021 | വിജോ ജോസ്', 'www.youtube.com/watch?v=QX_OT8VKTQM', 'Música'),
(260, 'AIM SATIDA - พอรึยัง【Official MV】', 'www.youtube.com/watch?v=A5Li4UOV-FU', 'Música'),
(261, 'ANALIZANDO el AIM de TenZ y porque es bueno en VALORANT... | Znorux', 'www.youtube.com/watch?v=f5AYpvGqpkc', 'Fantasía'),
(262, 'These Aim Assist Settings Feel Like Cheating Too..', 'www.youtube.com/watch?v=xTZtHWp-y-U', 'Comedia'),
(263, 'VALORANT 7 GÜNDE AIM CANAVARI OLUN!! (Valorant Aim Geliştirme)', 'www.youtube.com/watch?v=3q_FSMMg7A0', 'Sátira'),
(264, 'Skilled Player with Aim Assist (Scout To Global)', 'www.youtube.com/watch?v=9RJFkzqpVRI', 'Western'),
(265, 'Life at AIM', 'www.youtube.com/watch?v=VTKPfFo_fPY', 'Actualidad'),
(266, 'SINTONADO Official Lyric Video | AIM', 'www.youtube.com/watch?v=YFR0fIZQR44', 'Animación'),
(267, '9m88 - Aim High (Official Music Video)', 'www.youtube.com/watch?v=dimqEPg0NpE', 'Historia'),
(268, 'ฝึกยิงให้แม่นระดับเทพ โดยผู้เล่นระดับโลก | How to Aim (ทุกเกม FPS)', 'www.youtube.com/watch?v=XbnzYpjCmeI', 'Deporte'),
(269, 'BATTLEFIELD 2042  AIM ASSIST Y CAMBIOS EN EL SPOTEO', 'www.youtube.com/watch?v=U7lnfpItXiQ', 'Concurso'),
(270, 'Ready, Aim, FIRE! - Humans Are Coming This Month! - The Isle - Iron Belly Type - H Rex, EVRIMA News', 'www.youtube.com/watch?v=qmL0mxy2rek', 'Acción');

-- --------------------------------------------------------

--
-- Estructura de tabla para la tabla `contracte`
--

CREATE TABLE `contracte` (
  `idContracte` int(20) NOT NULL,
  `dataAlta` date NOT NULL,
  `nomUsuari` varchar(20) NOT NULL,
  `tipusContracte` varchar(20) NOT NULL
) ENGINE=InnoDB DEFAULT CHARSET=utf8mb4;

--
-- Volcado de datos para la tabla `contracte`
--

INSERT INTO `contracte` (`idContracte`, `dataAlta`, `nomUsuari`, `tipusContracte`) VALUES
(1, '2018-03-21', 'ariel55', 'Mensual'),
(2, '2016-01-31', 'emma98', 'Trimestral'),
(3, '2021-02-15', 'isidorogutierrez', 'Trimestral'),
(4, '2018-08-03', 'zamorafelipa', 'Mensual'),
(5, '2016-01-18', 'nclemente', 'Mensual'),
(6, '2017-02-27', 'alfredo48', 'Mensual'),
(7, '2020-04-17', 'georginacervera', 'Mensual'),
(8, '2021-02-28', 'figuerasamaya', 'Trimestral'),
(9, '2018-12-20', 'modestojuan', 'Mensual'),
(10, '2019-12-30', 'nerea12', 'Trimestral'),
(11, '2019-01-02', 'uriaperlita', 'Trimestral'),
(12, '2019-04-07', 'marcosmaria-pilar', 'Trimestral'),
(13, '2020-04-21', 'alebonet', 'Mensual'),
(14, '2021-03-21', 'socorroaguilera', 'Mensual'),
(15, '2017-03-14', 'umoles', 'Mensual'),
(16, '2017-04-03', 'scerda', 'Mensual'),
(17, '2015-01-04', 'jose-ramonlara', 'Trimestral'),
(18, '2018-08-21', 'xlorenzo', 'Mensual'),
(19, '2021-11-23', 'nestorrocha', 'Trimestral'),
(20, '2015-01-22', 'marciano27', 'Trimestral'),
(21, '2018-03-25', 'maricruz81', 'Trimestral'),
(22, '2016-05-11', 'pagesrosalina', 'Trimestral'),
(23, '2020-01-06', 'geronimoballester', 'Trimestral'),
(24, '2016-09-13', 'gayaguiomar', 'Mensual'),
(25, '2017-06-18', 'mendezpatricio', 'Mensual'),
(26, '2018-11-22', 'auroracruz', 'Trimestral'),
(27, '2015-05-24', 'esmeralda34', 'Trimestral'),
(28, '2017-12-06', 'arielcasares', 'Trimestral'),
(29, '2016-06-08', 'rmena', 'Trimestral'),
(30, '2018-06-04', 'miriam62', 'Mensual'),
(31, '2018-04-28', 'saturnina39', 'Trimestral'),
(32, '2017-04-05', 'leyre99', 'Mensual'),
(33, '2016-08-27', 'zposada', 'Mensual'),
(34, '2021-06-24', 'ugartefabiana', 'Mensual'),
(35, '2018-04-30', 'sauraignacia', 'Mensual'),
(36, '2021-02-15', 'olmomirta', 'Mensual'),
(37, '2015-03-12', 'pabloherminio', 'Mensual'),
(38, '2016-10-20', 'tlara', 'Trimestral'),
(39, '2021-04-10', 'chelobonet', 'Trimestral'),
(40, '2019-11-01', 'lopezeulalia', 'Trimestral'),
(41, '2019-12-11', 'cerezoherberto', 'Trimestral'),
(42, '2017-01-15', 'casandramora', 'Mensual'),
(43, '2017-10-28', 'amorospepito', 'Trimestral'),
(44, '2020-07-10', 'marisaacero', 'Trimestral'),
(45, '2019-04-01', 'marta00', 'Mensual'),
(46, '2021-12-22', 'qduran', 'Trimestral'),
(47, '2021-08-12', 'fsamper', 'Mensual'),
(48, '2021-01-26', 'jerezrenato', 'Mensual'),
(49, '2016-06-30', 'guijarroale', 'Trimestral'),
(50, '2021-06-29', 'nfabra', 'Mensual'),
(51, '2015-09-28', 'wbonilla', 'Mensual'),
(52, '2015-06-19', 'moraeva-maria', 'Mensual'),
(53, '2015-08-31', 'xvendrell', 'Trimestral'),
(54, '2018-09-24', 'vinicio37', 'Trimestral'),
(55, '2015-01-20', 'wabril', 'Trimestral'),
(56, '2018-06-08', 'ainara48', 'Mensual'),
(57, '2019-07-10', 'tseco', 'Trimestral'),
(58, '2020-08-09', 'sanzwilfredo', 'Trimestral'),
(59, '2018-03-04', 'pulidocebrian', 'Mensual'),
(60, '2020-06-29', 'pinedafermin', 'Trimestral'),
(61, '2018-11-21', 'caceresvictoria', 'Mensual'),
(62, '2016-07-28', 'omar14', 'Mensual'),
(63, '2021-03-07', 'hquintana', 'Mensual'),
(64, '2018-07-10', 'mfrias', 'Mensual'),
(65, '2018-12-07', 'eva-maria72', 'Trimestral'),
(66, '2016-12-11', 'mamendalmau', 'Trimestral'),
(67, '2020-02-06', 'antunezanselma', 'Mensual'),
(68, '2017-12-07', 'octavioportero', 'Mensual'),
(69, '2016-10-07', 'lorenzabaena', 'Trimestral'),
(70, '2015-09-02', 'kasensio', 'Mensual'),
(71, '2015-02-12', 'ariel54', 'Trimestral'),
(72, '2015-07-20', 'martirio72', 'Mensual'),
(73, '2019-04-16', 'kporcel', 'Mensual'),
(74, '2016-06-02', 'ferminsomoza', 'Mensual'),
(75, '2020-03-01', 'vromeu', 'Trimestral'),
(76, '2018-06-10', 'marinoreal', 'Trimestral'),
(77, '2020-01-24', 'aaraujo', 'Trimestral'),
(78, '2018-05-11', 'martijosue', 'Mensual'),
(79, '2019-10-22', 'valentinaalvarez', 'Trimestral'),
(80, '2016-11-28', 'alcidesfalcon', 'Mensual'),
(81, '2016-08-22', 'eloypuerta', 'Trimestral'),
(82, '2019-01-29', 'lilia63', 'Trimestral'),
(83, '2020-06-27', 'kpineiro', 'Mensual'),
(84, '2021-01-20', 'pacocordero', 'Mensual'),
(85, '2016-03-20', 'ymateos', 'Mensual'),
(86, '2016-12-07', 'valeriacomas', 'Mensual'),
(87, '2018-01-06', 'trinidad87', 'Trimestral'),
(88, '2015-08-17', 'ana-sofia77', 'Trimestral'),
(89, '2019-12-24', 'leonardo25', 'Trimestral'),
(90, '2020-03-23', 'noelia21', 'Trimestral'),
(91, '2020-05-19', 'fannycollado', 'Trimestral'),
(92, '2020-05-10', 'arroyonazaret', 'Trimestral'),
(93, '2019-12-17', 'buenaventuraprado', 'Trimestral'),
(94, '2016-07-21', 'octaviajulian', 'Trimestral'),
(95, '2019-09-08', 'baqueromaite', 'Mensual'),
(96, '2015-03-26', 'montserratcarvajal', 'Trimestral'),
(97, '2017-10-15', 'ciriacocarpio', 'Trimestral'),
(98, '2020-09-24', 'mancebomaria-manuela', 'Mensual'),
(99, '2021-09-19', 'visitacion90', 'Mensual'),
(100, '2019-05-17', 'luchofabregas', 'Mensual'),
(101, '2021-01-03', 'pfiol', 'Mensual'),
(102, '2016-09-20', 'ani32', 'Mensual'),
(103, '2015-01-26', 'robertogargallo', 'Trimestral'),
(104, '2019-02-02', 'velazquezmarcial', 'Mensual'),
(105, '2017-12-15', 'nilda28', 'Trimestral'),
(106, '2016-10-04', 'jenaropardo', 'Mensual'),
(107, '2018-02-05', 'ruthdiaz', 'Mensual'),
(108, '2016-02-08', 'guillenblanca', 'Mensual'),
(109, '2019-02-20', 'escribanonereida', 'Mensual'),
(110, '2015-09-04', 'candela92', 'Trimestral'),
(111, '2018-01-20', 'pperera', 'Trimestral'),
(112, '2020-12-03', 'lopeznicolasa', 'Trimestral'),
(113, '2015-11-20', 'xavier69', 'Mensual'),
(114, '2018-05-16', 'jose-manuel38', 'Mensual'),
(115, '2018-01-04', 'gjurado', 'Trimestral'),
(116, '2021-06-13', 'tpla', 'Mensual'),
(117, '2018-12-26', 'dolores69', 'Mensual'),
(118, '2020-08-28', 'fernandezmaria', 'Trimestral'),
(119, '2020-08-21', 'tbarragan', 'Mensual'),
(120, '2018-08-23', 'victoriaolive', 'Mensual'),
(121, '2015-06-17', 'rosalia52', 'Trimestral'),
(122, '2019-04-04', 'nelida92', 'Trimestral'),
(123, '2017-09-22', 'martiriosantamaria', 'Mensual'),
(124, '2019-01-23', 'hernandorafaela', 'Trimestral'),
(125, '2019-03-19', 'ifrias', 'Mensual'),
(126, '2016-09-20', 'cristianvizcaino', 'Mensual'),
(127, '2016-06-13', 'telmomuro', 'Trimestral'),
(128, '2016-06-21', 'upeinado', 'Trimestral'),
(129, '2015-02-06', 'rfolch', 'Trimestral'),
(130, '2021-04-06', 'brurico', 'Trimestral'),
(131, '2019-05-18', 'micaelateruel', 'Mensual'),
(132, '2016-02-20', 'macaria98', 'Trimestral'),
(133, '2017-04-24', 'iguijarro', 'Trimestral'),
(134, '2015-08-31', 'marc64', 'Mensual'),
(135, '2020-10-11', 'lastraamerico', 'Mensual'),
(136, '2015-03-13', 'lasenjo', 'Mensual'),
(137, '2015-11-28', 'fidel35', 'Trimestral'),
(138, '2015-02-06', 'serafinagrande', 'Mensual'),
(139, '2018-03-11', 'nestor14', 'Trimestral'),
(140, '2018-08-02', 'eferrando', 'Mensual'),
(141, '2017-11-15', 'vianabernabe', 'Trimestral'),
(142, '2019-06-10', 'angelica71', 'Mensual'),
(143, '2018-11-02', 'nacio25', 'Mensual'),
(144, '2018-04-08', 'ealberola', 'Mensual'),
(145, '2015-06-05', 'wbenet', 'Mensual'),
(146, '2021-07-19', 'hcorrea', 'Mensual'),
(147, '2017-11-16', 'jvega', 'Mensual'),
(148, '2021-11-16', 'novoaanna', 'Trimestral'),
(149, '2018-10-11', 'bernardita18', 'Mensual'),
(150, '2017-03-14', 'acollado', 'Trimestral'),
(151, '2020-02-11', 'carrerafelipe', 'Trimestral'),
(152, '2017-03-27', 'ecanizares', 'Mensual'),
(153, '2016-09-25', 'lasafermin', 'Mensual'),
(154, '2021-08-31', 'valentina35', 'Mensual'),
(155, '2019-11-15', 'candela79', 'Mensual'),
(156, '2019-01-08', 'epadilla', 'Mensual'),
(157, '2016-08-14', 'felipa90', 'Trimestral'),
(158, '2016-12-12', 'maristela10', 'Mensual'),
(159, '2020-05-16', 'gfonseca', 'Trimestral'),
(160, '2017-01-04', 'quique27', 'Mensual'),
(161, '2015-03-28', 'yaiza53', 'Mensual'),
(162, '2019-04-18', 'campoconstanza', 'Mensual'),
(163, '2019-02-20', 'beltranlola', 'Mensual'),
(164, '2019-07-29', 'ordonezxiomara', 'Mensual'),
(165, '2021-09-01', 'saturnina56', 'Trimestral'),
(166, '2019-06-08', 'wgibert', 'Trimestral'),
(167, '2016-01-21', 'wblanco', 'Mensual'),
(168, '2017-01-25', 'ecantero', 'Trimestral'),
(169, '2021-02-06', 'kmenendez', 'Mensual'),
(170, '2016-01-26', 'pneira', 'Mensual'),
(171, '2019-11-28', 'ingridcorrea', 'Trimestral'),
(172, '2019-10-18', 'fernandotormo', 'Trimestral'),
(173, '2016-04-27', 'maria-pilar62', 'Mensual'),
(174, '2018-02-19', 'corominaseliseo', 'Mensual'),
(175, '2018-03-25', 'bsandoval', 'Trimestral'),
(176, '2019-07-18', 'adelaida64', 'Trimestral'),
(177, '2015-10-24', 'severo33', 'Trimestral'),
(178, '2018-10-19', 'egeamaria', 'Trimestral'),
(179, '2016-01-14', 'mamador', 'Trimestral'),
(180, '2017-04-02', 'tpareja', 'Trimestral'),
(181, '2020-07-04', 'molinsepifanio', 'Trimestral'),
(182, '2019-04-30', 'eherrero', 'Mensual'),
(183, '2020-02-08', 'guilleneugenia', 'Mensual'),
(184, '2017-11-21', 'melchornieto', 'Mensual'),
(185, '2020-10-27', 'julieferran', 'Trimestral'),
(186, '2016-11-11', 'gmanjon', 'Mensual'),
(187, '2018-12-31', 'graciana85', 'Trimestral'),
(188, '2016-03-04', 'rafaelgalvez', 'Trimestral'),
(189, '2018-05-16', 'aureliano64', 'Trimestral'),
(190, '2019-02-23', 'adolfobermudez', 'Mensual'),
(191, '2017-05-26', 'ximenamorales', 'Trimestral'),
(192, '2018-01-23', 'vinaseufemia', 'Trimestral'),
(193, '2019-11-02', 'rcollado', 'Mensual'),
(194, '2020-07-03', 'martiriogalindo', 'Mensual'),
(195, '2015-09-20', 'diezvicenta', 'Mensual'),
(196, '2021-12-20', 'iris12', 'Mensual'),
(197, '2015-10-11', 'maria-luisacid', 'Mensual'),
(198, '2019-03-17', 'lara89', 'Mensual'),
(199, '2020-05-21', 'pdaza', 'Trimestral'),
(200, '2019-06-19', 'itome', 'Mensual'),
(201, '2021-02-04', 'iandreu', 'Mensual'),
(202, '2018-08-06', 'alicialago', 'Mensual'),
(203, '2017-01-02', 'monicasegovia', 'Trimestral'),
(204, '2019-05-19', 'sosimo16', 'Trimestral'),
(205, '2015-04-15', 'cristina22', 'Trimestral'),
(206, '2020-04-28', 'javi36', 'Mensual'),
(207, '2016-11-25', 'micaelahuertas', 'Trimestral'),
(208, '2018-03-29', 'andradeeugenia', 'Mensual'),
(209, '2015-11-12', 'kdaza', 'Mensual'),
(210, '2018-04-24', 'anastasio17', 'Mensual'),
(211, '2015-02-25', 'nazaretleal', 'Mensual'),
(212, '2018-10-05', 'nidia97', 'Mensual'),
(213, '2018-11-22', 'albino50', 'Mensual'),
(214, '2017-10-29', 'andrea11', 'Trimestral'),
(215, '2018-08-30', 'benaventbruno', 'Trimestral'),
(216, '2018-06-25', 'guerradebora', 'Trimestral'),
(217, '2021-08-25', 'etelvinacorbacho', 'Mensual'),
(218, '2018-07-12', 'abelvega', 'Mensual'),
(219, '2020-12-19', 'utena', 'Mensual'),
(220, '2021-04-24', 'pellicergonzalo', 'Trimestral'),
(221, '2015-06-19', 'alberdiale', 'Mensual'),
(222, '2016-04-14', 'xabellan', 'Trimestral'),
(223, '2018-08-11', 'jacobocervera', 'Trimestral'),
(224, '2015-01-07', 'carinaguijarro', 'Trimestral'),
(225, '2019-04-24', 'hespinosa', 'Trimestral'),
(226, '2019-04-13', 'bpedraza', 'Mensual'),
(227, '2015-08-14', 'tiburcioterron', 'Trimestral'),
(228, '2018-05-05', 'deliabernad', 'Mensual'),
(229, '2017-09-18', 'camilosancho', 'Mensual'),
(230, '2021-09-16', 'dchaparro', 'Mensual'),
(231, '2015-03-13', 'siborra', 'Trimestral'),
(232, '2020-09-26', 'romeroespiridion', 'Trimestral'),
(233, '2021-03-10', 'pepitopenalver', 'Trimestral'),
(234, '2020-11-26', 'estrella23', 'Trimestral'),
(235, '2020-09-03', 'edelmiralanda', 'Mensual'),
(236, '2018-08-01', 'tdiego', 'Mensual'),
(237, '2018-02-27', 'jmaldonado', 'Mensual'),
(238, '2017-02-09', 'bonetsebastian', 'Trimestral'),
(239, '2018-02-24', 'nando41', 'Trimestral'),
(240, '2018-04-03', 'ambar96', 'Mensual'),
(241, '2021-06-17', 'coliveras', 'Mensual'),
(242, '2015-02-25', 'alcarazgaspar', 'Trimestral'),
(243, '2019-01-10', 'mmartin', 'Trimestral'),
(244, '2017-09-25', 'leyre30', 'Mensual'),
(245, '2017-05-11', 'virgiliocolomer', 'Mensual'),
(246, '2020-04-13', 'mirallesdonato', 'Mensual'),
(247, '2020-09-30', 'coral64', 'Trimestral'),
(248, '2020-11-16', 'renebartolome', 'Mensual'),
(249, '2015-07-12', 'mansogilberto', 'Mensual'),
(250, '2015-09-14', 'bermudezluciano', 'Trimestral'),
(251, '2021-05-28', 'olivia90', 'Mensual'),
(252, '2021-12-18', 'cespedeszacarias', 'Trimestral'),
(253, '2021-06-15', 'aura45', 'Trimestral'),
(254, '2020-08-20', 'grandefernanda', 'Mensual'),
(255, '2017-12-06', 'aurearebollo', 'Mensual'),
(256, '2021-04-17', 'pujolpatricio', 'Trimestral'),
(257, '2015-06-19', 'gmadrid', 'Mensual'),
(258, '2015-01-14', 'srey', 'Mensual'),
(259, '2018-04-17', 'rlastra', 'Mensual'),
(260, '2015-03-22', 'blancacruz', 'Mensual'),
(261, '2015-12-25', 'anna75', 'Mensual'),
(262, '2021-08-18', 'fatima63', 'Trimestral'),
(263, '2018-09-30', 'pvillanueva', 'Trimestral'),
(264, '2020-01-30', 'idaza', 'Mensual'),
(265, '2021-05-07', 'plinio24', 'Trimestral'),
(266, '2018-01-18', 'verdejopablo', 'Trimestral'),
(267, '2021-09-04', 'rsevilla', 'Mensual'),
(268, '2021-12-21', 'sol95', 'Mensual'),
(269, '2018-05-03', 'granadosdani', 'Mensual'),
(270, '2021-09-25', 'basilio99', 'Mensual'),
(271, '2021-06-15', 'candelacastillo', 'Mensual'),
(272, '2020-01-04', 'clotildemarmol', 'Mensual'),
(273, '2020-03-31', 'sainzfito', 'Mensual'),
(274, '2017-11-02', 'canizaresximena', 'Mensual'),
(275, '2016-11-21', 'josuefranco', 'Mensual'),
(276, '2015-01-28', 'uvillanueva', 'Trimestral'),
(277, '2015-05-25', 'irene40', 'Mensual'),
(278, '2019-05-29', 'salfaro', 'Mensual'),
(279, '2018-06-18', 'haroldoamat', 'Trimestral'),
(280, '2019-06-18', 'puentefernando', 'Mensual'),
(281, '2020-12-18', 'alcoleapepito', 'Trimestral'),
(282, '2019-11-11', 'canalsjose-maria', 'Mensual'),
(283, '2015-05-25', 'gberrocal', 'Trimestral'),
(284, '2020-11-12', 'gposada', 'Mensual'),
(285, '2021-10-14', 'nerealarranaga', 'Mensual'),
(286, '2018-08-29', 'dorotea29', 'Trimestral'),
(287, '2020-02-18', 'vgalan', 'Mensual'),
(288, '2021-05-05', 'ksobrino', 'Trimestral'),
(289, '2020-04-29', 'anselmo62', 'Trimestral'),
(290, '2017-03-09', 'maria-pilarquesada', 'Trimestral'),
(291, '2016-12-09', 'arevaloimelda', 'Mensual'),
(292, '2015-12-07', 'hcamara', 'Mensual'),
(293, '2020-03-14', 'calixta69', 'Trimestral'),
(294, '2016-12-04', 'amor25', 'Trimestral'),
(295, '2016-04-21', 'wrodriguez', 'Trimestral'),
(296, '2020-06-02', 'andres-feliperozas', 'Mensual'),
(297, '2021-09-05', 'rgual', 'Trimestral'),
(298, '2018-12-30', 'valenzuelalucho', 'Trimestral'),
(299, '2015-02-08', 'piedad24', 'Trimestral'),
(300, '2017-03-20', 'tarrieta', 'Trimestral');

-- --------------------------------------------------------

--
-- Estructura de tabla para la tabla `factura`
--

CREATE TABLE `factura` (
  `idFactura` int(20) NOT NULL,
  `dataEmissio` date NOT NULL,
  `llegit` tinyint(1) NOT NULL,
  `idContracte` int(20) DEFAULT NULL
) ENGINE=InnoDB DEFAULT CHARSET=utf8mb4;

-- --------------------------------------------------------

--
-- Estructura de tabla para la tabla `missatge`
--

CREATE TABLE `missatge` (
  `idMissatge` int(20) NOT NULL,
  `dataGeneració` date NOT NULL,
  `llegit` tinyint(1) NOT NULL,
  `idContracte` int(20) NOT NULL,
  `idContingut` int(20) NOT NULL
) ENGINE=InnoDB DEFAULT CHARSET=utf8mb4;

-- --------------------------------------------------------

--
-- Estructura de tabla para la tabla `r_categoria_favorita`
--

CREATE TABLE `r_categoria_favorita` (
  `idContracte` int(20) NOT NULL,
  `nomCategoria` varchar(20) NOT NULL
) ENGINE=InnoDB DEFAULT CHARSET=utf8mb4;

--
-- Volcado de datos para la tabla `r_categoria_favorita`
--

INSERT INTO `r_categoria_favorita` (`idContracte`, `nomCategoria`) VALUES
(1, 'Acción'),
(1, 'Actualidad'),
(1, 'Adulto'),
(1, 'Animación'),
(1, 'Aventuras'),
(2, 'Acción'),
(2, 'Actualidad'),
(2, 'Adulto'),
(2, 'Animación'),
(2, 'Aventuras'),
(3, 'Acción'),
(3, 'Actualidad'),
(3, 'Adulto'),
(3, 'Animación'),
(3, 'Aventuras'),
(4, 'Acción'),
(4, 'Actualidad'),
(4, 'Adulto'),
(4, 'Animación'),
(4, 'Aventuras'),
(5, 'Acción'),
(5, 'Actualidad'),
(5, 'Adulto'),
(5, 'Animación'),
(5, 'Aventuras'),
(6, 'Acción'),
(6, 'Actualidad'),
(6, 'Adulto'),
(6, 'Animación'),
(6, 'Aventuras'),
(7, 'Acción'),
(7, 'Actualidad'),
(7, 'Adulto'),
(7, 'Animación'),
(7, 'Aventuras'),
(8, 'Acción'),
(8, 'Actualidad'),
(8, 'Adulto'),
(8, 'Animación'),
(8, 'Aventuras'),
(9, 'Acción'),
(9, 'Actualidad'),
(9, 'Adulto'),
(9, 'Animación'),
(9, 'Aventuras'),
(10, 'Acción'),
(10, 'Actualidad'),
(10, 'Adulto'),
(10, 'Animación'),
(10, 'Aventuras'),
(11, 'Acción'),
(11, 'Actualidad'),
(11, 'Adulto'),
(11, 'Animación'),
(11, 'Aventuras'),
(12, 'Acción'),
(12, 'Actualidad'),
(12, 'Adulto'),
(12, 'Animación'),
(12, 'Aventuras'),
(13, 'Acción'),
(13, 'Actualidad'),
(13, 'Adulto'),
(13, 'Animación'),
(13, 'Aventuras'),
(14, 'Acción'),
(14, 'Actualidad'),
(14, 'Adulto'),
(14, 'Animación'),
(14, 'Aventuras'),
(15, 'Acción'),
(15, 'Actualidad'),
(15, 'Adulto'),
(15, 'Animación'),
(15, 'Aventuras'),
(16, 'Acción'),
(16, 'Actualidad'),
(16, 'Adulto'),
(16, 'Animación'),
(16, 'Aventuras'),
(17, 'Acción'),
(17, 'Actualidad'),
(17, 'Adulto'),
(17, 'Animación'),
(17, 'Aventuras'),
(18, 'Acción'),
(18, 'Actualidad'),
(18, 'Adulto'),
(18, 'Animación'),
(18, 'Aventuras'),
(19, 'Acción'),
(19, 'Actualidad'),
(19, 'Adulto'),
(19, 'Animación'),
(19, 'Aventuras'),
(20, 'Acción'),
(20, 'Actualidad'),
(20, 'Adulto'),
(20, 'Animación'),
(20, 'Aventuras'),
(21, 'Acción'),
(21, 'Actualidad'),
(21, 'Adulto'),
(21, 'Animación'),
(21, 'Aventuras'),
(22, 'Acción'),
(22, 'Actualidad'),
(22, 'Adulto'),
(22, 'Animación'),
(22, 'Aventuras'),
(23, 'Acción'),
(23, 'Actualidad'),
(23, 'Adulto'),
(23, 'Animación'),
(23, 'Aventuras'),
(24, 'Acción'),
(24, 'Actualidad'),
(24, 'Adulto'),
(24, 'Animación'),
(24, 'Aventuras'),
(25, 'Acción'),
(25, 'Actualidad'),
(25, 'Adulto'),
(25, 'Animación'),
(25, 'Aventuras'),
(26, 'Acción'),
(26, 'Actualidad'),
(26, 'Adulto'),
(26, 'Animación'),
(26, 'Aventuras'),
(27, 'Acción'),
(27, 'Actualidad'),
(27, 'Adulto'),
(27, 'Animación'),
(27, 'Aventuras'),
(28, 'Acción'),
(28, 'Actualidad'),
(28, 'Adulto'),
(28, 'Animación'),
(28, 'Aventuras'),
(29, 'Acción'),
(29, 'Actualidad'),
(29, 'Adulto'),
(29, 'Animación'),
(29, 'Aventuras'),
(30, 'Acción'),
(30, 'Actualidad'),
(30, 'Adulto'),
(30, 'Animación'),
(30, 'Aventuras'),
(31, 'Acción'),
(31, 'Actualidad'),
(31, 'Adulto'),
(31, 'Animación'),
(31, 'Aventuras'),
(32, 'Acción'),
(32, 'Actualidad'),
(32, 'Adulto'),
(32, 'Animación'),
(32, 'Aventuras'),
(33, 'Acción'),
(33, 'Actualidad'),
(33, 'Adulto'),
(33, 'Animación'),
(33, 'Aventuras'),
(34, 'Acción'),
(34, 'Actualidad'),
(34, 'Adulto'),
(34, 'Animación'),
(34, 'Aventuras'),
(35, 'Acción'),
(35, 'Actualidad'),
(35, 'Adulto'),
(35, 'Animación'),
(35, 'Aventuras'),
(36, 'Acción'),
(36, 'Actualidad'),
(36, 'Adulto'),
(36, 'Animación'),
(36, 'Aventuras'),
(37, 'Acción'),
(37, 'Actualidad'),
(37, 'Adulto'),
(37, 'Animación'),
(37, 'Aventuras'),
(38, 'Acción'),
(38, 'Actualidad'),
(38, 'Adulto'),
(38, 'Animación'),
(38, 'Aventuras'),
(39, 'Acción'),
(39, 'Actualidad'),
(39, 'Adulto'),
(39, 'Animación'),
(39, 'Aventuras'),
(40, 'Acción'),
(40, 'Actualidad'),
(40, 'Adulto'),
(40, 'Animación'),
(40, 'Aventuras'),
(41, 'Acción'),
(41, 'Actualidad'),
(41, 'Adulto'),
(41, 'Animación'),
(41, 'Aventuras'),
(42, 'Acción'),
(42, 'Actualidad'),
(42, 'Adulto'),
(42, 'Animación'),
(42, 'Aventuras'),
(43, 'Acción'),
(43, 'Actualidad'),
(43, 'Adulto'),
(43, 'Animación'),
(43, 'Aventuras'),
(44, 'Acción'),
(44, 'Actualidad'),
(44, 'Adulto'),
(44, 'Animación'),
(44, 'Aventuras'),
(45, 'Acción'),
(45, 'Actualidad'),
(45, 'Adulto'),
(45, 'Animación'),
(45, 'Aventuras'),
(46, 'Acción'),
(46, 'Actualidad'),
(46, 'Adulto'),
(46, 'Animación'),
(46, 'Aventuras'),
(47, 'Acción'),
(47, 'Actualidad'),
(47, 'Adulto'),
(47, 'Animación'),
(47, 'Aventuras'),
(48, 'Acción'),
(48, 'Actualidad'),
(48, 'Adulto'),
(48, 'Animación'),
(48, 'Aventuras'),
(49, 'Acción'),
(49, 'Actualidad'),
(49, 'Adulto'),
(49, 'Animación'),
(49, 'Aventuras'),
(50, 'Acción'),
(50, 'Actualidad'),
(50, 'Adulto'),
(50, 'Animación'),
(50, 'Aventuras'),
(51, 'Acción'),
(51, 'Actualidad'),
(51, 'Adulto'),
(51, 'Animación'),
(51, 'Aventuras'),
(52, 'Acción'),
(52, 'Actualidad'),
(52, 'Adulto'),
(52, 'Animación'),
(52, 'Aventuras'),
(53, 'Acción'),
(53, 'Actualidad'),
(53, 'Adulto'),
(53, 'Animación'),
(53, 'Aventuras'),
(54, 'Acción'),
(54, 'Actualidad'),
(54, 'Adulto'),
(54, 'Animación'),
(54, 'Aventuras'),
(55, 'Acción'),
(55, 'Actualidad'),
(55, 'Adulto'),
(55, 'Animación'),
(55, 'Aventuras'),
(56, 'Acción'),
(56, 'Actualidad'),
(56, 'Adulto'),
(56, 'Animación'),
(56, 'Aventuras'),
(57, 'Acción'),
(57, 'Actualidad'),
(57, 'Adulto'),
(57, 'Animación'),
(57, 'Aventuras'),
(58, 'Acción'),
(58, 'Actualidad'),
(58, 'Adulto'),
(58, 'Animación'),
(58, 'Aventuras'),
(59, 'Acción'),
(59, 'Actualidad'),
(59, 'Adulto'),
(59, 'Animación'),
(59, 'Aventuras'),
(60, 'Acción'),
(60, 'Actualidad'),
(60, 'Adulto'),
(60, 'Animación'),
(60, 'Aventuras'),
(61, 'Acción'),
(61, 'Actualidad'),
(61, 'Adulto'),
(61, 'Animación'),
(61, 'Aventuras'),
(62, 'Acción'),
(62, 'Actualidad'),
(62, 'Adulto'),
(62, 'Animación'),
(62, 'Aventuras'),
(63, 'Acción'),
(63, 'Actualidad'),
(63, 'Adulto'),
(63, 'Animación'),
(63, 'Aventuras'),
(64, 'Acción'),
(64, 'Actualidad'),
(64, 'Adulto'),
(64, 'Animación'),
(64, 'Aventuras'),
(65, 'Acción'),
(65, 'Actualidad'),
(65, 'Adulto'),
(65, 'Animación'),
(65, 'Aventuras'),
(66, 'Acción'),
(66, 'Actualidad'),
(66, 'Adulto'),
(66, 'Animación'),
(66, 'Aventuras'),
(67, 'Acción'),
(67, 'Actualidad'),
(67, 'Adulto'),
(67, 'Animación'),
(67, 'Aventuras'),
(68, 'Acción'),
(68, 'Actualidad'),
(68, 'Adulto'),
(68, 'Animación'),
(68, 'Aventuras'),
(69, 'Acción'),
(69, 'Actualidad'),
(69, 'Adulto'),
(69, 'Animación'),
(69, 'Aventuras'),
(70, 'Acción'),
(70, 'Actualidad'),
(70, 'Adulto'),
(70, 'Animación'),
(70, 'Aventuras'),
(71, 'Acción'),
(71, 'Actualidad'),
(71, 'Adulto'),
(71, 'Animación'),
(71, 'Aventuras'),
(72, 'Acción'),
(72, 'Actualidad'),
(72, 'Adulto'),
(72, 'Animación'),
(72, 'Aventuras'),
(73, 'Acción'),
(73, 'Actualidad'),
(73, 'Adulto'),
(73, 'Animación'),
(73, 'Aventuras'),
(74, 'Acción'),
(74, 'Actualidad'),
(74, 'Adulto'),
(74, 'Animación'),
(74, 'Aventuras'),
(75, 'Acción'),
(75, 'Actualidad'),
(75, 'Adulto'),
(75, 'Animación'),
(75, 'Aventuras'),
(76, 'Acción'),
(76, 'Actualidad'),
(76, 'Adulto'),
(76, 'Animación'),
(76, 'Aventuras'),
(77, 'Acción'),
(77, 'Actualidad'),
(77, 'Adulto'),
(77, 'Animación'),
(77, 'Aventuras'),
(78, 'Acción'),
(78, 'Actualidad'),
(78, 'Adulto'),
(78, 'Animación'),
(78, 'Aventuras'),
(79, 'Acción'),
(79, 'Actualidad'),
(79, 'Adulto'),
(79, 'Animación'),
(79, 'Aventuras'),
(80, 'Acción'),
(80, 'Actualidad'),
(80, 'Adulto'),
(80, 'Animación'),
(80, 'Aventuras'),
(81, 'Acción'),
(81, 'Actualidad'),
(81, 'Adulto'),
(81, 'Animación'),
(81, 'Aventuras'),
(82, 'Acción'),
(82, 'Actualidad'),
(82, 'Adulto'),
(82, 'Animación'),
(82, 'Aventuras'),
(83, 'Acción'),
(83, 'Actualidad'),
(83, 'Adulto'),
(83, 'Animación'),
(83, 'Aventuras'),
(84, 'Acción'),
(84, 'Actualidad'),
(84, 'Adulto'),
(84, 'Animación'),
(84, 'Aventuras'),
(85, 'Acción'),
(85, 'Actualidad'),
(85, 'Adulto'),
(85, 'Animación'),
(85, 'Aventuras'),
(86, 'Acción'),
(86, 'Actualidad'),
(86, 'Adulto'),
(86, 'Animación'),
(86, 'Aventuras'),
(87, 'Acción'),
(87, 'Actualidad'),
(87, 'Adulto'),
(87, 'Animación'),
(87, 'Aventuras'),
(88, 'Acción'),
(88, 'Actualidad'),
(88, 'Adulto'),
(88, 'Animación'),
(88, 'Aventuras'),
(89, 'Acción'),
(89, 'Actualidad'),
(89, 'Adulto'),
(89, 'Animación'),
(89, 'Aventuras'),
(90, 'Acción'),
(90, 'Actualidad'),
(90, 'Adulto'),
(90, 'Animación'),
(90, 'Aventuras'),
(91, 'Acción'),
(91, 'Actualidad'),
(91, 'Adulto'),
(91, 'Animación'),
(91, 'Aventuras'),
(92, 'Acción'),
(92, 'Actualidad'),
(92, 'Adulto'),
(92, 'Animación'),
(92, 'Aventuras'),
(93, 'Acción'),
(93, 'Actualidad'),
(93, 'Adulto'),
(93, 'Animación'),
(93, 'Aventuras'),
(94, 'Acción'),
(94, 'Actualidad'),
(94, 'Adulto'),
(94, 'Animación'),
(94, 'Aventuras'),
(95, 'Acción'),
(95, 'Actualidad'),
(95, 'Adulto'),
(95, 'Animación'),
(95, 'Aventuras'),
(96, 'Acción'),
(96, 'Actualidad'),
(96, 'Adulto'),
(96, 'Animación'),
(96, 'Aventuras'),
(97, 'Acción'),
(97, 'Actualidad'),
(97, 'Adulto'),
(97, 'Animación'),
(97, 'Aventuras'),
(98, 'Acción'),
(98, 'Actualidad'),
(98, 'Adulto'),
(98, 'Animación'),
(98, 'Aventuras'),
(99, 'Acción'),
(99, 'Actualidad'),
(99, 'Adulto'),
(99, 'Animación'),
(99, 'Aventuras'),
(100, 'Acción'),
(100, 'Actualidad'),
(100, 'Adulto'),
(100, 'Animación'),
(100, 'Aventuras'),
(101, 'Acción'),
(101, 'Actualidad'),
(101, 'Adulto'),
(101, 'Animación'),
(101, 'Aventuras'),
(102, 'Acción'),
(102, 'Actualidad'),
(102, 'Adulto'),
(102, 'Animación'),
(102, 'Aventuras'),
(103, 'Acción'),
(103, 'Actualidad'),
(103, 'Adulto'),
(103, 'Animación'),
(103, 'Aventuras'),
(104, 'Acción'),
(104, 'Actualidad'),
(104, 'Adulto'),
(104, 'Animación'),
(104, 'Aventuras'),
(105, 'Acción'),
(105, 'Actualidad'),
(105, 'Adulto'),
(105, 'Animación'),
(105, 'Aventuras'),
(106, 'Acción'),
(106, 'Actualidad'),
(106, 'Adulto'),
(106, 'Animación'),
(106, 'Aventuras'),
(107, 'Acción'),
(107, 'Actualidad'),
(107, 'Adulto'),
(107, 'Animación'),
(107, 'Aventuras'),
(108, 'Acción'),
(108, 'Actualidad'),
(108, 'Adulto'),
(108, 'Animación'),
(108, 'Aventuras'),
(109, 'Acción'),
(109, 'Actualidad'),
(109, 'Adulto'),
(109, 'Animación'),
(109, 'Aventuras'),
(110, 'Acción'),
(110, 'Actualidad'),
(110, 'Adulto'),
(110, 'Animación'),
(110, 'Aventuras'),
(111, 'Acción'),
(111, 'Actualidad'),
(111, 'Adulto'),
(111, 'Animación'),
(111, 'Aventuras'),
(112, 'Acción'),
(112, 'Actualidad'),
(112, 'Adulto'),
(112, 'Animación'),
(112, 'Aventuras'),
(113, 'Acción'),
(113, 'Actualidad'),
(113, 'Adulto'),
(113, 'Animación'),
(113, 'Aventuras'),
(114, 'Acción'),
(114, 'Actualidad'),
(114, 'Adulto'),
(114, 'Animación'),
(114, 'Aventuras'),
(115, 'Acción'),
(115, 'Actualidad'),
(115, 'Adulto'),
(115, 'Animación'),
(115, 'Aventuras'),
(116, 'Acción'),
(116, 'Actualidad'),
(116, 'Adulto'),
(116, 'Animación'),
(116, 'Aventuras'),
(117, 'Acción'),
(117, 'Actualidad'),
(117, 'Adulto'),
(117, 'Animación'),
(117, 'Aventuras'),
(118, 'Acción'),
(118, 'Actualidad'),
(118, 'Adulto'),
(118, 'Animación'),
(118, 'Aventuras'),
(119, 'Acción'),
(119, 'Actualidad'),
(119, 'Adulto'),
(119, 'Animación'),
(119, 'Aventuras'),
(120, 'Acción'),
(120, 'Actualidad'),
(120, 'Adulto'),
(120, 'Animación'),
(120, 'Aventuras'),
(121, 'Acción'),
(121, 'Actualidad'),
(121, 'Adulto'),
(121, 'Animación'),
(121, 'Aventuras'),
(122, 'Acción'),
(122, 'Actualidad'),
(122, 'Adulto'),
(122, 'Animación'),
(122, 'Aventuras'),
(123, 'Acción'),
(123, 'Actualidad'),
(123, 'Adulto'),
(123, 'Animación'),
(123, 'Aventuras'),
(124, 'Acción'),
(124, 'Actualidad'),
(124, 'Adulto'),
(124, 'Animación'),
(124, 'Aventuras'),
(125, 'Acción'),
(125, 'Actualidad'),
(125, 'Adulto'),
(125, 'Animación'),
(125, 'Aventuras'),
(126, 'Acción'),
(126, 'Actualidad'),
(126, 'Adulto'),
(126, 'Animación'),
(126, 'Aventuras'),
(127, 'Acción'),
(127, 'Actualidad'),
(127, 'Adulto'),
(127, 'Animación'),
(127, 'Aventuras'),
(128, 'Acción'),
(128, 'Actualidad'),
(128, 'Adulto'),
(128, 'Animación'),
(128, 'Aventuras'),
(129, 'Acción'),
(129, 'Actualidad'),
(129, 'Adulto'),
(129, 'Animación'),
(129, 'Aventuras'),
(130, 'Acción'),
(130, 'Actualidad'),
(130, 'Adulto'),
(130, 'Animación'),
(130, 'Aventuras'),
(131, 'Acción'),
(131, 'Actualidad'),
(131, 'Adulto'),
(131, 'Animación'),
(131, 'Aventuras'),
(132, 'Acción'),
(132, 'Actualidad'),
(132, 'Adulto'),
(132, 'Animación'),
(132, 'Aventuras'),
(133, 'Acción'),
(133, 'Actualidad'),
(133, 'Adulto'),
(133, 'Animación'),
(133, 'Aventuras'),
(134, 'Acción'),
(134, 'Actualidad'),
(134, 'Adulto'),
(134, 'Animación'),
(134, 'Aventuras'),
(135, 'Acción'),
(135, 'Actualidad'),
(135, 'Adulto'),
(135, 'Animación'),
(135, 'Aventuras'),
(136, 'Acción'),
(136, 'Actualidad'),
(136, 'Adulto'),
(136, 'Animación'),
(136, 'Aventuras'),
(137, 'Acción'),
(137, 'Actualidad'),
(137, 'Adulto'),
(137, 'Animación'),
(137, 'Aventuras'),
(138, 'Acción'),
(138, 'Actualidad'),
(138, 'Adulto'),
(138, 'Animación'),
(138, 'Aventuras'),
(139, 'Acción'),
(139, 'Actualidad'),
(139, 'Adulto'),
(139, 'Animación'),
(139, 'Aventuras'),
(140, 'Acción'),
(140, 'Actualidad'),
(140, 'Adulto'),
(140, 'Animación'),
(140, 'Aventuras'),
(141, 'Acción'),
(141, 'Actualidad'),
(141, 'Adulto'),
(141, 'Animación'),
(141, 'Aventuras'),
(142, 'Acción'),
(142, 'Actualidad'),
(142, 'Adulto'),
(142, 'Animación'),
(142, 'Aventuras'),
(143, 'Acción'),
(143, 'Actualidad'),
(143, 'Adulto'),
(143, 'Animación'),
(143, 'Aventuras'),
(144, 'Acción'),
(144, 'Actualidad'),
(144, 'Adulto'),
(144, 'Animación'),
(144, 'Aventuras'),
(145, 'Acción'),
(145, 'Actualidad'),
(145, 'Adulto'),
(145, 'Animación'),
(145, 'Aventuras'),
(146, 'Acción'),
(146, 'Actualidad'),
(146, 'Adulto'),
(146, 'Animación'),
(146, 'Aventuras'),
(147, 'Acción'),
(147, 'Actualidad'),
(147, 'Adulto'),
(147, 'Animación'),
(147, 'Aventuras'),
(148, 'Acción'),
(148, 'Actualidad'),
(148, 'Adulto'),
(148, 'Animación'),
(148, 'Aventuras'),
(149, 'Acción'),
(149, 'Actualidad'),
(149, 'Adulto'),
(149, 'Animación'),
(149, 'Aventuras'),
(150, 'Acción'),
(150, 'Actualidad'),
(150, 'Adulto'),
(150, 'Animación'),
(150, 'Aventuras'),
(151, 'Acción'),
(151, 'Actualidad'),
(151, 'Adulto'),
(151, 'Animación'),
(151, 'Aventuras'),
(152, 'Acción'),
(152, 'Actualidad'),
(152, 'Adulto'),
(152, 'Animación'),
(152, 'Aventuras'),
(153, 'Acción'),
(153, 'Actualidad'),
(153, 'Adulto'),
(153, 'Animación'),
(153, 'Aventuras'),
(154, 'Acción'),
(154, 'Actualidad'),
(154, 'Adulto'),
(154, 'Animación'),
(154, 'Aventuras'),
(155, 'Acción'),
(155, 'Actualidad'),
(155, 'Adulto'),
(155, 'Animación'),
(155, 'Aventuras'),
(156, 'Acción'),
(156, 'Actualidad'),
(156, 'Adulto'),
(156, 'Animación'),
(156, 'Aventuras'),
(157, 'Acción'),
(157, 'Actualidad'),
(157, 'Adulto'),
(157, 'Animación'),
(157, 'Aventuras'),
(158, 'Acción'),
(158, 'Actualidad'),
(158, 'Adulto'),
(158, 'Animación'),
(158, 'Aventuras'),
(159, 'Acción'),
(159, 'Actualidad'),
(159, 'Adulto'),
(159, 'Animación'),
(159, 'Aventuras'),
(160, 'Acción'),
(160, 'Actualidad'),
(160, 'Adulto'),
(160, 'Animación'),
(160, 'Aventuras'),
(161, 'Acción'),
(161, 'Actualidad'),
(161, 'Adulto'),
(161, 'Animación'),
(161, 'Aventuras'),
(162, 'Acción'),
(162, 'Actualidad'),
(162, 'Adulto'),
(162, 'Animación'),
(162, 'Aventuras'),
(163, 'Acción'),
(163, 'Actualidad'),
(163, 'Adulto'),
(163, 'Animación'),
(163, 'Aventuras'),
(164, 'Acción'),
(164, 'Actualidad'),
(164, 'Adulto'),
(164, 'Animación'),
(164, 'Aventuras'),
(165, 'Acción'),
(165, 'Actualidad'),
(165, 'Adulto'),
(165, 'Animación'),
(165, 'Aventuras'),
(166, 'Acción'),
(166, 'Actualidad'),
(166, 'Adulto'),
(166, 'Animación'),
(166, 'Aventuras'),
(167, 'Acción'),
(167, 'Actualidad'),
(167, 'Adulto'),
(167, 'Animación'),
(167, 'Aventuras'),
(168, 'Acción'),
(168, 'Actualidad'),
(168, 'Adulto'),
(168, 'Animación'),
(168, 'Aventuras'),
(169, 'Acción'),
(169, 'Actualidad'),
(169, 'Adulto'),
(169, 'Animación'),
(169, 'Aventuras'),
(170, 'Acción'),
(170, 'Actualidad'),
(170, 'Adulto'),
(170, 'Animación'),
(170, 'Aventuras'),
(171, 'Acción'),
(171, 'Actualidad'),
(171, 'Adulto'),
(171, 'Animación'),
(171, 'Aventuras'),
(172, 'Acción'),
(172, 'Actualidad'),
(172, 'Adulto'),
(172, 'Animación'),
(172, 'Aventuras'),
(173, 'Acción'),
(173, 'Actualidad'),
(173, 'Adulto'),
(173, 'Animación'),
(173, 'Aventuras'),
(174, 'Acción'),
(174, 'Actualidad'),
(174, 'Adulto'),
(174, 'Animación'),
(174, 'Aventuras'),
(175, 'Acción'),
(175, 'Actualidad'),
(175, 'Adulto'),
(175, 'Animación'),
(175, 'Aventuras'),
(176, 'Acción'),
(176, 'Actualidad'),
(176, 'Adulto'),
(176, 'Animación'),
(176, 'Aventuras'),
(177, 'Acción'),
(177, 'Actualidad'),
(177, 'Adulto'),
(177, 'Animación'),
(177, 'Aventuras'),
(178, 'Acción'),
(178, 'Actualidad'),
(178, 'Adulto'),
(178, 'Animación'),
(178, 'Aventuras'),
(179, 'Acción'),
(179, 'Actualidad'),
(179, 'Adulto'),
(179, 'Animación'),
(179, 'Aventuras'),
(180, 'Acción'),
(180, 'Actualidad'),
(180, 'Adulto'),
(180, 'Animación'),
(180, 'Aventuras'),
(181, 'Acción'),
(181, 'Actualidad'),
(181, 'Adulto'),
(181, 'Animación'),
(181, 'Aventuras'),
(182, 'Acción'),
(182, 'Actualidad'),
(182, 'Adulto'),
(182, 'Animación'),
(182, 'Aventuras'),
(183, 'Acción'),
(183, 'Actualidad'),
(183, 'Adulto'),
(183, 'Animación'),
(183, 'Aventuras'),
(184, 'Acción'),
(184, 'Actualidad'),
(184, 'Adulto'),
(184, 'Animación'),
(184, 'Aventuras'),
(185, 'Acción'),
(185, 'Actualidad'),
(185, 'Adulto'),
(185, 'Animación'),
(185, 'Aventuras'),
(186, 'Acción'),
(186, 'Actualidad'),
(186, 'Adulto'),
(186, 'Animación'),
(186, 'Aventuras'),
(187, 'Acción'),
(187, 'Actualidad'),
(187, 'Adulto'),
(187, 'Animación'),
(187, 'Aventuras'),
(188, 'Acción'),
(188, 'Actualidad'),
(188, 'Adulto'),
(188, 'Animación'),
(188, 'Aventuras'),
(189, 'Acción'),
(189, 'Actualidad'),
(189, 'Adulto'),
(189, 'Animación'),
(189, 'Aventuras'),
(190, 'Acción'),
(190, 'Actualidad'),
(190, 'Adulto'),
(190, 'Animación'),
(190, 'Aventuras'),
(191, 'Acción'),
(191, 'Actualidad'),
(191, 'Adulto'),
(191, 'Animación'),
(191, 'Aventuras'),
(192, 'Acción'),
(192, 'Actualidad'),
(192, 'Adulto'),
(192, 'Animación'),
(192, 'Aventuras'),
(193, 'Acción'),
(193, 'Actualidad'),
(193, 'Adulto'),
(193, 'Animación'),
(193, 'Aventuras'),
(194, 'Acción'),
(194, 'Actualidad'),
(194, 'Adulto'),
(194, 'Animación'),
(194, 'Aventuras'),
(195, 'Acción'),
(195, 'Actualidad'),
(195, 'Adulto'),
(195, 'Animación'),
(195, 'Aventuras'),
(196, 'Acción'),
(196, 'Actualidad'),
(196, 'Adulto'),
(196, 'Animación'),
(196, 'Aventuras'),
(197, 'Acción'),
(197, 'Actualidad'),
(197, 'Adulto'),
(197, 'Animación'),
(197, 'Aventuras'),
(198, 'Acción'),
(198, 'Actualidad'),
(198, 'Adulto'),
(198, 'Animación'),
(198, 'Aventuras'),
(199, 'Acción'),
(199, 'Actualidad'),
(199, 'Adulto'),
(199, 'Animación'),
(199, 'Aventuras'),
(200, 'Acción'),
(200, 'Actualidad'),
(200, 'Adulto'),
(200, 'Animación'),
(200, 'Aventuras'),
(201, 'Acción'),
(201, 'Actualidad'),
(201, 'Adulto'),
(201, 'Animación'),
(201, 'Aventuras'),
(202, 'Acción'),
(202, 'Actualidad'),
(202, 'Adulto'),
(202, 'Animación'),
(202, 'Aventuras'),
(203, 'Acción'),
(203, 'Actualidad'),
(203, 'Adulto'),
(203, 'Animación'),
(203, 'Aventuras'),
(204, 'Acción'),
(204, 'Actualidad'),
(204, 'Adulto'),
(204, 'Animación'),
(204, 'Aventuras'),
(205, 'Acción'),
(205, 'Actualidad'),
(205, 'Adulto'),
(205, 'Animación'),
(205, 'Aventuras'),
(206, 'Acción'),
(206, 'Actualidad'),
(206, 'Adulto'),
(206, 'Animación'),
(206, 'Aventuras'),
(207, 'Acción'),
(207, 'Actualidad'),
(207, 'Adulto'),
(207, 'Animación'),
(207, 'Aventuras'),
(208, 'Acción'),
(208, 'Actualidad'),
(208, 'Adulto'),
(208, 'Animación'),
(208, 'Aventuras'),
(209, 'Acción'),
(209, 'Actualidad'),
(209, 'Adulto'),
(209, 'Animación'),
(209, 'Aventuras'),
(210, 'Acción'),
(210, 'Actualidad'),
(210, 'Adulto'),
(210, 'Animación'),
(210, 'Aventuras'),
(211, 'Acción'),
(211, 'Actualidad'),
(211, 'Adulto'),
(211, 'Animación'),
(211, 'Aventuras'),
(212, 'Acción'),
(212, 'Actualidad'),
(212, 'Adulto'),
(212, 'Animación'),
(212, 'Aventuras'),
(213, 'Acción'),
(213, 'Actualidad'),
(213, 'Adulto'),
(213, 'Animación'),
(213, 'Aventuras'),
(214, 'Acción'),
(214, 'Actualidad'),
(214, 'Adulto'),
(214, 'Animación'),
(214, 'Aventuras'),
(215, 'Acción'),
(215, 'Actualidad'),
(215, 'Adulto'),
(215, 'Animación'),
(215, 'Aventuras'),
(216, 'Acción'),
(216, 'Actualidad'),
(216, 'Adulto'),
(216, 'Animación'),
(216, 'Aventuras'),
(217, 'Acción'),
(217, 'Actualidad'),
(217, 'Adulto'),
(217, 'Animación'),
(217, 'Aventuras'),
(218, 'Acción'),
(218, 'Actualidad'),
(218, 'Adulto'),
(218, 'Animación'),
(218, 'Aventuras'),
(219, 'Acción'),
(219, 'Actualidad'),
(219, 'Adulto'),
(219, 'Animación'),
(219, 'Aventuras'),
(220, 'Acción'),
(220, 'Actualidad'),
(220, 'Adulto'),
(220, 'Animación'),
(220, 'Aventuras'),
(221, 'Acción'),
(221, 'Actualidad'),
(221, 'Adulto'),
(221, 'Animación'),
(221, 'Aventuras'),
(222, 'Acción'),
(222, 'Actualidad'),
(222, 'Adulto'),
(222, 'Animación'),
(222, 'Aventuras'),
(223, 'Acción'),
(223, 'Actualidad'),
(223, 'Adulto'),
(223, 'Animación'),
(223, 'Aventuras'),
(224, 'Acción'),
(224, 'Actualidad'),
(224, 'Adulto'),
(224, 'Animación'),
(224, 'Aventuras'),
(225, 'Acción'),
(225, 'Actualidad'),
(225, 'Adulto'),
(225, 'Animación'),
(225, 'Aventuras'),
(226, 'Acción'),
(226, 'Actualidad'),
(226, 'Adulto'),
(226, 'Animación'),
(226, 'Aventuras'),
(227, 'Acción'),
(227, 'Actualidad'),
(227, 'Adulto'),
(227, 'Animación'),
(227, 'Aventuras'),
(228, 'Acción'),
(228, 'Actualidad'),
(228, 'Adulto'),
(228, 'Animación'),
(228, 'Aventuras'),
(229, 'Acción'),
(229, 'Actualidad'),
(229, 'Adulto'),
(229, 'Animación'),
(229, 'Aventuras'),
(230, 'Acción'),
(230, 'Actualidad'),
(230, 'Adulto'),
(230, 'Animación'),
(230, 'Aventuras'),
(231, 'Acción'),
(231, 'Actualidad'),
(231, 'Adulto'),
(231, 'Animación'),
(231, 'Aventuras'),
(232, 'Acción'),
(232, 'Actualidad'),
(232, 'Adulto'),
(232, 'Animación'),
(232, 'Aventuras'),
(233, 'Acción'),
(233, 'Actualidad'),
(233, 'Adulto'),
(233, 'Animación'),
(233, 'Aventuras'),
(234, 'Acción'),
(234, 'Actualidad'),
(234, 'Adulto'),
(234, 'Animación'),
(234, 'Aventuras'),
(235, 'Acción'),
(235, 'Actualidad'),
(235, 'Adulto'),
(235, 'Animación'),
(235, 'Aventuras'),
(236, 'Acción'),
(236, 'Actualidad'),
(236, 'Adulto'),
(236, 'Animación'),
(236, 'Aventuras'),
(237, 'Acción'),
(237, 'Actualidad'),
(237, 'Adulto'),
(237, 'Animación'),
(237, 'Aventuras'),
(238, 'Acción'),
(238, 'Actualidad'),
(238, 'Adulto'),
(238, 'Animación'),
(238, 'Aventuras'),
(239, 'Acción'),
(239, 'Actualidad'),
(239, 'Adulto'),
(239, 'Animación'),
(239, 'Aventuras'),
(240, 'Acción'),
(240, 'Actualidad'),
(240, 'Adulto'),
(240, 'Animación'),
(240, 'Aventuras'),
(241, 'Acción'),
(241, 'Actualidad'),
(241, 'Adulto'),
(241, 'Animación'),
(241, 'Aventuras'),
(242, 'Acción'),
(242, 'Actualidad'),
(242, 'Adulto'),
(242, 'Animación'),
(242, 'Aventuras'),
(243, 'Acción'),
(243, 'Actualidad'),
(243, 'Adulto'),
(243, 'Animación'),
(243, 'Aventuras'),
(244, 'Acción'),
(244, 'Actualidad'),
(244, 'Adulto'),
(244, 'Animación'),
(244, 'Aventuras'),
(245, 'Acción'),
(245, 'Actualidad'),
(245, 'Adulto'),
(245, 'Animación'),
(245, 'Aventuras'),
(246, 'Acción'),
(246, 'Actualidad'),
(246, 'Adulto'),
(246, 'Animación'),
(246, 'Aventuras'),
(247, 'Acción'),
(247, 'Actualidad'),
(247, 'Adulto'),
(247, 'Animación'),
(247, 'Aventuras'),
(248, 'Acción'),
(248, 'Actualidad'),
(248, 'Adulto'),
(248, 'Animación'),
(248, 'Aventuras'),
(249, 'Acción'),
(249, 'Actualidad'),
(249, 'Adulto'),
(249, 'Animación'),
(249, 'Aventuras'),
(250, 'Acción'),
(250, 'Actualidad'),
(250, 'Adulto'),
(250, 'Animación'),
(250, 'Aventuras'),
(251, 'Acción'),
(251, 'Actualidad'),
(251, 'Adulto'),
(251, 'Animación'),
(251, 'Aventuras'),
(252, 'Acción'),
(252, 'Actualidad'),
(252, 'Adulto'),
(252, 'Animación'),
(252, 'Aventuras'),
(253, 'Acción'),
(253, 'Actualidad'),
(253, 'Adulto'),
(253, 'Animación'),
(253, 'Aventuras'),
(254, 'Acción'),
(254, 'Actualidad'),
(254, 'Adulto'),
(254, 'Animación'),
(254, 'Aventuras'),
(255, 'Acción'),
(255, 'Actualidad'),
(255, 'Adulto'),
(255, 'Animación'),
(255, 'Aventuras'),
(256, 'Acción'),
(256, 'Actualidad'),
(256, 'Adulto'),
(256, 'Animación'),
(256, 'Aventuras'),
(257, 'Acción'),
(257, 'Actualidad'),
(257, 'Adulto'),
(257, 'Animación'),
(257, 'Aventuras'),
(258, 'Acción'),
(258, 'Actualidad'),
(258, 'Adulto'),
(258, 'Animación'),
(258, 'Aventuras'),
(259, 'Acción'),
(259, 'Actualidad'),
(259, 'Adulto'),
(259, 'Animación'),
(259, 'Aventuras'),
(260, 'Acción'),
(260, 'Actualidad'),
(260, 'Adulto'),
(260, 'Animación'),
(260, 'Aventuras'),
(261, 'Acción'),
(261, 'Actualidad'),
(261, 'Adulto'),
(261, 'Animación'),
(261, 'Aventuras'),
(262, 'Acción'),
(262, 'Actualidad'),
(262, 'Adulto'),
(262, 'Animación'),
(262, 'Aventuras'),
(263, 'Acción'),
(263, 'Actualidad'),
(263, 'Adulto'),
(263, 'Animación'),
(263, 'Aventuras'),
(264, 'Acción'),
(264, 'Actualidad'),
(264, 'Adulto'),
(264, 'Animación'),
(264, 'Aventuras'),
(265, 'Acción'),
(265, 'Actualidad'),
(265, 'Adulto'),
(265, 'Animación'),
(265, 'Aventuras'),
(266, 'Acción'),
(266, 'Actualidad'),
(266, 'Adulto'),
(266, 'Animación'),
(266, 'Aventuras'),
(267, 'Acción'),
(267, 'Actualidad'),
(267, 'Adulto'),
(267, 'Animación'),
(267, 'Aventuras'),
(268, 'Acción'),
(268, 'Actualidad'),
(268, 'Adulto'),
(268, 'Animación'),
(268, 'Aventuras'),
(269, 'Acción'),
(269, 'Actualidad'),
(269, 'Adulto'),
(269, 'Animación'),
(269, 'Aventuras'),
(270, 'Acción'),
(270, 'Actualidad'),
(270, 'Adulto'),
(270, 'Animación'),
(270, 'Aventuras'),
(271, 'Acción'),
(271, 'Actualidad'),
(271, 'Adulto'),
(271, 'Animación'),
(271, 'Aventuras'),
(272, 'Acción'),
(272, 'Actualidad'),
(272, 'Adulto'),
(272, 'Animación'),
(272, 'Aventuras'),
(273, 'Acción'),
(273, 'Actualidad'),
(273, 'Adulto'),
(273, 'Animación'),
(273, 'Aventuras'),
(274, 'Acción'),
(274, 'Actualidad'),
(274, 'Adulto'),
(274, 'Animación'),
(274, 'Aventuras'),
(275, 'Acción'),
(275, 'Actualidad'),
(275, 'Adulto'),
(275, 'Animación'),
(275, 'Aventuras'),
(276, 'Acción'),
(276, 'Actualidad'),
(276, 'Adulto'),
(276, 'Animación'),
(276, 'Aventuras'),
(277, 'Acción'),
(277, 'Actualidad'),
(277, 'Adulto'),
(277, 'Animación'),
(277, 'Aventuras'),
(278, 'Acción'),
(278, 'Actualidad'),
(278, 'Adulto'),
(278, 'Animación'),
(278, 'Aventuras'),
(279, 'Acción'),
(279, 'Actualidad'),
(279, 'Adulto'),
(279, 'Animación'),
(279, 'Aventuras'),
(280, 'Acción'),
(280, 'Actualidad'),
(280, 'Adulto'),
(280, 'Animación'),
(280, 'Aventuras'),
(281, 'Acción'),
(281, 'Actualidad'),
(281, 'Adulto'),
(281, 'Animación'),
(281, 'Aventuras'),
(282, 'Acción'),
(282, 'Actualidad'),
(282, 'Adulto'),
(282, 'Animación'),
(282, 'Aventuras'),
(283, 'Acción'),
(283, 'Actualidad'),
(283, 'Adulto'),
(283, 'Animación'),
(283, 'Aventuras'),
(284, 'Acción'),
(284, 'Actualidad'),
(284, 'Adulto'),
(284, 'Animación'),
(284, 'Aventuras'),
(285, 'Acción'),
(285, 'Actualidad'),
(285, 'Adulto'),
(285, 'Animación'),
(285, 'Aventuras'),
(286, 'Acción'),
(286, 'Actualidad'),
(286, 'Adulto'),
(286, 'Animación'),
(286, 'Aventuras'),
(287, 'Acción'),
(287, 'Actualidad'),
(287, 'Adulto'),
(287, 'Animación'),
(287, 'Aventuras'),
(288, 'Acción'),
(288, 'Actualidad'),
(288, 'Adulto'),
(288, 'Animación'),
(288, 'Aventuras'),
(289, 'Acción'),
(289, 'Actualidad'),
(289, 'Adulto'),
(289, 'Animación'),
(289, 'Aventuras'),
(290, 'Acción'),
(290, 'Actualidad'),
(290, 'Adulto'),
(290, 'Animación'),
(290, 'Aventuras'),
(291, 'Acción'),
(291, 'Actualidad'),
(291, 'Adulto'),
(291, 'Animación'),
(291, 'Aventuras'),
(292, 'Acción'),
(292, 'Actualidad'),
(292, 'Adulto'),
(292, 'Animación'),
(292, 'Aventuras'),
(293, 'Acción'),
(293, 'Actualidad'),
(293, 'Adulto'),
(293, 'Animación'),
(293, 'Aventuras'),
(294, 'Acción'),
(294, 'Actualidad'),
(294, 'Adulto'),
(294, 'Animación'),
(294, 'Aventuras'),
(295, 'Acción'),
(295, 'Actualidad'),
(295, 'Adulto'),
(295, 'Animación'),
(295, 'Aventuras'),
(296, 'Acción'),
(296, 'Actualidad'),
(296, 'Adulto'),
(296, 'Animación'),
(296, 'Aventuras'),
(297, 'Acción'),
(297, 'Actualidad'),
(297, 'Adulto'),
(297, 'Animación'),
(297, 'Aventuras'),
(298, 'Acción'),
(298, 'Actualidad'),
(298, 'Adulto'),
(298, 'Animación'),
(298, 'Aventuras');

-- --------------------------------------------------------

--
-- Estructura de tabla para la tabla `r_contingut_favorit`
--

CREATE TABLE `r_contingut_favorit` (
  `idContracte` int(20) NOT NULL,
  `idContingut` int(20) NOT NULL
) ENGINE=InnoDB DEFAULT CHARSET=utf8mb4;

--
-- Volcado de datos para la tabla `r_contingut_favorit`
--

INSERT INTO `r_contingut_favorit` (`idContracte`, `idContingut`) VALUES
(1, 6),
(1, 9),
(1, 17),
(1, 22),
(1, 33),
(1, 35),
(1, 36),
(1, 39),
(1, 45),
(1, 49),
(2, 5),
(2, 7),
(2, 16),
(2, 36),
(2, 38),
(2, 41),
(2, 43),
(2, 44),
(2, 46),
(2, 47),
(3, 1),
(3, 2),
(3, 20),
(3, 21),
(3, 23),
(3, 25),
(3, 26),
(3, 38),
(3, 43),
(3, 46),
(4, 6),
(4, 16),
(4, 19),
(4, 27),
(4, 32),
(4, 33),
(4, 34),
(4, 38),
(4, 41),
(4, 47),
(5, 1),
(5, 6),
(5, 17),
(5, 24),
(5, 25),
(5, 31),
(5, 33),
(5, 36),
(5, 42),
(5, 45),
(6, 7),
(6, 9),
(6, 11),
(6, 14),
(6, 21),
(6, 24),
(6, 38),
(6, 41),
(6, 44),
(6, 46),
(7, 13),
(7, 17),
(7, 20),
(7, 23),
(7, 25),
(7, 31),
(7, 33),
(7, 37),
(7, 40),
(7, 45),
(8, 4),
(8, 12),
(8, 13),
(8, 17),
(8, 28),
(8, 32),
(8, 36),
(8, 42),
(8, 47),
(8, 49),
(9, 1),
(9, 6),
(9, 7),
(9, 15),
(9, 21),
(9, 22),
(9, 24),
(9, 36),
(9, 44),
(9, 48),
(10, 3),
(10, 7),
(10, 9),
(10, 14),
(10, 16),
(10, 18),
(10, 24),
(10, 26),
(10, 30),
(10, 45),
(11, 2),
(11, 4),
(11, 12),
(11, 18),
(11, 25),
(11, 31),
(11, 39),
(11, 40),
(11, 42),
(11, 44),
(12, 7),
(12, 16),
(12, 20),
(12, 21),
(12, 27),
(12, 28),
(12, 30),
(12, 36),
(12, 38),
(12, 40),
(13, 4),
(13, 8),
(13, 11),
(13, 25),
(13, 32),
(13, 35),
(13, 39),
(13, 44),
(13, 45),
(13, 47),
(14, 6),
(14, 7),
(14, 19),
(14, 26),
(14, 27),
(14, 28),
(14, 39),
(14, 43),
(14, 44),
(14, 46),
(15, 1),
(15, 2),
(15, 6),
(15, 10),
(15, 11),
(15, 12),
(15, 24),
(15, 28),
(15, 44),
(15, 45),
(16, 3),
(16, 12),
(16, 14),
(16, 21),
(16, 27),
(16, 29),
(16, 30),
(16, 31),
(16, 40),
(16, 48),
(17, 2),
(17, 6),
(17, 12),
(17, 17),
(17, 24),
(17, 25),
(17, 37),
(17, 38),
(17, 45),
(17, 49),
(18, 2),
(18, 4),
(18, 8),
(18, 22),
(18, 26),
(18, 29),
(18, 31),
(18, 42),
(18, 46),
(18, 48),
(19, 2),
(19, 10),
(19, 19),
(19, 20),
(19, 22),
(19, 26),
(19, 29),
(19, 30),
(19, 32),
(19, 45),
(20, 6),
(20, 8),
(20, 17),
(20, 18),
(20, 26),
(20, 37),
(20, 41),
(20, 42),
(20, 43),
(20, 45),
(21, 13),
(21, 17),
(21, 18),
(21, 19),
(21, 20),
(21, 30),
(21, 34),
(21, 36),
(21, 39),
(21, 41),
(22, 10),
(22, 11),
(22, 17),
(22, 24),
(22, 36),
(22, 37),
(22, 39),
(22, 40),
(22, 42),
(22, 44),
(23, 10),
(23, 11),
(23, 12),
(23, 16),
(23, 21),
(23, 23),
(23, 26),
(23, 29),
(23, 35),
(23, 39),
(24, 8),
(24, 13),
(24, 16),
(24, 17),
(24, 25),
(24, 31),
(24, 32),
(24, 34),
(24, 36),
(24, 45),
(25, 1),
(25, 10),
(25, 13),
(25, 21),
(25, 22),
(25, 28),
(25, 29),
(25, 41),
(25, 42),
(25, 46),
(26, 1),
(26, 9),
(26, 11),
(26, 15),
(26, 20),
(26, 31),
(26, 36),
(26, 37),
(26, 40),
(26, 44),
(27, 9),
(27, 12),
(27, 16),
(27, 21),
(27, 26),
(27, 28),
(27, 29),
(27, 32),
(27, 39),
(27, 47),
(28, 1),
(28, 6),
(28, 15),
(28, 16),
(28, 24),
(28, 39),
(28, 42),
(28, 43),
(28, 45),
(28, 47),
(29, 4),
(29, 7),
(29, 8),
(29, 14),
(29, 17),
(29, 21),
(29, 23),
(29, 28),
(29, 46),
(29, 47),
(30, 2),
(30, 8),
(30, 10),
(30, 24),
(30, 25),
(30, 28),
(30, 29),
(30, 31),
(30, 43),
(30, 44),
(31, 6),
(31, 13),
(31, 18),
(31, 25),
(31, 33),
(31, 36),
(31, 38),
(31, 40),
(31, 45),
(31, 48),
(32, 5),
(32, 6),
(32, 13),
(32, 22),
(32, 26),
(32, 28),
(32, 33),
(32, 37),
(32, 39),
(32, 48),
(33, 4),
(33, 25),
(33, 27),
(33, 29),
(33, 31),
(33, 38),
(33, 39),
(33, 42),
(33, 44),
(33, 45),
(34, 1),
(34, 2),
(34, 10),
(34, 11),
(34, 18),
(34, 27),
(34, 28),
(34, 33),
(34, 36),
(34, 43),
(35, 5),
(35, 10),
(35, 13),
(35, 18),
(35, 29),
(35, 30),
(35, 31),
(35, 39),
(35, 42),
(35, 46),
(36, 5),
(36, 8),
(36, 15),
(36, 18),
(36, 21),
(36, 30),
(36, 37),
(36, 41),
(36, 43),
(36, 46),
(37, 14),
(37, 17),
(37, 19),
(37, 25),
(37, 31),
(37, 33),
(37, 42),
(37, 45),
(37, 46),
(37, 47),
(38, 6),
(38, 9),
(38, 14),
(38, 15),
(38, 17),
(38, 25),
(38, 29),
(38, 31),
(38, 35),
(38, 41),
(39, 4),
(39, 5),
(39, 11),
(39, 12),
(39, 13),
(39, 33),
(39, 37),
(39, 41),
(39, 43),
(39, 44),
(40, 1),
(40, 4),
(40, 7),
(40, 10),
(40, 30),
(40, 32),
(40, 40),
(40, 44),
(40, 46),
(40, 48),
(41, 6),
(41, 11),
(41, 14),
(41, 24),
(41, 29),
(41, 30),
(41, 31),
(41, 43),
(41, 44),
(41, 49),
(42, 11),
(42, 14),
(42, 17),
(42, 18),
(42, 21),
(42, 26),
(42, 29),
(42, 31),
(42, 34),
(42, 40),
(43, 9),
(43, 12),
(43, 13),
(43, 15),
(43, 18),
(43, 21),
(43, 28),
(43, 31),
(43, 37),
(43, 40),
(44, 13),
(44, 17),
(44, 25),
(44, 29),
(44, 31),
(44, 33),
(44, 36),
(44, 42),
(44, 44),
(44, 46),
(45, 1),
(45, 6),
(45, 17),
(45, 18),
(45, 22),
(45, 34),
(45, 35),
(45, 45),
(45, 48),
(45, 49),
(46, 2),
(46, 5),
(46, 22),
(46, 26),
(46, 28),
(46, 31),
(46, 32),
(46, 34),
(46, 36),
(46, 38),
(47, 4),
(47, 11),
(47, 13),
(47, 17),
(47, 30),
(47, 32),
(47, 33),
(47, 36),
(47, 38),
(47, 46),
(48, 5),
(48, 8),
(48, 9),
(48, 18),
(48, 23),
(48, 29),
(48, 35),
(48, 38),
(48, 46),
(48, 48),
(49, 2),
(49, 4),
(49, 6),
(49, 15),
(49, 21),
(49, 22),
(49, 27),
(49, 31),
(49, 45),
(49, 48),
(50, 2),
(50, 5),
(50, 6),
(50, 16),
(50, 17),
(50, 19),
(50, 24),
(50, 35),
(50, 44),
(50, 45),
(51, 1),
(51, 3),
(51, 12),
(51, 22),
(51, 25),
(51, 26),
(51, 27),
(51, 35),
(51, 45),
(51, 48),
(52, 1),
(52, 4),
(52, 6),
(52, 21),
(52, 23),
(52, 36),
(52, 37),
(52, 39),
(52, 43),
(52, 47),
(53, 3),
(53, 7),
(53, 11),
(53, 15),
(53, 17),
(53, 27),
(53, 28),
(53, 31),
(53, 32),
(53, 41),
(54, 3),
(54, 6),
(54, 7),
(54, 9),
(54, 15),
(54, 23),
(54, 24),
(54, 27),
(54, 37),
(54, 47),
(55, 1),
(55, 14),
(55, 26),
(55, 27),
(55, 37),
(55, 38),
(55, 39),
(55, 40),
(55, 48),
(55, 49),
(56, 1),
(56, 7),
(56, 9),
(56, 12),
(56, 20),
(56, 22),
(56, 23),
(56, 28),
(56, 30),
(56, 38),
(57, 1),
(57, 21),
(57, 22),
(57, 23),
(57, 28),
(57, 35),
(57, 41),
(57, 43),
(57, 44),
(57, 49),
(58, 6),
(58, 9),
(58, 12),
(58, 22),
(58, 24),
(58, 31),
(58, 36),
(58, 37),
(58, 38),
(58, 49),
(59, 6),
(59, 9),
(59, 14),
(59, 16),
(59, 27),
(59, 28),
(59, 32),
(59, 33),
(59, 35),
(59, 43),
(60, 6),
(60, 15),
(60, 19),
(60, 20),
(60, 27),
(60, 34),
(60, 40),
(60, 44),
(60, 46),
(60, 47),
(61, 1),
(61, 23),
(61, 25),
(61, 27),
(61, 37),
(61, 42),
(61, 43),
(61, 44),
(61, 45),
(61, 49),
(62, 2),
(62, 10),
(62, 15),
(62, 18),
(62, 28),
(62, 32),
(62, 33),
(62, 44),
(62, 46),
(62, 48),
(63, 6),
(63, 12),
(63, 13),
(63, 15),
(63, 18),
(63, 23),
(63, 25),
(63, 36),
(63, 40),
(63, 42),
(64, 4),
(64, 5),
(64, 11),
(64, 20),
(64, 21),
(64, 26),
(64, 34),
(64, 37),
(64, 40),
(64, 49),
(65, 6),
(65, 7),
(65, 8),
(65, 15),
(65, 19),
(65, 20),
(65, 28),
(65, 30),
(65, 45),
(65, 47),
(66, 1),
(66, 6),
(66, 10),
(66, 13),
(66, 23),
(66, 24),
(66, 28),
(66, 37),
(66, 43),
(66, 49),
(67, 3),
(67, 24),
(67, 25),
(67, 26),
(67, 30),
(67, 31),
(67, 35),
(67, 39),
(67, 46),
(67, 48),
(68, 2),
(68, 3),
(68, 14),
(68, 22),
(68, 24),
(68, 25),
(68, 29),
(68, 30),
(68, 44),
(68, 47),
(69, 5),
(69, 14),
(69, 15),
(69, 17),
(69, 31),
(69, 35),
(69, 36),
(69, 41),
(69, 44),
(69, 46),
(70, 3),
(70, 15),
(70, 16),
(70, 20),
(70, 24),
(70, 28),
(70, 39),
(70, 40),
(70, 43),
(70, 46),
(71, 2),
(71, 20),
(71, 21),
(71, 30),
(71, 34),
(71, 38),
(71, 39),
(71, 40),
(71, 42),
(71, 47),
(72, 5),
(72, 8),
(72, 10),
(72, 13),
(72, 19),
(72, 21),
(72, 31),
(72, 40),
(72, 45),
(72, 47),
(73, 3),
(73, 9),
(73, 14),
(73, 20),
(73, 21),
(73, 28),
(73, 38),
(73, 44),
(73, 45),
(73, 46),
(74, 2),
(74, 5),
(74, 15),
(74, 23),
(74, 24),
(74, 27),
(74, 28),
(74, 43),
(74, 45),
(74, 46),
(75, 1),
(75, 3),
(75, 12),
(75, 13),
(75, 20),
(75, 28),
(75, 30),
(75, 38),
(75, 41),
(75, 46),
(76, 1),
(76, 10),
(76, 11),
(76, 14),
(76, 22),
(76, 28),
(76, 34),
(76, 35),
(76, 43),
(76, 49),
(77, 2),
(77, 8),
(77, 11),
(77, 22),
(77, 27),
(77, 28),
(77, 29),
(77, 34),
(77, 38),
(77, 49),
(78, 4),
(78, 5),
(78, 7),
(78, 10),
(78, 16),
(78, 20),
(78, 33),
(78, 35),
(78, 42),
(78, 44),
(79, 3),
(79, 7),
(79, 10),
(79, 18),
(79, 24),
(79, 26),
(79, 35),
(79, 41),
(79, 42),
(79, 46),
(80, 7),
(80, 16),
(80, 25),
(80, 26),
(80, 28),
(80, 30),
(80, 31),
(80, 33),
(80, 37),
(80, 43),
(81, 8),
(81, 15),
(81, 25),
(81, 27),
(81, 28),
(81, 35),
(81, 40),
(81, 42),
(81, 46),
(81, 48),
(82, 5),
(82, 19),
(82, 20),
(82, 24),
(82, 29),
(82, 30),
(82, 34),
(82, 35),
(82, 39),
(82, 49),
(83, 3),
(83, 6),
(83, 9),
(83, 11),
(83, 16),
(83, 36),
(83, 44),
(83, 45),
(83, 46),
(83, 49),
(84, 3),
(84, 6),
(84, 7),
(84, 10),
(84, 11),
(84, 22),
(84, 31),
(84, 32),
(84, 34),
(84, 37),
(85, 2),
(85, 4),
(85, 6),
(85, 8),
(85, 10),
(85, 13),
(85, 25),
(85, 37),
(85, 47),
(85, 48),
(86, 6),
(86, 7),
(86, 12),
(86, 14),
(86, 19),
(86, 24),
(86, 25),
(86, 26),
(86, 45),
(86, 49),
(87, 12),
(87, 23),
(87, 25),
(87, 29),
(87, 30),
(87, 32),
(87, 39),
(87, 44),
(87, 47),
(87, 48),
(88, 14),
(88, 15),
(88, 18),
(88, 20),
(88, 21),
(88, 25),
(88, 29),
(88, 35),
(88, 40),
(88, 44),
(89, 6),
(89, 15),
(89, 23),
(89, 26),
(89, 28),
(89, 37),
(89, 38),
(89, 40),
(89, 43),
(89, 46),
(90, 3),
(90, 8),
(90, 13),
(90, 24),
(90, 33),
(90, 35),
(90, 39),
(90, 42),
(90, 43),
(90, 47),
(91, 10),
(91, 17),
(91, 23),
(91, 25),
(91, 35),
(91, 36),
(91, 37),
(91, 39),
(91, 42),
(91, 48),
(92, 8),
(92, 10),
(92, 22),
(92, 23),
(92, 29),
(92, 30),
(92, 34),
(92, 40),
(92, 44),
(92, 46),
(93, 4),
(93, 12),
(93, 13),
(93, 19),
(93, 27),
(93, 32),
(93, 36),
(93, 38),
(93, 45),
(93, 46),
(94, 6),
(94, 7),
(94, 8),
(94, 12),
(94, 14),
(94, 25),
(94, 33),
(94, 39),
(94, 41),
(94, 49),
(95, 6),
(95, 20),
(95, 29),
(95, 32),
(95, 36),
(95, 37),
(95, 39),
(95, 41),
(95, 44),
(95, 48),
(96, 9),
(96, 12),
(96, 13),
(96, 18),
(96, 20),
(96, 26),
(96, 30),
(96, 32),
(96, 36),
(96, 45),
(97, 2),
(97, 4),
(97, 6),
(97, 7),
(97, 13),
(97, 14),
(97, 27),
(97, 38),
(97, 46),
(97, 47),
(98, 7),
(98, 13),
(98, 16),
(98, 18),
(98, 20),
(98, 21),
(98, 28),
(98, 32),
(98, 34),
(98, 45),
(99, 1),
(99, 6),
(99, 10),
(99, 16),
(99, 17),
(99, 28),
(99, 29),
(99, 41),
(99, 42),
(99, 48),
(100, 3),
(100, 6),
(100, 10),
(100, 15),
(100, 19),
(100, 23),
(100, 29),
(100, 30),
(100, 32),
(100, 41),
(101, 5),
(101, 6),
(101, 16),
(101, 19),
(101, 24),
(101, 28),
(101, 32),
(101, 34),
(101, 35),
(101, 45),
(102, 10),
(102, 12),
(102, 14),
(102, 26),
(102, 31),
(102, 36),
(102, 39),
(102, 42),
(102, 44),
(102, 49),
(103, 1),
(103, 2),
(103, 3),
(103, 5),
(103, 13),
(103, 22),
(103, 28),
(103, 35),
(103, 37),
(103, 44),
(104, 3),
(104, 5),
(104, 6),
(104, 8),
(104, 17),
(104, 18),
(104, 22),
(104, 31),
(104, 36),
(104, 48),
(105, 1),
(105, 5),
(105, 6),
(105, 8),
(105, 11),
(105, 16),
(105, 32),
(105, 36),
(105, 42),
(105, 44),
(106, 12),
(106, 15),
(106, 18),
(106, 19),
(106, 25),
(106, 27),
(106, 30),
(106, 34),
(106, 42),
(106, 45),
(107, 6),
(107, 7),
(107, 17),
(107, 21),
(107, 22),
(107, 23),
(107, 42),
(107, 43),
(107, 45),
(107, 46),
(108, 1),
(108, 4),
(108, 11),
(108, 18),
(108, 23),
(108, 26),
(108, 31),
(108, 39),
(108, 40),
(108, 47),
(109, 1),
(109, 4),
(109, 7),
(109, 9),
(109, 10),
(109, 11),
(109, 25),
(109, 38),
(109, 43),
(109, 45),
(110, 6),
(110, 8),
(110, 12),
(110, 13),
(110, 17),
(110, 18),
(110, 21),
(110, 37),
(110, 43),
(110, 48),
(111, 5),
(111, 7),
(111, 9),
(111, 14),
(111, 23),
(111, 26),
(111, 27),
(111, 28),
(111, 34),
(111, 36),
(112, 2),
(112, 3),
(112, 8),
(112, 10),
(112, 13),
(112, 24),
(112, 26),
(112, 29),
(112, 40),
(112, 42),
(113, 3),
(113, 4),
(113, 8),
(113, 9),
(113, 24),
(113, 31),
(113, 36),
(113, 40),
(113, 41),
(113, 43),
(114, 4),
(114, 6),
(114, 7),
(114, 15),
(114, 21),
(114, 22),
(114, 28),
(114, 34),
(114, 45),
(114, 49),
(115, 6),
(115, 13),
(115, 16),
(115, 19),
(115, 31),
(115, 33),
(115, 38),
(115, 40),
(115, 47),
(115, 48),
(116, 8),
(116, 14),
(116, 15),
(116, 24),
(116, 25),
(116, 30),
(116, 31),
(116, 34),
(116, 41),
(116, 44),
(117, 2),
(117, 5),
(117, 10),
(117, 16),
(117, 21),
(117, 23),
(117, 24),
(117, 25),
(117, 37),
(117, 42),
(118, 2),
(118, 3),
(118, 6),
(118, 7),
(118, 9),
(118, 12),
(118, 17),
(118, 21),
(118, 26),
(118, 32),
(119, 3),
(119, 5),
(119, 10),
(119, 11),
(119, 16),
(119, 17),
(119, 34),
(119, 40),
(119, 44),
(119, 49),
(120, 1),
(120, 3),
(120, 4),
(120, 5),
(120, 6),
(120, 14),
(120, 16),
(120, 22),
(120, 29),
(120, 44),
(121, 3),
(121, 7),
(121, 8),
(121, 13),
(121, 16),
(121, 17),
(121, 26),
(121, 31),
(121, 44),
(121, 49),
(122, 1),
(122, 2),
(122, 3),
(122, 10),
(122, 18),
(122, 19),
(122, 30),
(122, 31),
(122, 46),
(122, 49),
(123, 5),
(123, 8),
(123, 9),
(123, 11),
(123, 17),
(123, 23),
(123, 28),
(123, 30),
(123, 39),
(123, 49),
(124, 6),
(124, 9),
(124, 11),
(124, 12),
(124, 13),
(124, 20),
(124, 23),
(124, 28),
(124, 47),
(124, 48),
(125, 2),
(125, 4),
(125, 9),
(125, 11),
(125, 19),
(125, 23),
(125, 29),
(125, 35),
(125, 41),
(125, 46),
(126, 3),
(126, 6),
(126, 18),
(126, 19),
(126, 20),
(126, 21),
(126, 22),
(126, 30),
(126, 43),
(126, 48),
(127, 4),
(127, 16),
(127, 18),
(127, 29),
(127, 34),
(127, 37),
(127, 39),
(127, 40),
(127, 44),
(127, 46),
(128, 1),
(128, 5),
(128, 9),
(128, 10),
(128, 15),
(128, 22),
(128, 28),
(128, 31),
(128, 38),
(128, 46),
(129, 4),
(129, 6),
(129, 12),
(129, 19),
(129, 27),
(129, 35),
(129, 40),
(129, 44),
(129, 48),
(129, 49),
(130, 6),
(130, 13),
(130, 19),
(130, 27),
(130, 28),
(130, 37),
(130, 38),
(130, 39),
(130, 42),
(130, 49),
(131, 8),
(131, 15),
(131, 16),
(131, 18),
(131, 26),
(131, 29),
(131, 34),
(131, 42),
(131, 43),
(131, 48),
(132, 5),
(132, 7),
(132, 9),
(132, 12),
(132, 16),
(132, 17),
(132, 31),
(132, 32),
(132, 33),
(132, 42),
(133, 4),
(133, 12),
(133, 13),
(133, 22),
(133, 24),
(133, 26),
(133, 34),
(133, 38),
(133, 40),
(133, 44),
(134, 1),
(134, 2),
(134, 12),
(134, 17),
(134, 18),
(134, 23),
(134, 27),
(134, 30),
(134, 36),
(134, 46),
(135, 3),
(135, 10),
(135, 20),
(135, 21),
(135, 24),
(135, 30),
(135, 33),
(135, 38),
(135, 41),
(135, 45),
(136, 2),
(136, 16),
(136, 20),
(136, 21),
(136, 24),
(136, 26),
(136, 27),
(136, 30),
(136, 40),
(136, 49),
(137, 6),
(137, 9),
(137, 15),
(137, 16),
(137, 17),
(137, 19),
(137, 22),
(137, 26),
(137, 43),
(137, 44),
(138, 4),
(138, 8),
(138, 12),
(138, 15),
(138, 17),
(138, 20),
(138, 21),
(138, 30),
(138, 35),
(138, 43),
(139, 2),
(139, 6),
(139, 15),
(139, 26),
(139, 31),
(139, 37),
(139, 38),
(139, 39),
(139, 44),
(139, 46),
(140, 6),
(140, 9),
(140, 12),
(140, 15),
(140, 19),
(140, 25),
(140, 26),
(140, 29),
(140, 30),
(140, 41),
(141, 4),
(141, 9),
(141, 17),
(141, 20),
(141, 24),
(141, 25),
(141, 26),
(141, 33),
(141, 37),
(141, 41),
(142, 5),
(142, 8),
(142, 13),
(142, 15),
(142, 20),
(142, 27),
(142, 29),
(142, 35),
(142, 40),
(142, 42),
(143, 8),
(143, 13),
(143, 14),
(143, 15),
(143, 26),
(143, 30),
(143, 34),
(143, 36),
(143, 38),
(143, 45),
(144, 4),
(144, 6),
(144, 8),
(144, 11),
(144, 27),
(144, 36),
(144, 41),
(144, 42),
(144, 45),
(144, 46),
(145, 8),
(145, 9),
(145, 18),
(145, 27),
(145, 30),
(145, 35),
(145, 39),
(145, 43),
(145, 44),
(145, 46),
(146, 2),
(146, 9),
(146, 17),
(146, 24),
(146, 27),
(146, 40),
(146, 41),
(146, 43),
(146, 44),
(146, 46),
(147, 1),
(147, 11),
(147, 16),
(147, 34),
(147, 36),
(147, 39),
(147, 40),
(147, 42),
(147, 47),
(147, 48),
(148, 4),
(148, 10),
(148, 13),
(148, 15),
(148, 21),
(148, 26),
(148, 28),
(148, 37),
(148, 39),
(148, 48),
(149, 1),
(149, 7),
(149, 17),
(149, 18),
(149, 19),
(149, 21),
(149, 27),
(149, 28),
(149, 32),
(149, 40),
(150, 1),
(150, 3),
(150, 5),
(150, 6),
(150, 12),
(150, 15),
(150, 21),
(150, 22),
(150, 29),
(150, 44),
(151, 12),
(151, 14),
(151, 21),
(151, 24),
(151, 25),
(151, 26),
(151, 32),
(151, 33),
(151, 40),
(151, 46),
(152, 3),
(152, 5),
(152, 6),
(152, 13),
(152, 25),
(152, 29),
(152, 37),
(152, 41),
(152, 43),
(152, 48),
(153, 8),
(153, 17),
(153, 23),
(153, 26),
(153, 27),
(153, 35),
(153, 41),
(153, 47),
(153, 48),
(153, 49),
(154, 4),
(154, 11),
(154, 14),
(154, 25),
(154, 27),
(154, 31),
(154, 35),
(154, 37),
(154, 40),
(154, 45),
(155, 3),
(155, 5),
(155, 7),
(155, 18),
(155, 27),
(155, 28),
(155, 32),
(155, 37),
(155, 39),
(155, 46),
(156, 2),
(156, 3),
(156, 4),
(156, 6),
(156, 26),
(156, 27),
(156, 35),
(156, 36),
(156, 40),
(156, 42),
(157, 1),
(157, 5),
(157, 8),
(157, 19),
(157, 23),
(157, 25),
(157, 30),
(157, 32),
(157, 35),
(157, 41),
(158, 1),
(158, 2),
(158, 18),
(158, 26),
(158, 29),
(158, 30),
(158, 34),
(158, 37),
(158, 40),
(158, 42),
(159, 1),
(159, 6),
(159, 10),
(159, 20),
(159, 22),
(159, 26),
(159, 33),
(159, 42),
(159, 45),
(159, 48),
(160, 4),
(160, 13),
(160, 16),
(160, 19),
(160, 28),
(160, 31),
(160, 32),
(160, 40),
(160, 42),
(160, 46),
(161, 5),
(161, 8),
(161, 12),
(161, 15),
(161, 21),
(161, 25),
(161, 28),
(161, 34),
(161, 37),
(161, 38),
(162, 1),
(162, 6),
(162, 19),
(162, 24),
(162, 26),
(162, 28),
(162, 33),
(162, 41),
(162, 42),
(162, 46),
(163, 1),
(163, 2),
(163, 5),
(163, 15),
(163, 21),
(163, 23),
(163, 37),
(163, 38),
(163, 39),
(163, 45),
(164, 4),
(164, 7),
(164, 12),
(164, 20),
(164, 25),
(164, 30),
(164, 31),
(164, 37),
(164, 47),
(164, 49),
(165, 1),
(165, 2),
(165, 12),
(165, 13),
(165, 19),
(165, 28),
(165, 36),
(165, 37),
(165, 46),
(165, 47),
(166, 4),
(166, 10),
(166, 24),
(166, 26),
(166, 34),
(166, 35),
(166, 38),
(166, 42),
(166, 44),
(166, 48),
(167, 1),
(167, 4),
(167, 5),
(167, 6),
(167, 11),
(167, 15),
(167, 24),
(167, 26),
(167, 30),
(167, 34),
(168, 8),
(168, 9),
(168, 14),
(168, 17),
(168, 18),
(168, 20),
(168, 21),
(168, 25),
(168, 39),
(168, 43),
(169, 4),
(169, 10),
(169, 11),
(169, 12),
(169, 30),
(169, 32),
(169, 36),
(169, 39),
(169, 44),
(169, 48),
(170, 3),
(170, 24),
(170, 26),
(170, 28),
(170, 32),
(170, 33),
(170, 36),
(170, 37),
(170, 43),
(170, 44),
(171, 3),
(171, 7),
(171, 15),
(171, 16),
(171, 18),
(171, 19),
(171, 29),
(171, 36),
(171, 37),
(171, 43),
(172, 1),
(172, 2),
(172, 12),
(172, 31),
(172, 37),
(172, 39),
(172, 42),
(172, 46),
(172, 47),
(172, 49),
(173, 2),
(173, 6),
(173, 8),
(173, 21),
(173, 28),
(173, 33),
(173, 37),
(173, 41),
(173, 45),
(173, 49),
(174, 1),
(174, 4),
(174, 23),
(174, 24),
(174, 34),
(174, 38),
(174, 42),
(174, 45),
(174, 47),
(174, 48),
(175, 3),
(175, 4),
(175, 7),
(175, 14),
(175, 23),
(175, 28),
(175, 32),
(175, 34),
(175, 36),
(175, 42),
(176, 2),
(176, 12),
(176, 21),
(176, 24),
(176, 25),
(176, 26),
(176, 28),
(176, 29),
(176, 35),
(176, 41),
(177, 3),
(177, 6),
(177, 12),
(177, 13),
(177, 21),
(177, 23),
(177, 24),
(177, 32),
(177, 35),
(177, 37),
(178, 2),
(178, 9),
(178, 13),
(178, 21),
(178, 30),
(178, 32),
(178, 35),
(178, 37),
(178, 38),
(178, 41),
(179, 6),
(179, 11),
(179, 13),
(179, 16),
(179, 20),
(179, 23),
(179, 35),
(179, 37),
(179, 40),
(179, 49),
(180, 3),
(180, 7),
(180, 11),
(180, 22),
(180, 23),
(180, 24),
(180, 35),
(180, 43),
(180, 46),
(180, 48),
(181, 9),
(181, 16),
(181, 27),
(181, 29),
(181, 30),
(181, 32),
(181, 34),
(181, 37),
(181, 41),
(181, 44),
(182, 9),
(182, 20),
(182, 31),
(182, 32),
(182, 34),
(182, 36),
(182, 37),
(182, 38),
(182, 39),
(182, 47),
(183, 3),
(183, 8),
(183, 10),
(183, 12),
(183, 14),
(183, 17),
(183, 23),
(183, 25),
(183, 34),
(183, 40),
(184, 4),
(184, 10),
(184, 12),
(184, 16),
(184, 17),
(184, 23),
(184, 24),
(184, 26),
(184, 46),
(184, 48),
(185, 10),
(185, 20),
(185, 21),
(185, 24),
(185, 27),
(185, 30),
(185, 38),
(185, 39),
(185, 41),
(185, 43),
(186, 3),
(186, 4),
(186, 8),
(186, 11),
(186, 22),
(186, 32),
(186, 34),
(186, 36),
(186, 39),
(186, 40),
(187, 4),
(187, 5),
(187, 11),
(187, 15),
(187, 19),
(187, 30),
(187, 34),
(187, 36),
(187, 38),
(187, 47),
(188, 4),
(188, 5),
(188, 12),
(188, 15),
(188, 18),
(188, 20),
(188, 27),
(188, 30),
(188, 39),
(188, 47),
(189, 9),
(189, 12),
(189, 16),
(189, 21),
(189, 27),
(189, 29),
(189, 30),
(189, 32),
(189, 35),
(189, 36),
(190, 1),
(190, 5),
(190, 8),
(190, 12),
(190, 14),
(190, 18),
(190, 32),
(190, 36),
(190, 45),
(190, 46),
(191, 4),
(191, 5),
(191, 11),
(191, 12),
(191, 13),
(191, 20),
(191, 32),
(191, 36),
(191, 38),
(191, 48),
(192, 12),
(192, 15),
(192, 22),
(192, 26),
(192, 30),
(192, 32),
(192, 33),
(192, 34),
(192, 41),
(192, 46),
(193, 2),
(193, 5),
(193, 11),
(193, 17),
(193, 20),
(193, 21),
(193, 25),
(193, 34),
(193, 37),
(193, 40),
(194, 1),
(194, 5),
(194, 6),
(194, 9),
(194, 14),
(194, 20),
(194, 28),
(194, 30),
(194, 33),
(194, 36),
(195, 4),
(195, 8),
(195, 14),
(195, 22),
(195, 25),
(195, 28),
(195, 31),
(195, 32),
(195, 44),
(195, 47),
(196, 5),
(196, 12),
(196, 13),
(196, 18),
(196, 19),
(196, 31),
(196, 34),
(196, 35),
(196, 41),
(196, 48),
(197, 5),
(197, 7),
(197, 13),
(197, 16),
(197, 22),
(197, 32),
(197, 36),
(197, 37),
(197, 38),
(197, 41),
(198, 3),
(198, 9),
(198, 15),
(198, 16),
(198, 19),
(198, 22),
(198, 23),
(198, 29),
(198, 37),
(198, 40),
(199, 8),
(199, 11),
(199, 14),
(199, 19),
(199, 24),
(199, 26),
(199, 28),
(199, 30),
(199, 34),
(199, 39),
(200, 13),
(200, 15),
(200, 16),
(200, 20),
(200, 22),
(200, 32),
(200, 38),
(200, 46),
(200, 48),
(200, 49),
(201, 3),
(201, 11),
(201, 15),
(201, 17),
(201, 18),
(201, 24),
(201, 27),
(201, 29),
(201, 38),
(201, 49),
(202, 4),
(202, 6),
(202, 21),
(202, 24),
(202, 26),
(202, 31),
(202, 33),
(202, 34),
(202, 38),
(202, 40),
(203, 2),
(203, 13),
(203, 14),
(203, 21),
(203, 25),
(203, 27),
(203, 32),
(203, 42),
(203, 45),
(203, 46),
(204, 8),
(204, 21),
(204, 28),
(204, 31),
(204, 33),
(204, 36),
(204, 37),
(204, 43),
(204, 45),
(204, 48),
(205, 2),
(205, 13),
(205, 16),
(205, 23),
(205, 33),
(205, 35),
(205, 40),
(205, 42),
(205, 43),
(205, 44),
(206, 1),
(206, 3),
(206, 5),
(206, 6),
(206, 8),
(206, 15),
(206, 26),
(206, 35),
(206, 47),
(206, 48),
(207, 2),
(207, 8),
(207, 13),
(207, 14),
(207, 17),
(207, 19),
(207, 22),
(207, 33),
(207, 41),
(207, 46),
(208, 9),
(208, 11),
(208, 14),
(208, 18),
(208, 24),
(208, 35),
(208, 36),
(208, 40),
(208, 41),
(208, 47),
(209, 10),
(209, 18),
(209, 23),
(209, 27),
(209, 32),
(209, 37),
(209, 41),
(209, 42),
(209, 44),
(209, 49),
(210, 4),
(210, 8),
(210, 10),
(210, 12),
(210, 20),
(210, 21),
(210, 29),
(210, 32),
(210, 33),
(210, 37),
(211, 1),
(211, 7),
(211, 10),
(211, 16),
(211, 18),
(211, 26),
(211, 28),
(211, 40),
(211, 46),
(211, 49),
(212, 8),
(212, 10),
(212, 11),
(212, 13),
(212, 16),
(212, 18),
(212, 28),
(212, 34),
(212, 41),
(212, 47),
(213, 2),
(213, 7),
(213, 16),
(213, 20),
(213, 22),
(213, 33),
(213, 34),
(213, 38),
(213, 39),
(213, 45),
(214, 7),
(214, 11),
(214, 12),
(214, 29),
(214, 30),
(214, 32),
(214, 33),
(214, 34),
(214, 43),
(214, 44),
(215, 2),
(215, 5),
(215, 12),
(215, 13),
(215, 22),
(215, 26),
(215, 27),
(215, 33),
(215, 36),
(215, 47),
(216, 1),
(216, 9),
(216, 21),
(216, 22),
(216, 31),
(216, 32),
(216, 35),
(216, 37),
(216, 39),
(216, 40),
(217, 15),
(217, 16),
(217, 23),
(217, 31),
(217, 33),
(217, 34),
(217, 40),
(217, 43),
(217, 44),
(217, 47),
(218, 7),
(218, 8),
(218, 14),
(218, 19),
(218, 31),
(218, 33),
(218, 36),
(218, 44),
(218, 46),
(218, 49),
(219, 10),
(219, 16),
(219, 19),
(219, 20),
(219, 33),
(219, 35),
(219, 36),
(219, 37),
(219, 43),
(219, 46),
(220, 4),
(220, 5),
(220, 9),
(220, 21),
(220, 27),
(220, 29),
(220, 38),
(220, 42),
(220, 45),
(220, 49),
(221, 3),
(221, 6),
(221, 8),
(221, 16),
(221, 30),
(221, 31),
(221, 32),
(221, 42),
(221, 44),
(221, 46),
(222, 2),
(222, 11),
(222, 18),
(222, 19),
(222, 30),
(222, 32),
(222, 37),
(222, 40),
(222, 41),
(222, 43),
(223, 2),
(223, 4),
(223, 6),
(223, 17),
(223, 28),
(223, 39),
(223, 42),
(223, 46),
(223, 47),
(223, 48),
(224, 7),
(224, 22),
(224, 28),
(224, 32),
(224, 35),
(224, 38),
(224, 40),
(224, 42),
(224, 43),
(224, 45),
(225, 2),
(225, 3),
(225, 8),
(225, 9),
(225, 22),
(225, 28),
(225, 41),
(225, 42),
(225, 44),
(225, 46),
(226, 6),
(226, 7),
(226, 14),
(226, 18),
(226, 32),
(226, 34),
(226, 44),
(226, 47),
(226, 48),
(226, 49),
(227, 4),
(227, 15),
(227, 20),
(227, 21),
(227, 22),
(227, 23),
(227, 33),
(227, 39),
(227, 42),
(227, 48),
(228, 4),
(228, 5),
(228, 14),
(228, 18),
(228, 20),
(228, 22),
(228, 26),
(228, 35),
(228, 41),
(228, 45),
(229, 10),
(229, 11),
(229, 16),
(229, 17),
(229, 24),
(229, 27),
(229, 33),
(229, 34),
(229, 36),
(229, 38),
(230, 8),
(230, 14),
(230, 15),
(230, 16),
(230, 19),
(230, 25),
(230, 33),
(230, 43),
(230, 45),
(230, 47),
(231, 11),
(231, 13),
(231, 14),
(231, 15),
(231, 18),
(231, 22),
(231, 28),
(231, 31),
(231, 39),
(231, 41),
(232, 7),
(232, 14),
(232, 17),
(232, 18),
(232, 20),
(232, 21),
(232, 29),
(232, 31),
(232, 33),
(232, 48),
(233, 7),
(233, 10),
(233, 17),
(233, 25),
(233, 28),
(233, 29),
(233, 33),
(233, 37),
(233, 47),
(233, 48),
(234, 7),
(234, 20),
(234, 25),
(234, 37),
(234, 40),
(234, 44),
(234, 45),
(234, 46),
(234, 48),
(234, 49),
(235, 1),
(235, 4),
(235, 6),
(235, 9),
(235, 11),
(235, 15),
(235, 23),
(235, 24),
(235, 38),
(235, 42),
(236, 3),
(236, 4),
(236, 5),
(236, 13),
(236, 14),
(236, 23),
(236, 24),
(236, 34),
(236, 35),
(236, 45),
(237, 6),
(237, 15),
(237, 17),
(237, 24),
(237, 26),
(237, 39),
(237, 41),
(237, 44),
(237, 45),
(237, 47),
(238, 2),
(238, 7),
(238, 11),
(238, 22),
(238, 23),
(238, 35),
(238, 38),
(238, 40),
(238, 43),
(238, 47),
(239, 1),
(239, 5),
(239, 9),
(239, 14),
(239, 15),
(239, 26),
(239, 42),
(239, 43),
(239, 44),
(239, 46),
(240, 4),
(240, 8),
(240, 16),
(240, 17),
(240, 25),
(240, 26),
(240, 29),
(240, 36),
(240, 41),
(240, 43),
(241, 7),
(241, 9),
(241, 15),
(241, 16),
(241, 23),
(241, 26),
(241, 33),
(241, 38),
(241, 44),
(241, 46),
(242, 1),
(242, 6),
(242, 9),
(242, 18),
(242, 22),
(242, 25),
(242, 40),
(242, 45),
(242, 46),
(242, 47),
(243, 7),
(243, 12),
(243, 13),
(243, 17),
(243, 20),
(243, 21),
(243, 23),
(243, 31),
(243, 36),
(243, 38),
(244, 6),
(244, 8),
(244, 10),
(244, 18),
(244, 22),
(244, 29),
(244, 38),
(244, 42),
(244, 43),
(244, 44),
(245, 9),
(245, 12),
(245, 18),
(245, 20),
(245, 32),
(245, 38),
(245, 40),
(245, 41),
(245, 42),
(245, 44),
(246, 15),
(246, 18),
(246, 21),
(246, 22),
(246, 23),
(246, 37),
(246, 38),
(246, 40),
(246, 45),
(246, 48),
(247, 4),
(247, 8),
(247, 10),
(247, 13),
(247, 24),
(247, 33),
(247, 39),
(247, 40),
(247, 44),
(247, 45),
(248, 6),
(248, 8),
(248, 10),
(248, 11),
(248, 12),
(248, 13),
(248, 16),
(248, 24),
(248, 27),
(248, 30),
(249, 1),
(249, 15),
(249, 16),
(249, 18),
(249, 24),
(249, 27),
(249, 28),
(249, 45),
(249, 46),
(249, 49),
(250, 5),
(250, 15),
(250, 20),
(250, 26),
(250, 37),
(250, 40),
(250, 41),
(250, 42),
(250, 43),
(250, 47),
(251, 10),
(251, 17),
(251, 19),
(251, 20),
(251, 26),
(251, 27),
(251, 30),
(251, 33),
(251, 34),
(251, 42),
(252, 6),
(252, 9),
(252, 16),
(252, 19),
(252, 22),
(252, 24),
(252, 26),
(252, 27),
(252, 28),
(252, 36),
(253, 17),
(253, 25),
(253, 26),
(253, 31),
(253, 36),
(253, 39),
(253, 42),
(253, 45),
(253, 47),
(253, 49),
(254, 1),
(254, 4),
(254, 21),
(254, 23),
(254, 27),
(254, 37),
(254, 40),
(254, 45),
(254, 48),
(254, 49),
(255, 13),
(255, 15),
(255, 23),
(255, 30),
(255, 31),
(255, 36),
(255, 38),
(255, 41),
(255, 46),
(255, 48),
(256, 2),
(256, 4),
(256, 10),
(256, 11),
(256, 18),
(256, 20),
(256, 22),
(256, 28),
(256, 42),
(256, 49),
(257, 8),
(257, 9),
(257, 12),
(257, 26),
(257, 27),
(257, 28),
(257, 32),
(257, 35),
(257, 44),
(257, 48),
(258, 9),
(258, 12),
(258, 15),
(258, 20),
(258, 33),
(258, 34),
(258, 36),
(258, 45),
(258, 46),
(258, 48),
(259, 2),
(259, 4),
(259, 15),
(259, 16),
(259, 19),
(259, 21),
(259, 33),
(259, 39),
(259, 40),
(259, 47),
(260, 3),
(260, 4),
(260, 13),
(260, 16),
(260, 19),
(260, 29),
(260, 39),
(260, 41),
(260, 42),
(260, 45),
(261, 7),
(261, 9),
(261, 18),
(261, 23),
(261, 27),
(261, 38),
(261, 39),
(261, 40),
(261, 42),
(261, 48),
(262, 3),
(262, 5),
(262, 31),
(262, 32),
(262, 33),
(262, 35),
(262, 36),
(262, 38),
(262, 40),
(262, 48),
(263, 11),
(263, 15),
(263, 16),
(263, 17),
(263, 19),
(263, 24),
(263, 33),
(263, 37),
(263, 41),
(263, 47),
(264, 3),
(264, 4),
(264, 11),
(264, 12),
(264, 21),
(264, 22),
(264, 27),
(264, 40),
(264, 44),
(264, 49),
(265, 1),
(265, 7),
(265, 13),
(265, 23),
(265, 24),
(265, 25),
(265, 27),
(265, 32),
(265, 36),
(265, 42),
(266, 4),
(266, 20),
(266, 28),
(266, 30),
(266, 32),
(266, 34),
(266, 39),
(266, 40),
(266, 42),
(266, 47),
(267, 8),
(267, 9),
(267, 11),
(267, 17),
(267, 19),
(267, 28),
(267, 35),
(267, 40),
(267, 43),
(267, 46),
(268, 9),
(268, 13),
(268, 19),
(268, 26),
(268, 27),
(268, 34),
(268, 36),
(268, 39),
(268, 44),
(268, 45),
(269, 14),
(269, 16),
(269, 18),
(269, 22),
(269, 24),
(269, 31),
(269, 33),
(269, 37),
(269, 38),
(269, 45),
(270, 1),
(270, 3),
(270, 5),
(270, 6),
(270, 7),
(270, 11),
(270, 29),
(270, 34),
(270, 38),
(270, 48),
(271, 8),
(271, 9),
(271, 10),
(271, 17),
(271, 22),
(271, 29),
(271, 32),
(271, 37),
(271, 38),
(271, 47),
(272, 5),
(272, 6),
(272, 24),
(272, 28),
(272, 33),
(272, 35),
(272, 37),
(272, 40),
(272, 45),
(272, 48),
(273, 8),
(273, 13),
(273, 17),
(273, 27),
(273, 28),
(273, 35),
(273, 36),
(273, 37),
(273, 41),
(273, 48),
(274, 6),
(274, 17),
(274, 22),
(274, 27),
(274, 30),
(274, 31),
(274, 33),
(274, 38),
(274, 45),
(274, 48),
(275, 1),
(275, 3),
(275, 6),
(275, 9),
(275, 19),
(275, 30),
(275, 33),
(275, 35),
(275, 38),
(275, 48),
(276, 4),
(276, 6),
(276, 7),
(276, 12),
(276, 16),
(276, 18),
(276, 24),
(276, 34),
(276, 36),
(276, 38),
(277, 3),
(277, 5),
(277, 17),
(277, 22),
(277, 26),
(277, 29),
(277, 32),
(277, 33),
(277, 37),
(277, 40),
(278, 1),
(278, 2),
(278, 3),
(278, 10),
(278, 18),
(278, 20),
(278, 32),
(278, 37),
(278, 42),
(278, 43),
(279, 1),
(279, 9),
(279, 23),
(279, 26),
(279, 28),
(279, 35),
(279, 36),
(279, 38),
(279, 43),
(279, 49),
(280, 3),
(280, 4),
(280, 7),
(280, 8),
(280, 10),
(280, 20),
(280, 37),
(280, 41),
(280, 43),
(280, 45),
(281, 4),
(281, 5),
(281, 13),
(281, 14),
(281, 27),
(281, 30),
(281, 35),
(281, 36),
(281, 44),
(281, 49),
(282, 2),
(282, 26),
(282, 27),
(282, 30),
(282, 35),
(282, 37),
(282, 41),
(282, 44),
(282, 45),
(282, 46),
(283, 1),
(283, 6),
(283, 17),
(283, 20),
(283, 25),
(283, 30),
(283, 34),
(283, 38),
(283, 42),
(283, 44),
(284, 1),
(284, 2),
(284, 4),
(284, 15),
(284, 22),
(284, 23),
(284, 24),
(284, 32),
(284, 42),
(284, 48),
(285, 1),
(285, 8),
(285, 11),
(285, 18),
(285, 26),
(285, 28),
(285, 29),
(285, 40),
(285, 44),
(285, 48),
(286, 7),
(286, 9),
(286, 13),
(286, 16),
(286, 24),
(286, 28),
(286, 31),
(286, 37),
(286, 44),
(286, 49),
(287, 6),
(287, 11),
(287, 14),
(287, 17),
(287, 27),
(287, 31),
(287, 32),
(287, 37),
(287, 45),
(287, 48),
(288, 1),
(288, 2),
(288, 3),
(288, 15),
(288, 26),
(288, 31),
(288, 34),
(288, 38),
(288, 40),
(288, 47),
(289, 3),
(289, 6),
(289, 11),
(289, 15),
(289, 19),
(289, 20),
(289, 28),
(289, 38),
(289, 40),
(289, 45),
(290, 2),
(290, 10),
(290, 12),
(290, 17),
(290, 20),
(290, 29),
(290, 30),
(290, 34),
(290, 36),
(290, 48),
(291, 1),
(291, 4),
(291, 10),
(291, 13),
(291, 21),
(291, 25),
(291, 29),
(291, 36),
(291, 41),
(291, 49),
(292, 3),
(292, 10),
(292, 17),
(292, 18),
(292, 28),
(292, 30),
(292, 31),
(292, 32),
(292, 38),
(292, 41),
(293, 10),
(293, 13),
(293, 15),
(293, 21),
(293, 27),
(293, 35),
(293, 40),
(293, 44),
(293, 47),
(293, 48),
(294, 2),
(294, 6),
(294, 10),
(294, 19),
(294, 23),
(294, 34),
(294, 43),
(294, 44),
(294, 47),
(294, 49),
(295, 3),
(295, 4),
(295, 5),
(295, 20),
(295, 24),
(295, 27),
(295, 36),
(295, 37),
(295, 38),
(295, 47),
(296, 5),
(296, 10),
(296, 17),
(296, 18),
(296, 21),
(296, 31),
(296, 37),
(296, 41),
(296, 48),
(296, 49),
(297, 5),
(297, 13),
(297, 15),
(297, 17),
(297, 24),
(297, 32),
(297, 37),
(297, 40),
(297, 43),
(297, 48),
(298, 3),
(298, 5),
(298, 8),
(298, 10),
(298, 16),
(298, 17),
(298, 22),
(298, 30),
(298, 35),
(298, 37);

-- --------------------------------------------------------

--
-- Estructura de tabla para la tabla `r_contingut_tipususuari`
--

CREATE TABLE `r_contingut_tipususuari` (
  `idContingut` int(20) NOT NULL,
  `tipusUsuari` varchar(20) NOT NULL
) ENGINE=InnoDB DEFAULT CHARSET=utf8mb4;

--
-- Volcado de datos para la tabla `r_contingut_tipususuari`
--

INSERT INTO `r_contingut_tipususuari` (`idContingut`, `tipusUsuari`) VALUES
(1, 'Adult'),
(2, 'Infantil'),
(3, 'Adult'),
(4, 'Adolescent'),
(5, 'Adult'),
(6, 'Adult'),
(7, 'Adolescent'),
(8, 'Infantil'),
(9, 'Infantil'),
(10, 'Infantil'),
(11, 'Adult'),
(12, 'Adolescent'),
(13, 'Infantil'),
(14, 'Adult'),
(15, 'Adolescent'),
(16, 'Adult'),
(17, 'Infantil'),
(18, 'Infantil'),
(19, 'Adult'),
(20, 'Infantil'),
(21, 'Infantil'),
(22, 'Adult'),
(23, 'Adult'),
(24, 'Adult'),
(25, 'Adult'),
(26, 'Adult'),
(27, 'Adolescent'),
(28, 'Adolescent'),
(29, 'Adolescent'),
(30, 'Adolescent'),
(31, 'Adult'),
(32, 'Infantil'),
(33, 'Adult'),
(34, 'Adult'),
(35, 'Adolescent'),
(36, 'Infantil'),
(37, 'Adolescent'),
(38, 'Adult'),
(39, 'Infantil'),
(40, 'Infantil'),
(41, 'Adolescent'),
(42, 'Infantil'),
(43, 'Infantil'),
(44, 'Adolescent'),
(45, 'Adult'),
(46, 'Adult'),
(47, 'Adult'),
(48, 'Adult'),
(49, 'Infantil'),
(50, 'Adult');

-- --------------------------------------------------------

--
-- Estructura de tabla para la tabla `tipuscontracte`
--

CREATE TABLE `tipuscontracte` (
  `tipusContracte` varchar(20) NOT NULL,
  `preu` smallint(6) NOT NULL
) ENGINE=InnoDB DEFAULT CHARSET=utf8mb4;

--
-- Volcado de datos para la tabla `tipuscontracte`
--

INSERT INTO `tipuscontracte` (`tipusContracte`, `preu`) VALUES
('mensual', 15),
('trimestral', 40);

-- --------------------------------------------------------

--
-- Estructura de tabla para la tabla `tipususuari`
--

CREATE TABLE `tipususuari` (
  `tipusUsuari` varchar(20) NOT NULL
) ENGINE=InnoDB DEFAULT CHARSET=utf8mb4;

--
-- Volcado de datos para la tabla `tipususuari`
--

INSERT INTO `tipususuari` (`tipusUsuari`) VALUES
('adolescent'),
('adult'),
('infantil');

-- --------------------------------------------------------

--
-- Estructura de tabla para la tabla `usuari`
--

CREATE TABLE `usuari` (
  `nomUsuari` varchar(20) NOT NULL,
  `contrasenya` varchar(64) NOT NULL,
  `nom` varchar(30) NOT NULL,
  `llinatges` varchar(50) NOT NULL,
  `tipusUsuari` varchar(20) NOT NULL,
  `administrador` smallint(6) NOT NULL DEFAULT 0
) ENGINE=InnoDB DEFAULT CHARSET=utf8mb4;

--
-- Volcado de datos para la tabla `usuari`
--

INSERT INTO `usuari` (`nomUsuari`, `contrasenya`, `nom`, `llinatges`, `tipusUsuari`, `administrador`) VALUES
('aaraujo', '0d5e2a3e665244d5c506540efbd9fe192d7289325c223d275088e1cd1d291d8d', 'Ainara', 'Cáceres', 'Adolescent', 0),
('abelvega', '8b2cd95fa61481f1715f2d6e4d18c1fb7bbc6a2ed51729eb98d8e8b57e5a57f3', 'Sosimo', 'Rincón', 'Adolescent', 0),
('acollado', '2a45f0e61e8732900571fd93cfe0fd460d6cd4d734c791697e8dd561c230df68', 'África', 'Naranjo', 'Infantil', 0),
('adelaida64', 'a59b0b313875a9825d6cf658ff162054742c2f9bc4dcd38113102c46d4167124', 'Matías', 'Rodriguez', 'Adolescent', 0),
('adolfobermudez', '3782f48f01b7f69a54290537e4ac14a82959c28356d33deb2003788ef2f6c2dd', 'Delia', 'Bru', 'Adolescent', 0),
('ainara48', '637c206a728da8c074b6015fb7ee678a1c33b89c0bc3582725b689ea09beb5fb', 'Haydée', 'Asenjo', 'Infantil', 0),
('alberdiale', '8ad42f293cf82b7ec3e1db4f5bda1bc1903284f438764384666e73997da361b3', 'Cleto', 'Peralta', 'Adolescent', 0),
('albino50', 'bf6ed10617de6496dbede31c6cee9b82f54a3618de5613078efe68a1381e994b', 'Ema', 'Ramos', 'Adult', 0),
('alcarazgaspar', '8285ea1f3f9997c7b403dba39885f5c7f28807f652d0b178f2929e21b867b872', 'Ámbar', 'Gimenez', 'Adolescent', 0),
('alcidesfalcon', '6851220eb43cd9e58fa5e89f54147f0dd22aa2786b1691bcc1ac0694453faf08', 'Hernán', 'Aguilera', 'Adult', 0),
('alcoleapepito', '1a5c698683e0c54d37c03b718e9bcd200cc31313e1fb94f7fb056be88f0b4941', 'Emigdio', 'Capdevila', 'Adult', 0),
('alebonet', '6f6f32c1dd41a119cbfcf942a1d6128f384bc6edc87fd62ab81076445769df98', 'Aitana', 'Arnau', 'Infantil', 0),
('alfredo48', '51f722621b66fa67de5c9ff261113156e469ade495fb779296463af75f89978b', 'Narcisa', 'Valbuena', 'Adolescent', 0),
('alicialago', '0d295a2069c88b828df79caa54a2a1bebe17852d6075ebdde7d914d58f839f11', 'Joan', 'Arcos', 'Infantil', 0),
('ambar96', '1654a9ddaf53294e8a0eacf552916769869279572f306c1e5db81efb73c3e44b', 'Che', 'Jimenez', 'Adolescent', 0),
('amor25', 'd5deabe1241fff6881a63c6f52babedb4f8cc96d2f740887e03dc4cbf13dca46', 'Roberto', 'Olivares', 'Adolescent', 0),
('amorospepito', 'b3fb607b9383f043245c41d73a8f51f0a9eb32848b8d3d47a8703c6ee3b8cb86', 'Mariano', 'Manzano', 'Adult', 0),
('ana-sofia77', '40bef5933c199330a32706ae78b4de0bf46366e22bac3d3282d60ea06a7bc7ab', 'Juanita', 'Soto', 'Infantil', 0),
('anastasio17', 'ba9b19bb96cf3de391ea1ba6b00304a10601524ee204ec6d3167ac80a6f107a4', 'Fabio', 'Castells', 'Adult', 0),
('andradeeugenia', 'cc04b2dc6e7008fcc4254049fffc469f4ec29e315095027e9cef1ba7081ad693', 'Rómulo', 'Nevado', 'Adolescent', 0),
('andrea11', '8d855996ba03ae64c30acc0da3a042dc1bb73f1039cffb8afe7cee927bc7e2db', 'Sarita', 'Llamas', 'Adolescent', 0),
('andres-feliperozas', '3daa66b94020ef8a4fa8030247c553d712eb20dcb73a51754c4ba62f88d1a75e', 'Manuela', 'Manzanares', 'Infantil', 0),
('angelica71', 'bdda0c4acd9f3fce5fe482c8f8c15c14d7e7481d637fdcbe2655fbc9ede0dd66', 'Tania', 'Ferrera', 'Adult', 0),
('ani32', '39f34aebfbc4b355a149a34549e158edf3e20cf2768ec94aa487a1817c347354', 'Noé', 'Montenegro', 'Adolescent', 0),
('anna75', 'a2ebef6faec98e728d84d117106f090a81b7155cc79a0ec3c5d8859316b3d839', 'Pastora', 'Miralles', 'Adolescent', 0),
('anselmo62', 'a83460ef00dfbad1a000d09edac83450187a865a8e469578e8f37099db246709', 'Yéssica', 'Aramburu', 'Infantil', 0),
('antunezanselma', 'f82002b89b2f9f01816f3a9d65df65a828f0205b1af38e214e82a5d670f8d963', 'Lucía', 'Vilar', 'Adolescent', 0),
('arevaloimelda', 'ff5dd2ab6fecb1b2d2c6e67e35af9f9b4f82abac942dd369b8e2b921bb1ccd12', 'Valentín', 'Abascal', 'Infantil', 0),
('ariel54', '152aba65400d1fd22329954f7f282a0af35227cd5f2841c959d9c698cedbb500', 'Toño', 'Viana', 'Infantil', 0),
('ariel55', '12c91288428628a7823e5b68c6f0d21bbe74bcf861633ba06de9857ed5786a29', 'Dionisia', 'Osorio', 'Adult', 0),
('arielcasares', '8d4e947ed00bea65a78cf9107b6655349430d74b2ece1f48fd4d66a4d45e3325', 'Haydée', 'Bautista', 'Infantil', 0),
('arroyonazaret', '62b43de7e4af5bd2986efc6f0643b72be146e7993ae199defce21048781bdfed', 'Leonel', 'Bartolomé', 'Adolescent', 0),
('aura45', '6ec09944beb55a9f98676eb114e1a5d58a5e891b672c9b454defc4d249dc980f', 'Apolinar', 'Casares', 'Adolescent', 0),
('aurearebollo', 'bb5ca1a740ab0fe07c0cd33e1a0e310ef3aa87a3a55a6a0a5799d7a296e2fe86', 'Cándida', 'Leiva', 'Adult', 0),
('aureliano64', '42ae883041e7f912fee51b7017e0bcaa75924cfdf3e766f14f5125b4de8e45ff', 'Adelia', 'Palomino', 'Adult', 0),
('auroracruz', 'be60860dcc7593a046484e1a470b2717e1dea6b6288d18f7488056ec6aafd20d', 'Sabina', 'Andres', 'Adult', 0),
('baqueromaite', 'b232e2e2c9177249f213aca5929d4b1192bedc24e5670adb37d4e52cdea5b7e6', 'Lorena', 'Pozo', 'Infantil', 0),
('basilio99', '1fa03ce8883fc38739d24de2bcf1149337abcb00aecc7898c6963eb647cc7413', 'Mateo', 'Chacón', 'Infantil', 0),
('beltranlola', 'b4f42d23cc4d75ca4428f5efe58c476557ea960fd2a5a18b162f648e197bbaee', 'Herminio', 'Borja', 'Adult', 0),
('benaventbruno', '68e7b3f0dfb0f92b5aca7bc7f3d376071f4c6e441f024cc6e92c201ac25cb408', 'Abilio', 'Gutiérrez', 'Infantil', 0),
('bermudezluciano', '3cf85346bcfe3d0ccc252548d2442f89e7182b9c2af3cc3d14d80ed80b32abe0', 'Tito', 'Ramos', 'Adolescent', 0),
('bernardita18', '68305a4daa8bcbb85ce5b3da42c3cdca9107ae36405a568c826f7ff652e4fdd8', 'Juan Bautista', 'Jimenez', 'Infantil', 0),
('blancacruz', '31a7295d4a4c994d32a0071dc57aaa7eaadef3f04527e3635cf25cbfa342cbf9', 'Rosenda', 'Casanovas', 'Adult', 0),
('bonetsebastian', 'a284a87fcbec96fa7b79337dcb7bc854036da67b2786b6596272f82d22557b7f', 'Úrsula', 'Quevedo', 'Adult', 0),
('bpedraza', 'bd11ac91c96bfb92aa1b0b7768ef81f2f09a24db0030f7b98ea469118a9a5b6e', 'Elisa', 'Guardia', 'Infantil', 0),
('brurico', 'f2e4133587196cd0a3034841d5b74d2709b21e8f541dab6e8370beacb873356f', 'Osvaldo', 'Alfaro', 'Adolescent', 0),
('bsandoval', '330a43dfc6f3cc9aff5b4787d9257ae4b1ef1cad0b1a93ab11b5adbcbe8c2740', 'Eusebio', 'Grau', 'Adolescent', 0),
('buenaventuraprado', '02444ceb5e230cd2fada05684ff9b46144d6d0e00055599e1a045309166398b7', 'Cristóbal', 'Acuña', 'Adult', 0),
('caceresvictoria', '7ca073e9daee8b1267436b104fef08be5f16f3425c2487cf10421f74254c1766', 'Jenny', 'Ferrán', 'Adolescent', 0),
('calixta69', '73995535d02a2db8b0823c36b1890ec2078ad1ea9d28689dc3a9e3e037bb33ce', 'Gaspar', 'Vargas', 'Adult', 0),
('camilosancho', '92b70dee1eafb676f5727a0a2fd5b9f7d0bdba20bd5f7f8b37238999ea119455', 'Nazaret', 'Valle', 'Adolescent', 0),
('campoconstanza', '30a5a0aaa3851882d6f470393ab8c397371056a86de84702f258fed758230b24', 'Gervasio', 'Recio', 'Adult', 0),
('canalsjose-maria', '2007b56b738a0411880326060d27aba545f57b95fab4cfb2ff1ef54321cd4508', 'Clara', 'Nicolau', 'Infantil', 0),
('candela79', '8e2c44f4469713b961b4e0ab75dd309e291f6825ed4f8b16fc51a8fc2fc0a02c', 'Dolores', 'Coloma', 'Adolescent', 0),
('candela92', '1715b0a9df31568c5c90b3b7b2d871e9f7e1572edfb624c9a5de0f702d20e3e8', 'Herminio', 'Pujol', 'Infantil', 0),
('candelacastillo', '9834feb5577b8e38b0e049b92fb436e8b697f6d0d065b102181f9ccea951ee28', 'Elisabet', 'Fajardo', 'Infantil', 0),
('canizaresximena', 'bad58c383607437dcbb1e4d44529538b640e661e7d9c50489d876307f4400efa', 'Ruth', 'Castejón', 'Adult', 0),
('carinaguijarro', '8ad70330d5182c9ebce33e61dc7f10c6189e1c9a9e4af1937f3e06adcb8d14a0', 'Bruno', 'Serrano', 'Infantil', 0),
('carrerafelipe', 'c43ea765264d0e8401dea0211532d867da3048326f07ab1b3a8fb09a6ad1557b', 'Teo', 'Esteban', 'Adolescent', 0),
('casandramora', '5a18b09ac75aa0acb8b7b3971b7906dbc79392b3469522088c80e350bdd8a78f', 'Benigna', 'Milla', 'Adolescent', 0),
('cerezoherberto', '60d1baae3e686de24a22dd35869afb2cc4145545929302725de4612f6860b4c1', 'Julia', 'Alarcón', 'Infantil', 0),
('cespedeszacarias', '88fae875e5443e2bbdba64d3ea0787cb35e23f94cfa5698ecd9f6ffe70d462c0', 'Nazario', 'Escudero', 'Adolescent', 0),
('chelobonet', 'c3cebaf087049d666d8a18302d6d66379ed4f7a3354033a9b764dd2608a150df', 'Emperatriz', 'Vergara', 'Adolescent', 0),
('ciriacocarpio', '156923ce16f18c7e47c4d767a608ef5cf91e7ea08b904e8b27fe31637513bf41', 'Ruth', 'Santamaria', 'Infantil', 0),
('clotildemarmol', '7412dfb5c2db81ea3bb9ab973cc5d355ffaa7d419257beec1931e1e196a62786', 'Nacho', 'Agustí', 'Adolescent', 0),
('coliveras', '61494061a142b50b9539b9be42edc82194284317c270ae7e49fde157d5f7c813', 'Adelia', 'Lamas', 'Infantil', 0),
('coral64', '498fc2dbbcf30cbbe50155c64a9822f1bdae7b516e9e3b33316a6fda7523f402', 'María Luisa', 'Ríos', 'Infantil', 0),
('corominaseliseo', '790d13f4924f6ad9796805ca745b811c58cb6a2d876e9bb11366621ed4c8533e', 'Jose Carlos', 'Jordán', 'Adult', 0),
('cristianvizcaino', '719e67b275967e3f65d7247c1689e054b82e0db5754bb5ed8c21340bed85a13e', 'Jaime', 'Bernad', 'Adolescent', 0),
('cristina22', '71e58cf9a067b3f3b8b35e480bdc262fb8fa036a48318369c275a04af5bfe241', 'Cecilio', 'Avilés', 'Adult', 0),
('dchaparro', '0ce380457ad18964a65bf5e91bbdada519c3af6a492933e01f26d183d575175c', 'Adelina', 'Rius', 'Adult', 0),
('deliabernad', '5a7098bad38c0463c639d1ec9e7212a6d544ad87dbe5473d1a7c840c3ae7b9f3', 'Olimpia', 'Coronado', 'Infantil', 0),
('diezvicenta', 'f308cfb0332bcc2c527c5e55e959213855ddcb8d5b4a25dbed559683f7787f8e', 'Teodora', 'Perales', 'Adult', 0),
('dolores69', 'e82fe818c94a381554e835767ae2094241fc25ebe81996305ef89209514d56b1', 'Nicodemo', 'Quintanilla', 'Infantil', 0),
('dorotea29', 'fc7ced0d42d3fa15dc52a7b2a91ba4b37153cf0891623825b745687ed0858b8b', 'Maxi', 'Bonet', 'Adolescent', 0),
('ealberola', '2073760acd1094cfac6dff3f5c78bcf0e546b136fd386e50d583a2929de21cb4', 'Elisabet', 'Millán', 'Infantil', 0),
('ecanizares', '1a94ae69dfe92e4f06a48b30b7591f41a6616b22adcca5162cdbcc7a5f2904e6', 'Jose Ramón', 'Pinilla', 'Adult', 0),
('ecantero', '8d14f138fff84985268088297c634b92511f9160a1b2b20bdc4076f37298649e', 'Juan Pablo', 'Arco', 'Adolescent', 0),
('edelmiralanda', '4d94524104ab5015fbfb82227cc237f7157f5d406666753f13abdbaa86347b5c', 'Haroldo', 'Ferrando', 'Adult', 0),
('eferrando', 'e63d56140e3ea86a575feceb9ef91cd6be46323b66b83d48f898fb72e376b32b', 'Adrián', 'Rozas', 'Adult', 0),
('egeamaria', '7f73db5dd1d1fa5086d595d2610431afa4371e082e9faaf36e4ca6443b546005', 'Victoriano', 'Heras', 'Infantil', 0),
('eherrero', '612ce2ea4415fc46978c60df93ab9cffe93edaf91feafef52652e9a583715726', 'Régulo', 'Acedo', 'Adult', 0),
('eloypuerta', '3bece3860ad1a11c3c3d3551ace519757080783f45fdd4f01c159cd70f6617d7', 'Camila', 'Álvaro', 'Adult', 0),
('emma98', 'af75a97d44060a000c4e4e7230613e196290e79354e227d5451e86a42dc7ecad', 'Félix', 'Ricart', 'Adolescent', 0),
('epadilla', '9c46aca6d6962a31cb7c9c4ee815315e285e88c16b77631e985c41511784db61', 'Jeremías', 'Lladó', 'Adolescent', 0),
('escribanonereida', '6efd99d37aa601b11b0a902c641ed0a6e16bf8547da5d4381cba1edf81be1cf2', 'Victor Manuel', 'Carpio', 'Infantil', 0),
('esmeralda34', '68425d681b9b5c236fa257ab11420c79a86928e4988fa15abd609ca261a24815', 'Zaira', 'Lamas', 'Infantil', 0),
('estrella23', 'ce4d6b956a62f7bbe1444f764134b2a0b0c3105e5c290ddee79399bda66f7e4b', 'Salomé', 'Guzman', 'Infantil', 0),
('etelvinacorbacho', '0154009efd268ea6aedacee71ca96125ca0b33c52c7c9e17969a715d8c845658', 'Jose Carlos', 'Salazar', 'Adolescent', 0),
('eva-maria72', 'daaa0fa252994895475ee2b34f0c8e4bc91964a62ca915f165e2c1e216a16a0b', 'Rodolfo', 'Alvarez', 'Adolescent', 0),
('fannycollado', '28742616f16f48a2d2bb07a3376e6075f71bc6d1143397d186d52171ca0be8ec', 'Aarón', 'Piñeiro', 'Infantil', 0),
('fatima63', 'd2f39df3d1df3767018662a773d6cec0b890aaa9f85ecdefda377b17d4cbecc6', 'Ruperto', 'Carrera', 'Adult', 0),
('felipa90', '56948a2d347766d30378cabe90a4901279a30ef25163992b73146abdd903e1b0', 'Bonifacio', 'Llano', 'Infantil', 0),
('ferminsomoza', '467b9ed1664361b13f1604c384be5252d9dc0aa7a0052bf00b5d0b5c91e53a82', 'Anunciación', 'Ángel', 'Adolescent', 0),
('fernandezmaria', '133c683beef4a1cf7fb120f1a5ea20b6a258aaf894fc144806a9d13cb52ff3a5', 'Jose Luis', 'Gomis', 'Infantil', 0),
('fernandotormo', '97aff8944c17faed059b94160f7471b5433f14931ffc89fa2ab12649a1428fe4', 'César', 'Oller', 'Adolescent', 0),
('fidel35', 'a2eceb3c8339506a0ed45d3c543558d7227b68013fca1076a6032bb9abb65c0a', 'Sosimo', 'Cabeza', 'Adult', 0),
('figuerasamaya', '75b8162caff48d38feb1c2aa820e3a9e884d4535a2f938f45bddc8ac4c97afa2', 'Rufina', 'Marin', 'Infantil', 0),
('fsamper', '1f9b348399d99c3c01a8e21e396f76064a25b32cbddc357ee287a5e9868cfa86', 'Leonor', 'Valbuena', 'Adolescent', 0),
('gayaguiomar', '13e1159bde11b923fc572b9b9da70cfcc6b8de7f7a3d4220e392f31e516e8177', 'Hilario', 'Peinado', 'Adolescent', 0),
('gberrocal', '591372d0e4425a4c55cbd39415d904a51ff8e3fe82e665847b01f0ea8a78d43f', 'Bienvenida', 'Vallejo', 'Adult', 0),
('georginacervera', '23a1888a1abc6ac75455ba7f16a47265b363c359efabed939504306357ae75fc', 'Demetrio', 'Álvarez', 'Adult', 0),
('geronimoballester', '69a4a15beef07b160624a759dc91cf565f21121ab0cd0abdcfa624a8b3a8c5af', 'Cesar', 'Heras', 'Adult', 0),
('gfonseca', 'dbf00adba6dc4c57790bc3744c6e91e4c01c37ca35449ce6873ee4321c7212b7', 'Godofredo', 'Llanos', 'Infantil', 0),
('gjurado', 'e8401dc5b9f65c5be6b9ebf91c4d414a761fb0d3c12f1fbe61e2efeca9426521', 'Rafael', 'Caparrós', 'Infantil', 0),
('gmadrid', 'b7742eb6550afffc13c532b56be67fab104315fb93ecb5f4ec405930c66249a3', 'Cristian', 'Reina', 'Infantil', 0),
('gmanjon', 'df091eca103563b548a35cb4ea2ae60c2951cd81da2fb0eb56f3ef5760ab0d24', 'Herberto', 'Solera', 'Infantil', 0),
('gposada', '523de2d57b6f29ab4036cca23a6443b79e795ab8df47899c3c93fb0e171f3748', 'Florinda', 'Crespi', 'Adult', 0),
('graciana85', '08095f3d57ec604e4d362229985cbdcedf6ea1e1091efc562932960641a22e6f', 'Juan Pablo', 'Baeza', 'Adolescent', 0),
('granadosdani', '3f4c99cfa5d8ae629e77129c7c6c79acc0573bcd84ad6c92a4a49706ad6bd490', 'Anunciación', 'Duque', 'Adolescent', 0),
('grandefernanda', '4c6b2cded74f79b4ebcc7cdfc12b73ff8bf043d4dbb858551059da3c562b0d01', 'Alberto', 'Roura', 'Adolescent', 0),
('guerradebora', '82e607e0663b027ccbeaf0b1f8918c9c200114226f36d30a8d187f8b4119a163', 'Loreto', 'Puig', 'Adolescent', 0),
('guijarroale', '64cfb52eedb4c8d348669b2f979c2c95779421c1903d0eb4288bea64cdf9c53b', 'Aristides', 'Agustín', 'Infantil', 0),
('guillenblanca', 'fccc6088959260b2bea80841515396204a5a0e06f77669941f43cddd1114f051', 'Maxi', 'Castro', 'Infantil', 0),
('guilleneugenia', 'bc5c5954d1feadd226f32d23abbba1bd0494204c71eed0ef0cca1fcc30038e76', 'Rocío', 'Vicens', 'Infantil', 0),
('haroldoamat', '00c4bf9c2bef33c9292b38893e0eed446e9e761cc427a1b9a40b66acd5c888d7', 'Melisa', 'Naranjo', 'Adolescent', 0),
('hcamara', '927f6983e8af13b0668d8e371d0b261d555d7a4dbfe62724c0cc7ce78b2ca4e9', 'Otilia', 'Zabala', 'Infantil', 0),
('hcorrea', '5c9c6dc36c8f67c371894d216587f3b7cfba753cf9b86f575ba61c9d03fde13a', 'Gisela', 'Perera', 'Adolescent', 0),
('hernandorafaela', 'b98f3708a83f0b9a164f42c61b37cd56d59c187fa7d377efd6b39db3c3486415', 'Ximena', 'Santana', 'Adult', 0),
('hespinosa', '64e789f8e405eedcc888b93b5c0c209f360d82825f4b7ee5985d191d933746b1', 'Gastón', 'Feijoo', 'Adult', 0),
('hquintana', '57d8dee220280c18fc86ce406d3c0bbf9c98e1d8068ea867a791480cfb48c16e', 'Jesusa', 'Salamanca', 'Infantil', 0),
('iandreu', '29cdbae239d780d550c350d0b7afd56d64263f273f3ad58ba4cf531ac0a58475', 'Nico', 'Murcia', 'Infantil', 0),
('idaza', '13f40bacb62ab9d0c0d47f84b5aad9625f62b9ce7acbd8091ae4d0332a4ca9c6', 'Haroldo', 'Pedrosa', 'Adolescent', 0),
('ifrias', '9ae10b524155961ad6926d660924429dfd8d2b834d7a94d88fbe1f3aba4b99e4', 'Leticia', 'Navas', 'Adolescent', 0),
('iguijarro', 'c84a3c177a66475a65b1c566d47fda94927da02aa89e14acc54e5fc0221ba405', 'Jose', 'Borrell', 'Adolescent', 0),
('ingridcorrea', '44006ce8a74f4ccac61b3b6ccaa6d2fde233df4ad560038313d1aebfc7d202a8', 'Nilda', 'Morera', 'Adolescent', 0),
('irene40', '97e2dbfb5121bc454feeb67872b95452d313a7ec2904efb678edf34ec75b041b', 'Heraclio', 'Ramirez', 'Adolescent', 0),
('iris12', '5af70e74aa26bc4d657152860be9176b9a9ac38ddaf877eb7272776fdb69a9cd', 'Anastasia', 'Comas', 'Adult', 0),
('isidorogutierrez', '2a490df3e1d6a0959dd64287ad21710dc5b8af1f33e739a87816a689f64f4378', 'María Dolores', 'Alemán', 'Infantil', 0),
('itome', '3ea5507ba12a075f2fa59e8cb8dbc5eeff324c640e5066124fde002f6dc72e3c', 'Azeneth', 'Rosell', 'Adult', 0),
('jacobocervera', 'c81b173acf737c160b9cd999f2e4a9e4d8448da597057c5191967ed3cf97f804', 'Leandro', 'Quero', 'Adolescent', 0),
('javi36', 'f64af1b613daef0ecca0a2ee886044e42aa7a134a028221d20dc6afe0e39293c', 'Edelmiro', 'Font', 'Infantil', 0),
('jenaropardo', 'e3c618dd06b749708f929c472ce0e442bede5f82e91227514a8aaeaf3b5b0ab7', 'Quique', 'Bou', 'Adolescent', 0),
('jerezrenato', '9feaebca8cf1a089fb8f6303d954f5085caac7f4c2ab89d5a38a81f6d3700ca4', 'Eligia', 'Quintero', 'Infantil', 0),
('jmaldonado', '73f13bcff37269dcbb3d6663d6fb5811105e8c4127e9d833891eac502adbb3db', 'Milagros', 'Patiño', 'Adolescent', 0),
('jose-manuel38', '02535480a0de804db68131b1bd179ac971d1b17df7a0f486871055b5b85aa858', 'Bárbara', 'Echevarría', 'Adult', 0),
('jose-ramonlara', '9f6c5c8d78018d324273c132c018134dd45a0e3c4332a0612bafc69c04590cfc', 'Pascuala', 'Cabrera', 'Adolescent', 0),
('josuefranco', 'b289cc9ba3b22676796cfbd98a2ac4e42c5808e991f2fd3ff31ab0bbdefab867', 'Yésica', 'Lasa', 'Infantil', 0),
('julieferran', 'fdecef238ec56d828c94e18fc4f2c2b7cadf00e4fd8db7b3c64abe4c4c84a214', 'Carmelita', 'Riquelme', 'Adult', 0),
('jvega', '890f5a4942158738a583980b5f8c868e03ceb20c1c77f14e10e59d90f6881f18', 'Juanito', 'Ros', 'Adolescent', 0),
('kasensio', '882701734e1f0b5de9a16680eaaae5f6dbc35c08f7e51a562193ba4ef4491fde', 'Almudena', 'Casal', 'Adolescent', 0),
('kdaza', 'a1ebb60e63847bc8cce23867d2add59345ee9628c27d6b3b3dfe115c8cf4c2c3', 'Marcio', 'Duque', 'Adult', 0),
('kmenendez', '25c6af8b69d8f71ccf987f7f4a53d0b3bdab565a84e496ab09d3e7505d7e7aca', 'Amancio', 'Coronado', 'Adult', 0),
('kpineiro', 'e696422166842ac7ab38d2c6ca331559087cc97a324ea95400ff66f03e2d6d41', 'José Manuel', 'Almazán', 'Infantil', 0),
('kporcel', 'a62130a7c4213a86c9a64c9c85d0167b6d76a9934b90cf5af698b760715ef495', 'Mariano', 'Ramón', 'Infantil', 0),
('ksobrino', '45a9bf6510883e0c45300640259bd1936085a69afb1eb30dcc978b30c4a04be5', 'Fulgencio', 'Llopis', 'Adolescent', 0),
('lara89', '34a66dd73f74e7968f45b7f5d3a0f0b683340164ca5953c65797b48c5cd62b5f', 'Marcelino', 'Albero', 'Adult', 0),
('lasafermin', 'e79aae3198c6160bfc8b34f3227cca7949ad527ffb00b41fc846e17225b60486', 'África', 'Crespi', 'Adult', 0),
('lasenjo', '254a5bac24682ed7a0875e05547b01e408041569c390bf937d7419fbcef64361', 'Alberto', 'Gallo', 'Adolescent', 0),
('lastraamerico', '896f55fb6911a41e146dd652126156ba5fad16ef71c79d5a650e313021342be4', 'Narciso', 'Cañete', 'Adolescent', 0),
('leonardo25', '2a11a411c05c7a59e092d092e4b9fe022dd27486316fa080ee0efdaca556081e', 'Joel', 'Murcia', 'Adolescent', 0),
('leyre30', 'ef90e97d1d23fe9f5c664b9e451723ce3a64d5a73d76c5227f49aeabbab71458', 'Febe', 'Santamaría', 'Infantil', 0),
('leyre99', 'e3130e3c98614a04bca727796d41a6095ddcc5b05e2172dfcda3fc333781c9d1', 'Mateo', 'Páez', 'Adolescent', 0),
('lilia63', '572054f005549b18078842d50e6d4683b82c253d6b6fcca8fa8f4eeee843efdb', 'Hernán', 'Balaguer', 'Adolescent', 0),
('lopezeulalia', '7fd6bd73bbd995cdd7abb5612ba8bd0c3bbec2646483f73ea184cf7394b1314f', 'Silvia', 'Sanjuan', 'Infantil', 0),
('lopeznicolasa', '46b6cea0b4bb029ca13bffd2a3cf32cf4ddce802bf4a344020a5699a38b83407', 'Joaquina', 'Tenorio', 'Adult', 0),
('lorenzabaena', '84ea6e7631b79f10fc92ea1de73227b90ab94323bc399af492adeb22ab392d5f', 'Purificación', 'Pons', 'Adolescent', 0),
('luchofabregas', 'f1b036a6e2a4e5ecfe646a1eab940bcf7174949a9bede0011511d569cded0e88', 'Poncio', 'Gracia', 'Infantil', 0),
('macaria98', 'f59eb4bb1f71d254404601e62da206e010372dc651a427a76fb5d06257b7874a', 'Evangelina', 'Carrera', 'Infantil', 0),
('mamador', 'f54e1809432e850e33e41876c3bb60d31674adca5cbc879bc05407cff3f0ea75', 'Josué', 'Grau', 'Adolescent', 0),
('mamendalmau', 'ebb26093ef670cad589da5ac755d0dea67498be262ebf9752cb5df64e06732ee', 'Remedios', 'Simó', 'Adolescent', 0),
('mancebomaria-manuela', '06700821f23ca35458777c247892480d3f8c45f02d8e9ee4099437026b52f370', 'Crescencia', 'Vilalta', 'Adolescent', 0),
('mansogilberto', 'aa56a29b76932cf402be1110242a0d1841523d4db1c3231d70d5bebed41af400', 'Osvaldo', 'Abril', 'Adult', 0),
('marc64', 'ffc159a398f10fd076f7f3ca5b5298128399c003305d2feb8c290a0ef7139df3', 'Vito', 'Monreal', 'Adult', 0),
('marciano27', '4e7e294ea5ecb396027a6ed0602c566ba6dbb29f48ac535c6664c6bc420ce5c0', 'Nando', 'Blanco', 'Adult', 0),
('marcosmaria-pilar', '74626bcd76b5ac85a0dc58145f13247b1ff7a91a4269e9e036344364300eb2e2', 'Elías', 'Escribano', 'Adult', 0),
('maria-luisacid', 'e036490d6c36b7cb72138ec44ba2ccc7281eb025373cd13ce9c98cc79fca71cc', 'Toni', 'Iglesia', 'Adolescent', 0),
('maria-pilar62', '8cb3578098b55e1d61d6122104115da2d08c68f23d5a22fa9b8f6db8b0990351', 'África', 'Crespo', 'Adult', 0),
('maria-pilarquesada', '5923542b53ca59c35b7877a15befb9add0630233547c643ce16c31a7cabc5f3e', 'Coral', 'Duque', 'Adult', 0),
('maricruz81', '82957f691e55592b9f09185883c693e73ef9683ebadb7f98ac541b36d0e4b2d0', 'Rosalva', 'Cámara', 'Adolescent', 0),
('marinoreal', '6162700a2f7e924a5ad88c97d450853bfd779c456650b01cb62035e5d3ade005', 'Dolores', 'Tur', 'Infantil', 0),
('marisaacero', '62f1c1e98a90d7a27d68247cfe5560b845e0c71e7a9d93550b026565610b67e7', 'Sergio', 'Amor', 'Infantil', 0),
('maristela10', '6b52aa4fb1da52b1d2648e16e8afa442e28ed12bc952fbfa34559e50a8a883fa', 'Anunciación', 'Águila', 'Adolescent', 0),
('marta00', '64bc891fced2869db47ee7ded8c55c75b221f7bef7e13ae8b44c31b6e7be904c', 'Nazario', 'Antúnez', 'Adolescent', 0),
('martijosue', '361af91962d4000a8598e3ce3b45cdb3b42b7e1de5cebb1dc87707d66e4ba068', 'Adora', 'Peña', 'Adolescent', 0),
('martirio72', '9fd8fcf4a96ad3baebddbafab20bf4b261b71d96d674ee7d54eadf3d800a9b71', 'Maribel', 'Aragonés', 'Adolescent', 0),
('martiriogalindo', '9fec054fdcf35c3865ef5a9aefc47045d68a0409685a1a6d538ff18e459f85ea', 'Chucho', 'Cadenas', 'Adult', 0),
('martiriosantamaria', '59e571dc9e20180c67478c8f08a652cc161723b4b8ffbefadcb284a943db65c0', 'Cosme', 'Azorin', 'Adolescent', 0),
('melchornieto', 'c9377f36d03cca47bd5f6d12d35c9839e26ed0d578582d49b04f6bf60a0f5994', 'Humberto', 'Agudo', 'Adult', 0),
('mendezpatricio', 'd3e8b100a605d9ffbfa9db8bd7283c6db00b80650f0cf4a4b98682b4265fa361', 'Efraín', 'Duarte', 'Adult', 0),
('mfrias', 'c5b366b7f5d7835649907a4ee30aa7ba61cc9e49df3c9bd61fc0845ff787005f', 'Carmelo', 'Leiva', 'Infantil', 0),
('micaelahuertas', 'e1d06a65ac60f336267a6482c1ddcba90e9c989cc559c547aec6999d6e251cfb', 'Virgilio', 'Valenzuela', 'Adult', 0),
('micaelateruel', 'dd76173bce8de03a2806cee0b0f126c383681b3de8a8959ff80c74345cb36ae9', 'Maura', 'Cañas', 'Adolescent', 0),
('mirallesdonato', '596fa48440206dcf4ba780279ee8f2e35fc0695744250c09ef222daeff43573a', 'Ágata', 'Jiménez', 'Infantil', 0),
('miriam62', 'e6571995ec6dd68b769f57033bb795992c17e17cc643983b40173a62a26520d0', 'Manu', 'Ayala', 'Adolescent', 0),
('mmartin', '87870a2c12b95be14c951b0ae078f89d19d1a71d0397c520783e724519803acd', 'Esperanza', 'Ibarra', 'Infantil', 0),
('modestojuan', '2712e4eb14d3526bbf90ee686b18dae13b0e22419f8d7e9b4de3f28e7c23e529', 'Isa', 'Arrieta', 'Adult', 0),
('molinsepifanio', '7148aa60a9f5342c4cce6e780da1bc27830a35d5375ab95fb760e3f00126b7fe', 'Eladio', 'Salcedo', 'Adult', 0),
('monicasegovia', 'a5edb43cbdae47ed2a1ad43ccf6572af3c22ab0fa61d3014ca9bd73636b010a4', 'Nélida', 'Ballester', 'Infantil', 0),
('montserratcarvajal', 'd9cb8a975ddfbb11b61dd7f2827ae2de19e443d763ab29eeecbc660218f8d487', 'Rolando', 'Varela', 'Adult', 0),
('moraeva-maria', '4c28d38003e91985955051264d4e55141218a2cdfb4db870bc45c01bd74ac0cf', 'Primitiva', 'Castro', 'Adolescent', 0),
('nacio25', 'a2ba2940970157849e220945ddb057f3a6859bee2af895589e0bffd14a5569a2', 'Carolina', 'Álamo', 'Adolescent', 0),
('nando41', 'aa6f88b0d53857760a221085fa8d431cd1824655004f00d7a985f2443801b787', 'Prudencia', 'Soto', 'Infantil', 0),
('nazaretleal', 'df1e44e55065dc4ef7821acf7a997548370cfdb32e60790d6b95eb4993929858', 'Evaristo', 'Patiño', 'Adolescent', 0),
('nclemente', '11866ec1b9beff36b010b453da5b9568b61a658c772b0f7e61e9cc292dd660ce', 'Mireia', 'Aliaga', 'Adult', 0),
('nelida92', '3c3a6e675259e23bf63edcc36e29447d00fb0f47f61378719f320ba0bb915181', 'Raquel', 'Folch', 'Adolescent', 0),
('nerea12', 'd98399c7b45921012b8eca84363d7b60b4ee25bfade258ab9c929a429f688431', 'Ainara', 'Alsina', 'Adult', 0),
('nerealarranaga', '08bac29f1f91707a0885c0c4257ba89b86c6423e49ae1453d1b2fe75e02eebf8', 'Jose Ignacio', 'Pablo', 'Infantil', 0),
('nestor14', '8e0e6ae6e49b6c20e23f36e0bc9954046218752b36c5a11a768dad896994e170', 'Yaiza', 'Mendez', 'Infantil', 0),
('nestorrocha', '1387af16091913ed34f0b507bf4de888a9d3979bf4d7a80cdf5d243839ce5681', 'Emilio', 'Aguirre', 'Infantil', 0),
('nfabra', '336c91073c6041e53bff86acbe91dd4780eb13a4596b1d011b56b09a78f3b8e8', 'Bernardino', 'Zamorano', 'Infantil', 0),
('nidia97', 'cfafd0d8cc422eccd6fae00ee3317c6fbcbf916922c4888e5976aa62e7af4221', 'Marina', 'Sánchez', 'Infantil', 0),
('nilda28', '614d92e6c11eec1d252be94e3dbcc43fab7f342185a9bf511eefec42d6132f8f', 'Pelayo', 'Barros', 'Infantil', 0),
('noelia21', 'd03ed3fab7d5facb91daf0acf6087003798e2fc07ffeae85ddc12917100aeaba', 'Diego', 'Galiano', 'Adolescent', 0),
('novoaanna', '6c102091b9819f988934d6d49c68ad02f252268a7b60749728035f507fbcb2d2', 'Dalila', 'Pardo', 'Adult', 0),
('octaviajulian', '37296dfbf5b4f0ac26163111b8bfbf42e4f0bdc34e7409c3c8b5ec6d0c20e329', 'Javier', 'Verdejo', 'Adolescent', 0),
('octavioportero', 'b30f87448a47f7b8d760b16d819834e8bc304cadb018adf5a09da8f9e63e529e', 'Modesta', 'Ferrándiz', 'Adolescent', 0),
('olivia90', '4f98548261c4dddeb7a9c4669412dd5179032356c7c261abba392965073f2495', 'Íñigo', 'Montaña', 'Infantil', 0),
('olmomirta', '61e6895c5fbae144e77aa9501385672670ca210382b3eaa2b9616e8f5eee60a2', 'Trinidad', 'Manso', 'Adult', 0),
('omar14', '2c8777eabdc510a19ddfd1f73c038b11282731d1e6383720d3ff87704c94445c', 'Maximino', 'Diez', 'Infantil', 0),
('ordonezxiomara', 'a6c1add7425b796e2689b4b349858454133821b6f34ecb753d148c271c560c52', 'Brunilda', 'Nicolau', 'Infantil', 0),
('pabloherminio', 'cb42e999eb3aae6ea3017c8303b9611b83cb9b6b5d00dbb6acd4a1e56521b004', 'Atilio', 'Leon', 'Infantil', 0),
('pacocordero', '5abf4de0e91e7e4a38fbf22cfb38a5de618e2844560d376ff4a162c35baa3a25', 'Marina', 'Meléndez', 'Adolescent', 0),
('pagesrosalina', '6d1062cd2c10a35e1546140b22f2dee05a24167ae448387b36f93b2ca2874140', 'Maribel', 'Agustín', 'Infantil', 0),
('pdaza', '0dcc06151aaf5f013acc3268e851bea116a0ec5d9e7ebcc7fd5333daa1015d6f', 'Áurea', 'Valbuena', 'Adult', 0),
('pellicergonzalo', '10a30214681af77202e0db2c83cf61c744e1d6130e7d34b177a24281ba30faa7', 'Yolanda', 'Báez', 'Infantil', 0),
('pepitopenalver', '421dc1237568387d43ad115cee752a5a44549569a4e37fca48c92afa413c5cd4', 'Kike', 'Sala', 'Infantil', 0),
('pfiol', 'c72b99549dccf8077d27b5c09da2003c430eb2e9592518fbb6a778166528563f', 'Marcos', 'Morán', 'Infantil', 0),
('piedad24', '5406ed2418071bf109244891a90af1b702fcc6844c274bad008e4affac750411', 'Gregorio', 'Cifuentes', 'Infantil', 0),
('pinedafermin', 'adf69e7ac94a7e83fe3e276c6f243e8be0a6e32f93284136cc16c08eb51dda79', 'Óscar', 'Sanmiguel', 'Infantil', 0),
('plinio24', 'fb75c95c48aaf1a33fca266d69ce99f694f1796d8dbb08f02f4bf3d46fd367d3', 'Patricia', 'Riquelme', 'Infantil', 0),
('pneira', '3d62b1ba57c8773028b10944df57f3b476af06eed3a4b80cfd8927597a5fc636', 'Pánfilo', 'Álamo', 'Adolescent', 0),
('pperera', '6deb16258c1f30e09d8544d556299242791a8d3392c9b721ba182e532486811e', 'Heriberto', 'Orozco', 'Infantil', 0),
('puentefernando', '04acd30152258b46cb29f3fafb8aa5b8bb74948871bfb36c9a1b1383619b21bf', 'Renato', 'Parra', 'Infantil', 0),
('pujolpatricio', 'a7b6a15275b1c6768ccc13549bb8821759f4add74efe1810ce574d7746b5985a', 'Ambrosio', 'Sánchez', 'Infantil', 0),
('pulidocebrian', 'f29c8ad216dc470b09d3fd774199d9cff414727bd8d42e3d29cf853ac53ee3cc', 'Florina', 'Piñol', 'Adolescent', 0),
('pvillanueva', 'd3c7812b9daa4a25fcb2f1aed77f985e0a8634f74b76a194682e995de2daed8f', 'Victoria', 'Alberdi', 'Infantil', 0),
('qduran', 'ef3e9f6369735616e519daa41146daa4abf4809e7d55bb72279130e7e5bf0508', 'Plinio', 'Pons', 'Adolescent', 0),
('quique27', '41a554a037685318ded18fea7630d474a0491f0eef15d7489c254aa73a2bca84', 'Noa', 'Tomas', 'Adolescent', 0),
('rafaelgalvez', '19a794d66ea7b4e59e5330844648c9db3e1c8889d449e24b5f6b3ecc17ddeeb9', 'Sancho', 'Echevarría', 'Infantil', 0),
('rcollado', '39b483a25464b264d71573404b41586885970125755a8059677975459c411e1e', 'Emiliana', 'Cantón', 'Infantil', 0),
('renebartolome', '0dff179d0bc85b47df3b3ebba561c06ae802e10f4f2ed3117509da9182150d8d', 'Clementina', 'Pujol', 'Adult', 0),
('rfolch', '32509745b78ba05de13cd81f4dae1e367400d0f5c2fb8d2d66af2ecc780f8d45', 'Ciriaco', 'Galván', 'Adult', 0),
('rgual', '066f817353d03af0e3cd045b094f61d0b3ade0339baa6a33cb3fd976df1ff2a5', 'Josep', 'Romero', 'Adult', 0),
('rlastra', 'eee2c4f22e285ee3a3c37dbc01c6406cea41d36b8372a20fb6ada8f3350ed9f1', 'Noemí', 'Buendía', 'Adult', 0),
('rmena', '946a0e6e4d3efac7934cb0400321854910e08fe54d7c5c5bdfec7dbce425b384', 'María José', 'Alvarez', 'Adolescent', 0),
('robertogargallo', '936b557cac5284f97dd28f8f1c19af5825f55a8f3fe265357594b3e652edf0d6', 'Eustaquio', 'Pujadas', 'Infantil', 0),
('romeroespiridion', '370b8f3982ac0c98b08ddfdeb9601aef7bb7c111d05d79aafeb836fcc59c39f3', 'Borja', 'Hernando', 'Adolescent', 0),
('rosalia52', 'a57e7c9572571416576efab3d84521d657aeb6bc57b66bdd126ddb5938c546f9', 'Anselmo', 'Feliu', 'Adolescent', 0),
('rsevilla', 'd8e73b95304ce925138c3c60562f1185c4b2629e651248b3c8febd9f8de69605', 'Genoveva', 'Pujol', 'Infantil', 0),
('ruthdiaz', '314b8818a6bee72947cc931e155f0a5b85f284045df956fb6ca6460de104dd4e', 'Apolinar', 'Mancebo', 'Adolescent', 0),
('sainzfito', '5699f217fbfd7fb79f974815198084dc9103ed7d2e1c4e5406023deb20993e86', 'Laura', 'Cervera', 'Adult', 0),
('salfaro', '419539db2ca404ac707e425203993c65c936a2500384ef59b0b548c033cb43c8', 'Heliodoro', 'Planas', 'Infantil', 0),
('sanzwilfredo', '2dcb95876574b646b1631afbeb482418a539f0942aaa9c3d4f661b9332c1506d', 'Cebrián', 'Barragán', 'Adult', 0),
('saturnina39', '1de44ca438d7842e6ebe77cc5c73c7efc6d04719361b884fec43900968a02e8c', 'Adelardo', 'Juan', 'Adolescent', 0),
('saturnina56', '76c69fd7cf3b9d89bf87257d5807002de894681ed766ad4b133ccdb85423c459', 'Hermenegildo', 'Ayuso', 'Adult', 0),
('sauraignacia', 'de9efcd4a7fe32857f320c8c49270ee1281307967e1bcb07b983da9d805e9753', 'Fabiana', 'Benavente', 'Infantil', 0),
('scerda', '44532ff4f0686e1c9769713fc05eab0506f0975f9635a411e1ec00f3576dae96', 'Xavier', 'Aguirre', 'Adolescent', 0),
('serafinagrande', 'e2cc5a707fbf239743cfcee425a0f9372f14e1222251669dffc4ba5d8cdc8a90', 'Soledad', 'Casal', 'Adult', 0),
('severo33', '3d601359e21edbeedbb2a55e9d61cbc780f5f5f1933f71e7c2e0ab36e82df55b', 'Edelmira', 'Mayol', 'Adolescent', 0),
('siborra', '64a9ae8be7016efb53c5f363a19b09bc75fee7e94daab86efa57c5b45bcbc681', 'Cruz', 'Ferrán', 'Adolescent', 0),
('socorroaguilera', '54c0224f6ad0be928d090a27b4523278e72257868f25420f5d8c19d402d1be9e', 'Encarna', 'Carranza', 'Adolescent', 0),
('sol95', 'f877595ad564e2edc388939efd976f5e2911241e7662a3cc8b11a5554b52cbd2', 'Delia', 'Gutierrez', 'Adolescent', 0),
('sosimo16', '34170fbcc03fc3fb199d53f6474462fd973db742d9c55904f770d30ab9bc021b', 'Ciro', 'Pi', 'Adolescent', 0),
('srey', 'dfdf9f7cb4819e8b340397a21a91ddf4df6e7c6a2c0b14082e15afa821ce2aac', 'Eugenio', 'Vargas', 'Adult', 0),
('tarrieta', 'c7a0178daf2ba5bef214283423bed359e93a7c6140b372b2786a79e28dd11dd5', 'María Belén', 'Marti', 'Infantil', 0),
('tbarragan', '22d10aecf8f3bda7fcdbda0e0f889dd5800b6f85a50fadfd295c51bd360de4e6', 'Fabiola', 'Guitart', 'Adult', 0),
('tdiego', 'b07e966ab91ca2489c77e038238e11d2c076b03607d72a463d9e37d3bce46ae7', 'Salud', 'Arcos', 'Adolescent', 0),
('telmomuro', '481672e24145e5066ee32361af22f3a48d8993a815138fa04faf750bfa49342d', 'Sergio', 'Pou', 'Infantil', 0),
('tiburcioterron', '0295eaf0891f30fe9a92320e9d5546360ec89a6a985241e22e7ff868349959ef', 'Eloy', 'Valenciano', 'Infantil', 0),
('tlara', '731e8e34a049bce425a097b5cd7dbec11596f3d53f2e9cf187c87ce794b4adf5', 'Pastor', 'Calzada', 'Adolescent', 0),
('tpareja', '4546feac1cd64882a508c4c49d3c37be7150deb8d5aef48927787b5878a53848', 'Buenaventura', 'Sedano', 'Adolescent', 0),
('tpla', '2ba1c8ab379b94567dcbdf5a9fa5ddb1dcf82fb61163365ec4e487a6223def2b', 'Esperanza', 'Checa', 'Infantil', 0),
('trinidad87', 'a2ce6e1fdccba16783485f74e1d3bb857015185bc811b76f198f2c01ecaf1769', 'Maxi', 'Pino', 'Infantil', 0),
('tseco', 'f0e4a190680af3751201e800249d0e6ff72c763ce1e2794f046c1b849a14c60f', 'Tania', 'Rebollo', 'Adult', 0),
('ugartefabiana', '3e27e08d4e3f3fb396457f53f729b446ca11844488c1e98a4aa3574e36896545', 'Marcia', 'Pino', 'Adult', 0),
('umoles', '4e955109e1890408ba7b4ec818af1e0677e4553435197ee3794567cce227a708', 'Begoña', 'Larrañaga', 'Infantil', 0),
('upeinado', 'b11748132651bd0f2d6d2d241b29e9ed253c0bbbc15b727287e98cdae959a3ea', 'Aitana', 'Uriarte', 'Adult', 0),
('uriaperlita', 'a3f4cd45b37ead1477af2f98e2ea43e3e4084dd79b77d56d0dca0cb00db6a050', 'Amador', 'Miralles', 'Adolescent', 0),
('utena', 'ac901bc7163c7d9eb43fc2b7652717b809ebc038fab8b941ba760884cc54e74c', 'Rosalía', 'Guzmán', 'Infantil', 0),
('uvillanueva', '9f4b89429c546b8a3b8ea4ec275eccfa134145fc0959dc7de7f3e238115bb2e8', 'Sosimo', 'Nadal', 'Adult', 0),
('valentina35', 'a85a5c0912384de6a910d7c8acc189f3bee48f7793d7d5a33d37481ebd34bf17', 'Serafina', 'Bellido', 'Infantil', 0),
('valentinaalvarez', '4b540098bf19dbd8162bf84a2be03b06f8236f98090349092861645f822c260f', 'Anselmo', 'Vara', 'Adolescent', 0),
('valenzuelalucho', '8f7b2fc1e2255ba104141f4b3db8b1623cea04d5119d43eb8b835c79a94461df', 'Ale', 'Anaya', 'Adolescent', 0),
('valeriacomas', '72cfb5aa497cc52eb70f03ed146d34252ba864391b166c5335902d1eff450cc2', 'Julio César', 'Benavides', 'Infantil', 0),
('velazquezmarcial', 'b6c79ec223190a2be6767400c972c1328403014c80207d6012eb0dfe3f79ddfb', 'Rosalina', 'Aragón', 'Adolescent', 0),
('verdejopablo', '510cd265b995b412b02b253d2f84339e0c1ff7c8f22761b8e66c72bd2a6d67a1', 'Saturnino', 'Macias', 'Adolescent', 0),
('vgalan', '20ceb94dfd3ce389127a5170f6a318f1d369e3995a48b2d34c0e14b0c40bec20', 'Gonzalo', 'Carmona', 'Adult', 0),
('vianabernabe', '1bfb5c463faa0bbdc1e6d7c14fc3a2b67346667ad627a956a9910683956c4dae', 'Pacífica', 'Guijarro', 'Adult', 0),
('victoriaolive', '832d834e9ec135c91a58597854a16e6d605ebb53572b9c88aaefa6d44502ccd1', 'Nieves', 'Falcón', 'Adult', 0),
('vinaseufemia', '0f0757254d1a9f289c0679a4fce8052a810d774aebe1d0f04140f175b6a5773c', 'Guiomar', 'Barral', 'Adolescent', 0),
('vinicio37', 'bb124783b793b8de7141949eb6c6a4d4a530a69998daf7bdcbf75ed4d2752b53', 'Berto', 'Gascón', 'Adolescent', 0),
('virgiliocolomer', 'e3e6f4e698402fa3936d9d24241a695fddd78d6be6a43add813f18273d899933', 'Victorino', 'Soto', 'Infantil', 0),
('visitacion90', 'fa9117653a63ce26d24b79f2746e799668848e9465fdeee96b403511dfe42b31', 'Ángeles', 'Rivero', 'Adolescent', 0),
('vromeu', '992f89daa3ba8e5a1b89cf4ba9e1d9f39f17ba8c8ed9128a58daca0bbc6e8df4', 'Pablo', 'Ocaña', 'Adult', 0),
('wabril', '6d31a88ac71a61d3ce89da4044b8e60dda5517f0e6bf598d044b11dd102d2699', 'Florentino', 'Fiol', 'Adolescent', 0),
('wbenet', '5458e5843888ffd6252cbcd4fc3ccba5df12a2d95581942426b0d65a070edff0', 'Cruz', 'Márquez', 'Infantil', 0),
('wblanco', 'ae4c24452ca6d72136c89e6859d9637b6f44e9f442895e433826ddd639276585', 'María', 'Llanos', 'Adolescent', 0),
('wbonilla', '297b47798a4fd1b57c73fcc68cd01375dc9ea88e87b9dba47310592ac30911a5', 'Baldomero', 'Goñi', 'Adult', 0),
('wgibert', '6cc7a89d881c6055cece7c36fbe74f274ef4152da45ddee3490aa90ee1df8e12', 'Tomasa', 'Solsona', 'Adolescent', 0),
('wrodriguez', '8d3ab5386ba26a58790d44f6b522eddc8843f062788e8de93f6ac55990398334', 'Vicenta', 'Comas', 'Adolescent', 0),
('xabellan', '82b52a21e8c54a98325f7532575728863c52dd1451f88dbc10c12abc81abeded', 'Bernardino', 'Cabrera', 'Adolescent', 0),
('xavier69', '23e9ed655f8a3ac33e812d342f67a0542efaa25b7d1159d85e606b164c6fb44e', 'Wálter', 'Carbajo', 'Adult', 0),
('ximenamorales', '125a8e39bc24890f87b9324d5ca49018a764360fe58533a819be849f12d060ad', 'Amarilis', 'Pino', 'Infantil', 0),
('xlorenzo', 'e88340b1ca889eeb27c6ab8ac3fd97fa936f3078027a2cfd00ecccac29817cb3', 'Agustina', 'Saldaña', 'Adolescent', 0),
('xvendrell', '3ede3c1a4f51fbf0a1ad0ca8b8659a4ca4d1ed127bafb23bca3b583e9c717347', 'Mariana', 'Araujo', 'Infantil', 0),
('yaiza53', '0b0e7d73bcf06cfd2cf852fa409139a9341024e9f693cbe8227566b3f60e3395', 'Odalis', 'Boada', 'Adult', 0),
('ymateos', 'd06be0713b91c62742ff347e1545168fcbd198655a385e33cabc1fb6d6528a41', 'Mamen', 'Gibert', 'Adolescent', 0),
('zamorafelipa', '88c1eb82eb70cc0a608de6457b5e705a118652f0ed31c7ab132649f95d25e5a2', 'Sofía', 'Arellano', 'Infantil', 0),
('zposada', '59e63781ccfceca9bb05c4a8e5767777f19513da29524083a7c3e4d2e63c0d8a', 'Ámbar', 'Romeu', 'Adolescent', 0);

--
-- Índices para tablas volcadas
--

--
-- Indices de la tabla `categoria`
--
ALTER TABLE `categoria`
  ADD PRIMARY KEY (`nomCategoria`);

--
-- Indices de la tabla `contingut`
--
ALTER TABLE `contingut`
  ADD PRIMARY KEY (`idContingut`),
  ADD KEY `nomCategoria` (`nomCategoria`);

--
-- Indices de la tabla `contracte`
--
ALTER TABLE `contracte`
  ADD PRIMARY KEY (`idContracte`),
  ADD KEY `nomUsuari` (`nomUsuari`),
  ADD KEY `tipusContracte` (`tipusContracte`);

--
-- Indices de la tabla `factura`
--
ALTER TABLE `factura`
  ADD PRIMARY KEY (`idFactura`),
  ADD KEY `idContracte` (`idContracte`);

--
-- Indices de la tabla `missatge`
--
ALTER TABLE `missatge`
  ADD PRIMARY KEY (`idMissatge`),
  ADD KEY `idContracte` (`idContracte`),
  ADD KEY `idContingut` (`idContingut`);

--
-- Indices de la tabla `r_categoria_favorita`
--
ALTER TABLE `r_categoria_favorita`
  ADD PRIMARY KEY (`idContracte`,`nomCategoria`),
  ADD KEY `nomCategoria` (`nomCategoria`);

--
-- Indices de la tabla `r_contingut_favorit`
--
ALTER TABLE `r_contingut_favorit`
  ADD PRIMARY KEY (`idContracte`,`idContingut`),
  ADD KEY `idContingut` (`idContingut`);

--
-- Indices de la tabla `r_contingut_tipususuari`
--
ALTER TABLE `r_contingut_tipususuari`
  ADD PRIMARY KEY (`idContingut`,`tipusUsuari`),
  ADD KEY `tipusUsuari` (`tipusUsuari`);

--
-- Indices de la tabla `tipuscontracte`
--
ALTER TABLE `tipuscontracte`
  ADD PRIMARY KEY (`tipusContracte`);

--
-- Indices de la tabla `tipususuari`
--
ALTER TABLE `tipususuari`
  ADD PRIMARY KEY (`tipusUsuari`);

--
-- Indices de la tabla `usuari`
--
ALTER TABLE `usuari`
  ADD PRIMARY KEY (`nomUsuari`),
  ADD KEY `tipusUsuari` (`tipusUsuari`);

--
-- AUTO_INCREMENT de las tablas volcadas
--

--
-- AUTO_INCREMENT de la tabla `contingut`
--
ALTER TABLE `contingut`
  MODIFY `idContingut` int(20) NOT NULL AUTO_INCREMENT, AUTO_INCREMENT=271;

--
-- AUTO_INCREMENT de la tabla `contracte`
--
ALTER TABLE `contracte`
  MODIFY `idContracte` int(20) NOT NULL AUTO_INCREMENT, AUTO_INCREMENT=301;

--
-- AUTO_INCREMENT de la tabla `factura`
--
ALTER TABLE `factura`
  MODIFY `idFactura` int(20) NOT NULL AUTO_INCREMENT;

--
-- AUTO_INCREMENT de la tabla `missatge`
--
ALTER TABLE `missatge`
  MODIFY `idMissatge` int(20) NOT NULL AUTO_INCREMENT;

--
-- Restricciones para tablas volcadas
--

--
-- Filtros para la tabla `contingut`
--
ALTER TABLE `contingut`
  ADD CONSTRAINT `contingut_ibfk_1` FOREIGN KEY (`nomCategoria`) REFERENCES `categoria` (`nomCategoria`);

--
-- Filtros para la tabla `contracte`
--
ALTER TABLE `contracte`
  ADD CONSTRAINT `contracte_ibfk_1` FOREIGN KEY (`nomUsuari`) REFERENCES `usuari` (`nomUsuari`),
  ADD CONSTRAINT `contracte_ibfk_2` FOREIGN KEY (`tipusContracte`) REFERENCES `tipuscontracte` (`tipusContracte`);

--
-- Filtros para la tabla `factura`
--
ALTER TABLE `factura`
  ADD CONSTRAINT `factura_ibfk_1` FOREIGN KEY (`idContracte`) REFERENCES `contracte` (`idContracte`);

--
-- Filtros para la tabla `missatge`
--
ALTER TABLE `missatge`
  ADD CONSTRAINT `missatge_ibfk_1` FOREIGN KEY (`idContracte`) REFERENCES `contracte` (`idContracte`),
  ADD CONSTRAINT `missatge_ibfk_2` FOREIGN KEY (`idContingut`) REFERENCES `contingut` (`idContingut`);

--
-- Filtros para la tabla `r_categoria_favorita`
--
ALTER TABLE `r_categoria_favorita`
  ADD CONSTRAINT `r_categoria_favorita_ibfk_1` FOREIGN KEY (`idContracte`) REFERENCES `contracte` (`idContracte`),
  ADD CONSTRAINT `r_categoria_favorita_ibfk_2` FOREIGN KEY (`nomCategoria`) REFERENCES `categoria` (`nomCategoria`);

--
-- Filtros para la tabla `r_contingut_favorit`
--
ALTER TABLE `r_contingut_favorit`
  ADD CONSTRAINT `r_contingut_favorit_ibfk_1` FOREIGN KEY (`idContracte`) REFERENCES `contracte` (`idContracte`),
  ADD CONSTRAINT `r_contingut_favorit_ibfk_2` FOREIGN KEY (`idContingut`) REFERENCES `contingut` (`idContingut`);

--
-- Filtros para la tabla `r_contingut_tipususuari`
--
ALTER TABLE `r_contingut_tipususuari`
  ADD CONSTRAINT `r_contingut_tipususuari_ibfk_1` FOREIGN KEY (`idContingut`) REFERENCES `contingut` (`idContingut`),
  ADD CONSTRAINT `r_contingut_tipususuari_ibfk_2` FOREIGN KEY (`tipusUsuari`) REFERENCES `tipususuari` (`tipusUsuari`);

--
-- Filtros para la tabla `usuari`
--
ALTER TABLE `usuari`
  ADD CONSTRAINT `usuari_ibfk_1` FOREIGN KEY (`tipusUsuari`) REFERENCES `tipususuari` (`tipusUsuari`);
COMMIT;

/*!40101 SET CHARACTER_SET_CLIENT=@OLD_CHARACTER_SET_CLIENT */;
/*!40101 SET CHARACTER_SET_RESULTS=@OLD_CHARACTER_SET_RESULTS */;
/*!40101 SET COLLATION_CONNECTION=@OLD_COLLATION_CONNECTION */;
