-- phpMyAdmin SQL Dump
-- version 5.1.1
-- https://www.phpmyadmin.net/
--
-- Servidor: 127.0.0.1
-- Tiempo de generación: 19-12-2021 a las 12:47:33
-- Versión del servidor: 10.4.21-MariaDB
-- Versión de PHP: 8.0.11

SET SQL_MODE = "NO_AUTO_VALUE_ON_ZERO";
START TRANSACTION;
SET time_zone = "+00:00";


/*!40101 SET @OLD_CHARACTER_SET_CLIENT=@@CHARACTER_SET_CLIENT */;
/*!40101 SET @OLD_CHARACTER_SET_RESULTS=@@CHARACTER_SET_RESULTS */;
/*!40101 SET @OLD_COLLATION_CONNECTION=@@COLLATION_CONNECTION */;
/*!40101 SET NAMES utf8mb4 */;

--
-- Base de datos: `bd202`
--

-- --------------------------------------------------------

--
-- Estructura de tabla para la tabla `categoria`
--

CREATE TABLE `categoria` (
  `nomCategoria` varchar(20) NOT NULL
) ENGINE=InnoDB DEFAULT CHARSET=utf8mb4;

--
-- Volcado de datos para la tabla `categoria`
--

INSERT INTO `categoria` (`nomCategoria`) VALUES
('Acción'),
('Actualidad'),
('Adulto'),
('Animación'),
('Anime'),
('Aventuras'),
('Binge'),
('Biografía'),
('Ciencia ficción'),
('Comedia'),
('Concurso'),
('Corto'),
('Crimen'),
('Deporte'),
('Documental'),
('Drama'),
('Estilo de vida'),
('Familiar'),
('Fantasía'),
('Ficción'),
('Guerra'),
('Historia'),
('Horror'),
('Infantil'),
('Juvenil'),
('Misterio'),
('Música'),
('Musical'),
('Programa de entrevis'),
('Reality Show'),
('Romance'),
('Sátira'),
('Suspense'),
('Western');

-- --------------------------------------------------------

--
-- Estructura de tabla para la tabla `contingut`
--

CREATE TABLE `contingut` (
  `idContingut` int(20) NOT NULL,
  `titol` varchar(128) NOT NULL,
  `url` varchar(50) NOT NULL,
  `nomCategoria` varchar(20) NOT NULL
) ENGINE=InnoDB DEFAULT CHARSET=utf8mb4;

--
-- Volcado de datos para la tabla `contingut`
--

INSERT INTO `contingut` (`idContingut`, `titol`, `url`, `nomCategoria`) VALUES
(2, 'Z1Fアルトワークス エンジンルーム紹介', 'www.youtube.com/watch?v=YmYYssABnfY', 'Misterio'),
(3, 'kawasaki Z900 Green 1975 Z1F 093454', 'www.youtube.com/watch?v=BIuJM8KBa9o', 'Suspense'),
(4, 'Sony Xperia Z1F: First Look', 'www.youtube.com/watch?v=DUOhHbYE8oo', 'Biografía'),
(5, 'Kawasaki Z900 1975 Z1F 503508', 'www.youtube.com/watch?v=ax2Ss5SfEs4', 'Juvenil'),
(6, 'アルトワークスの神Z1Fさん180km余裕オーバー車両紹介', 'www.youtube.com/watch?v=pxWJq-1BGW4', 'Deporte'),
(7, 'Kawasaki Z1B 1975 Z1F 69139 Blue', 'www.youtube.com/watch?v=WJfmTEd6vM4', 'Infantil'),
(8, 'Camera Test: Xperia Z1f vs Z2 vs Cyber-shot', 'www.youtube.com/watch?v=rTFmbkiXGJI', 'Concurso'),
(9, 'Google Nexus 5 launch rumor, Nokia event teases laptop, Xperia Z1F &amp, (kawasaki Z1B Z1F 78964 1975', 'www.youtube.com/watch?v=XIiMJoc8s_c', 'Acción'),
(10, 'Kawasaki Z1B 1975 Maroon Z1F 78986 1', 'www.youtube.com/watch?v=hbCinAxpeSA', 'Misterio'),
(11, 'Xperia Z1 Compact back cover VS Xperia Z1f back cover', 'www.youtube.com/watch?v=H1ZWqTz41qM', 'Fantasía'),
(12, 'Brow - Z1F (HulkRecord) #Freestyle', 'www.youtube.com/watch?v=LqywXf6B0rU', 'Binge'),
(13, 'NTTドコモ「Xperia Z1f」本多春奈', 'www.youtube.com/watch?v=6s4Lgs0QV_o', 'Animación'),
(14, '4K видео на Xperia Z1f', 'www.youtube.com/watch?v=PHaJZs-3hHM', 'Concurso'),
(15, 'KAWASAKI  Z1F  Z900', 'www.youtube.com/watch?v=f7N8rsPxOeg', 'Suspense'),
(16, 'ジャンクスマホ紹介　Xperia Z1F　SO-02F', 'www.youtube.com/watch?v=tssm7IKjvN0', 'Fantasía'),
(17, '2013冬ドコモ新商品発表会Xperia Z1f SO-02F展示機操作動画', 'www.youtube.com/watch?v=3R6tinsqlsM', 'Fantasía'),
(18, 'kawasaki Z1B Z1F 78964 1975 Return', 'www.youtube.com/watch?v=FEXXO1gwFkE', 'Misterio'),
(19, 'Kawasaki Z! Jaffa 1973 Z1F 07408', 'www.youtube.com/watch?v=90ez-pFmq1Y', 'Anime'),
(20, 'Sony Xperia Z1f Mini', 'www.youtube.com/watch?v=hfMXIqTaMqU', 'Guerra'),
(22, 'TeamAlert RoadTrip lipdub Walburg College, Zwijndrecht, Z1F', 'www.youtube.com/watch?v=3jDY1u_rOg8', 'Comedia'),
(23, 'Unlock  Mở Mạng Sony Xperia Z1F Docomo SO 02F  Bẻ khóa Sony SO 02F Xperia Z1F Docomo', 'www.youtube.com/watch?v=lgg-k74R778', 'Música'),
(24, '2013冬ドコモ新商品発表会Xperia Z1f SO-02F展示機カメラ機能動画', 'www.youtube.com/watch?v=RpiqAFAcirc', 'Historia'),
(25, 'Sony Xperia Z1F Leaked Specs &amp, (Free fire curry of the headshot #shorts | 3R-z1F', 'www.youtube.com/watch?v=RbyrR3z1wUo', 'Sátira'),
(26, '1973 KAWASAKI Z1 (Z1F-03xxx)', 'www.youtube.com/watch?v=SQrEX3YjdsI', 'Aventuras'),
(27, '【NTTドコモ2013年冬春モデル】Xperia Z1f SO-02F', 'www.youtube.com/watch?v=7N_sQVl_Eos', 'Animación'),
(28, 'Xperia Z1f SO-02Fを触ってみた', 'www.youtube.com/watch?v=p6R03uVutoI', 'Drama'),
(29, 'Kawasaki KZ900 1976 Z1F for sale on eBay', 'www.youtube.com/watch?v=spXO7OeT0mE', 'Historia'),
(30, 'XPERIA Z1fで撮影！', 'www.youtube.com/watch?v=H2MMuwY4BPQ', 'Sátira'),
(31, 'Sony Xperia Z1f SO 02F Password Reset or Recovery', 'www.youtube.com/watch?v=6HdILKLEWIc', 'Animación'),
(32, '7月11日Z1F 096323', 'www.youtube.com/watch?v=HJrwx6F3ukk', 'Guerra'),
(33, 'Quick Review Sony Xperia Z1F SO-02F', 'www.youtube.com/watch?v=WVneM6kD67U', 'Guerra'),
(34, '冬でも安心、Xperia Z1f SO-02Fの「手ぶくろモード」', 'www.youtube.com/watch?v=4TQTIC1Y4_s', 'Corto'),
(35, 'kawasaki Z1B 1974 Blue Z1F 56102 return', 'www.youtube.com/watch?v=MWvGB5wJeKo', 'Estilo de vida'),
(36, '7月30日Z1F 112830', 'www.youtube.com/watch?v=Y9RyyDpdxD4', 'Misterio'),
(37, 'Sony Xperia Z1f / Honami mini - official', 'www.youtube.com/watch?v=ZlsRvnIMG1I', 'Deporte'),
(38, 'How to Hard Reset Sony Xperia Z1f SO 02F and Forgot Password Recovery, Factory Reset', 'www.youtube.com/watch?v=o1qbo6WtzDk', 'Comedia'),
(39, '8月12日Z1F 79583', 'www.youtube.com/watch?v=utAX2pI46RY', 'Drama'),
(40, 'kawasaki Z1B 1974 Blue Z1F 56102', 'www.youtube.com/watch?v=XLOsazpYAvU', 'Sátira'),
(41, 'Chém gió Audiotinhte: Cx Plus Tw, Arya V3, MDR-Z1F, chia sẻ nhạc', 'www.youtube.com/watch?v=ItkPx2ClPKI', 'Sátira'),
(42, 'Ca s Evergreen 333-8098-Z1F 96-Well ELISA Treated Microplates with Flat Bottoms. Polystyrene, Black', 'www.youtube.com/watch?v=MGjedO2DEVU', 'Deporte'),
(43, '【カメラ撮影ARエフェクト機能】SONY Xperia Z1f SO-02F', 'www.youtube.com/watch?v=B4sH_YXZz6Y', 'Adulto'),
(44, 'Z1fで撮影 横浜ファイヤーカウントダウン2014', 'www.youtube.com/watch?v=0iEvV12QJ1Q', 'Suspense'),
(45, 'Mở hộp, đánh giá nhanh Sony Xperia Z1F Mini - Mobile City', 'www.youtube.com/watch?v=ryof3x4YV5A', 'Drama'),
(46, 'Kawasaki　Z1　Z1F', 'www.youtube.com/watch?v=-Jnl0HGViVs', 'Misterio'),
(47, 'Sony Xperia Z1F (Z1 Mini ) bơi trong nước', 'www.youtube.com/watch?v=eg9IAFBoLsQ', 'Western'),
(48, 'Z900 (Z1) エンジン動作確認用　Z1F-03488', 'www.youtube.com/watch?v=NAaqlurugCE', 'Animación'),
(49, ' Features', 'www.youtube.com/watch?v=UCY_Pa5YDzw', 'Historia'),
(50, 'Free fire curry of the headshot #shorts | 3R-z1F', 'www.youtube.com/watch?v=RbyrR3z1wUo', 'Sátira'),
(51, '1973 KAWASAKI Z1 (Z1F-03xxx)', 'www.youtube.com/watch?v=SQrEX3YjdsI', 'Aventuras'),
(52, '【NTTドコモ2013年冬春モデル】Xperia Z1f SO-02F', 'www.youtube.com/watch?v=7N_sQVl_Eos', 'Animación'),
(53, 'Xperia Z1f SO-02Fを触ってみた', 'www.youtube.com/watch?v=p6R03uVutoI', 'Drama'),
(54, 'Kawasaki KZ900 1976 Z1F for sale on eBay', 'www.youtube.com/watch?v=spXO7OeT0mE', 'Historia'),
(55, 'XPERIA Z1fで撮影！', 'www.youtube.com/watch?v=H2MMuwY4BPQ', 'Sátira'),
(56, 'Sony Xperia Z1f SO 02F Password Reset or Recovery', 'www.youtube.com/watch?v=6HdILKLEWIc', 'Animación'),
(57, '7月11日Z1F 096323', 'www.youtube.com/watch?v=HJrwx6F3ukk', 'Guerra'),
(58, 'Quick Review Sony Xperia Z1F SO-02F', 'www.youtube.com/watch?v=WVneM6kD67U', 'Guerra'),
(59, '冬でも安心、Xperia Z1f SO-02Fの「手ぶくろモード」', 'www.youtube.com/watch?v=4TQTIC1Y4_s', 'Corto'),
(60, 'kawasaki Z1B 1974 Blue Z1F 56102 return', 'www.youtube.com/watch?v=MWvGB5wJeKo', 'Estilo de vida'),
(61, '7月30日Z1F 112830', 'www.youtube.com/watch?v=Y9RyyDpdxD4', 'Misterio'),
(62, 'Sony Xperia Z1f / Honami mini - official', 'www.youtube.com/watch?v=ZlsRvnIMG1I', 'Deporte'),
(63, 'How to Hard Reset Sony Xperia Z1f SO 02F and Forgot Password Recovery, Factory Reset', 'www.youtube.com/watch?v=o1qbo6WtzDk', 'Comedia'),
(64, '8月12日Z1F 79583', 'www.youtube.com/watch?v=utAX2pI46RY', 'Drama'),
(65, 'kawasaki Z1B 1974 Blue Z1F 56102', 'www.youtube.com/watch?v=XLOsazpYAvU', 'Sátira'),
(66, 'Chém gió Audiotinhte: Cx Plus Tw, Arya V3, MDR-Z1F, chia sẻ nhạc', 'www.youtube.com/watch?v=ItkPx2ClPKI', 'Sátira'),
(67, 'Ca s Evergreen 333-8098-Z1F 96-Well ELISA Treated Microplates with Flat Bottoms. Polystyrene, Black', 'www.youtube.com/watch?v=MGjedO2DEVU', 'Deporte'),
(68, '【カメラ撮影ARエフェクト機能】SONY Xperia Z1f SO-02F', 'www.youtube.com/watch?v=B4sH_YXZz6Y', 'Adulto'),
(69, 'Z1fで撮影 横浜ファイヤーカウントダウン2014', 'www.youtube.com/watch?v=0iEvV12QJ1Q', 'Suspense'),
(70, 'Mở hộp, đánh giá nhanh Sony Xperia Z1F Mini - Mobile City', 'www.youtube.com/watch?v=ryof3x4YV5A', 'Drama'),
(71, 'Kawasaki　Z1　Z1F', 'www.youtube.com/watch?v=-Jnl0HGViVs', 'Misterio'),
(72, 'Sony Xperia Z1F (Z1 Mini ) bơi trong nước', 'www.youtube.com/watch?v=eg9IAFBoLsQ', 'Western'),
(73, 'Z900 (Z1) エンジン動作確認用　Z1F-03488', 'www.youtube.com/watch?v=NAaqlurugCE', 'Animación'),
(74, ' more - Pocketnow Daily', 'www.youtube.com/watch?v=VLVTs55UHo0', 'Comedia'),
(75, 'kawasaki Z1B Z1F 78964 1975', 'www.youtube.com/watch?v=XIiMJoc8s_c', 'Acción'),
(76, 'Kawasaki Z1B 1975 Maroon Z1F 78986 1', 'www.youtube.com/watch?v=hbCinAxpeSA', 'Misterio'),
(77, 'Xperia Z1 Compact back cover VS Xperia Z1f back cover', 'www.youtube.com/watch?v=H1ZWqTz41qM', 'Fantasía'),
(78, 'Brow - Z1F (HulkRecord) #Freestyle', 'www.youtube.com/watch?v=LqywXf6B0rU', 'Binge'),
(79, 'NTTドコモ「Xperia Z1f」本多春奈', 'www.youtube.com/watch?v=6s4Lgs0QV_o', 'Animación'),
(80, '4K видео на Xperia Z1f', 'www.youtube.com/watch?v=PHaJZs-3hHM', 'Concurso'),
(81, 'KAWASAKI  Z1F  Z900', 'www.youtube.com/watch?v=f7N8rsPxOeg', 'Suspense'),
(82, 'ジャンクスマホ紹介　Xperia Z1F　SO-02F', 'www.youtube.com/watch?v=tssm7IKjvN0', 'Fantasía'),
(83, '2013冬ドコモ新商品発表会Xperia Z1f SO-02F展示機操作動画', 'www.youtube.com/watch?v=3R6tinsqlsM', 'Fantasía'),
(84, 'kawasaki Z1B Z1F 78964 1975 Return', 'www.youtube.com/watch?v=FEXXO1gwFkE', 'Misterio'),
(85, 'Kawasaki Z! Jaffa 1973 Z1F 07408', 'www.youtube.com/watch?v=90ez-pFmq1Y', 'Anime'),
(86, 'Sony Xperia Z1f Mini', 'www.youtube.com/watch?v=hfMXIqTaMqU', 'Guerra'),
(87, 'Schannel - Những điểm khác biệt giữa Xperia Z1 vs Xperia Z1f - CellphoneS', 'www.youtube.com/watch?v=2c302vr5k44', 'Ciencia ficción'),
(88, 'TeamAlert RoadTrip lipdub Walburg College, Zwijndrecht, Z1F', 'www.youtube.com/watch?v=3jDY1u_rOg8', 'Comedia'),
(89, 'Unlock  Mở Mạng Sony Xperia Z1F Docomo SO 02F  Bẻ khóa Sony SO 02F Xperia Z1F Docomo', 'www.youtube.com/watch?v=lgg-k74R778', 'Música'),
(90, '2013冬ドコモ新商品発表会Xperia Z1f SO-02F展示機カメラ機能動画', 'www.youtube.com/watch?v=RpiqAFAcirc', 'Historia'),
(91, 'Sony Xperia Z1F Leaked Specs &amp, Free fire curry of the headshot #shorts | 3R-z1F', 'www.youtube.com/watch?v=RbyrR3z1wUo', 'Sátira'),
(92, '1973 KAWASAKI Z1 (Z1F-03xxx)', 'www.youtube.com/watch?v=SQrEX3YjdsI', 'Aventuras'),
(93, '【NTTドコモ2013年冬春モデル】Xperia Z1f SO-02F', 'www.youtube.com/watch?v=7N_sQVl_Eos', 'Animación'),
(94, 'Xperia Z1f SO-02Fを触ってみた', 'www.youtube.com/watch?v=p6R03uVutoI', 'Drama'),
(95, 'Kawasaki KZ900 1976 Z1F for sale on eBay', 'www.youtube.com/watch?v=spXO7OeT0mE', 'Historia'),
(96, 'XPERIA Z1fで撮影！', 'www.youtube.com/watch?v=H2MMuwY4BPQ', 'Sátira'),
(97, 'Sony Xperia Z1f SO 02F Password Reset or Recovery', 'www.youtube.com/watch?v=6HdILKLEWIc', 'Animación'),
(98, '7月11日Z1F 096323', 'www.youtube.com/watch?v=HJrwx6F3ukk', 'Guerra'),
(99, 'Quick Review Sony Xperia Z1F SO-02F', 'www.youtube.com/watch?v=WVneM6kD67U', 'Guerra'),
(100, '冬でも安心、Xperia Z1f SO-02Fの「手ぶくろモード」', 'www.youtube.com/watch?v=4TQTIC1Y4_s', 'Corto'),
(101, 'kawasaki Z1B 1974 Blue Z1F 56102 return', 'www.youtube.com/watch?v=MWvGB5wJeKo', 'Estilo de vida'),
(102, '7月30日Z1F 112830', 'www.youtube.com/watch?v=Y9RyyDpdxD4', 'Misterio'),
(103, 'Sony Xperia Z1f / Honami mini - official', 'www.youtube.com/watch?v=ZlsRvnIMG1I', 'Deporte'),
(104, 'How to Hard Reset Sony Xperia Z1f SO 02F and Forgot Password Recovery, Factory Reset', 'www.youtube.com/watch?v=o1qbo6WtzDk', 'Comedia'),
(105, '8月12日Z1F 79583', 'www.youtube.com/watch?v=utAX2pI46RY', 'Drama'),
(106, 'kawasaki Z1B 1974 Blue Z1F 56102', 'www.youtube.com/watch?v=XLOsazpYAvU', 'Sátira'),
(107, 'Chém gió Audiotinhte: Cx Plus Tw, Arya V3, MDR-Z1F, chia sẻ nhạc', 'www.youtube.com/watch?v=ItkPx2ClPKI', 'Sátira'),
(108, 'Ca s Evergreen 333-8098-Z1F 96-Well ELISA Treated Microplates with Flat Bottoms. Polystyrene, Black', 'www.youtube.com/watch?v=MGjedO2DEVU', 'Deporte'),
(109, '【カメラ撮影ARエフェクト機能】SONY Xperia Z1f SO-02F', 'www.youtube.com/watch?v=B4sH_YXZz6Y', 'Adulto'),
(110, 'Z1fで撮影 横浜ファイヤーカウントダウン2014', 'www.youtube.com/watch?v=0iEvV12QJ1Q', 'Suspense'),
(111, 'Mở hộp, đánh giá nhanh Sony Xperia Z1F Mini - Mobile City', 'www.youtube.com/watch?v=ryof3x4YV5A', 'Drama'),
(112, 'Kawasaki　Z1　Z1F', 'www.youtube.com/watch?v=-Jnl0HGViVs', 'Misterio'),
(113, 'Sony Xperia Z1F (Z1 Mini ) bơi trong nước', 'www.youtube.com/watch?v=eg9IAFBoLsQ', 'Western'),
(114, 'Z900 (Z1) エンジン動作確認用　Z1F-03488', 'www.youtube.com/watch?v=NAaqlurugCE', 'Animación'),
(115, 'Features', 'www.youtube.com/watch?v=UCY_Pa5YDzw', 'Historia'),
(116, 'Free fire curry of the headshot #shorts | 3R-z1F', 'www.youtube.com/watch?v=RbyrR3z1wUo', 'Sátira'),
(117, '1973 KAWASAKI Z1 (Z1F-03xxx)', 'www.youtube.com/watch?v=SQrEX3YjdsI', 'Aventuras'),
(118, '【NTTドコモ2013年冬春モデル】Xperia Z1f SO-02F', 'www.youtube.com/watch?v=7N_sQVl_Eos', 'Animación'),
(119, 'Xperia Z1f SO-02Fを触ってみた', 'www.youtube.com/watch?v=p6R03uVutoI', 'Drama'),
(120, 'Kawasaki KZ900 1976 Z1F for sale on eBay', 'www.youtube.com/watch?v=spXO7OeT0mE', 'Historia'),
(121, 'XPERIA Z1fで撮影！', 'www.youtube.com/watch?v=H2MMuwY4BPQ', 'Sátira'),
(122, 'Sony Xperia Z1f SO 02F Password Reset or Recovery', 'www.youtube.com/watch?v=6HdILKLEWIc', 'Animación'),
(123, '7月11日Z1F 096323', 'www.youtube.com/watch?v=HJrwx6F3ukk', 'Guerra'),
(124, 'Quick Review Sony Xperia Z1F SO-02F', 'www.youtube.com/watch?v=WVneM6kD67U', 'Guerra'),
(125, '冬でも安心、Xperia Z1f SO-02Fの「手ぶくろモード」', 'www.youtube.com/watch?v=4TQTIC1Y4_s', 'Corto'),
(126, 'kawasaki Z1B 1974 Blue Z1F 56102 return', 'www.youtube.com/watch?v=MWvGB5wJeKo', 'Estilo de vida'),
(127, '7月30日Z1F 112830', 'www.youtube.com/watch?v=Y9RyyDpdxD4', 'Misterio'),
(128, 'Sony Xperia Z1f / Honami mini - official', 'www.youtube.com/watch?v=ZlsRvnIMG1I', 'Deporte'),
(129, 'How to Hard Reset Sony Xperia Z1f SO 02F and Forgot Password Recovery, Factory Reset', 'www.youtube.com/watch?v=o1qbo6WtzDk', 'Comedia'),
(130, '8月12日Z1F 79583', 'www.youtube.com/watch?v=utAX2pI46RY', 'Drama'),
(131, 'kawasaki Z1B 1974 Blue Z1F 56102', 'www.youtube.com/watch?v=XLOsazpYAvU', 'Sátira'),
(132, 'Chém gió Audiotinhte: Cx Plus Tw, Arya V3, MDR-Z1F, chia sẻ nhạc', 'www.youtube.com/watch?v=ItkPx2ClPKI', 'Sátira'),
(133, 'Ca s Evergreen 333-8098-Z1F 96-Well ELISA Treated Microplates with Flat Bottoms. Polystyrene, Black', 'www.youtube.com/watch?v=MGjedO2DEVU', 'Deporte'),
(134, '【カメラ撮影ARエフェクト機能】SONY Xperia Z1f SO-02F', 'www.youtube.com/watch?v=B4sH_YXZz6Y', 'Adulto'),
(135, 'Z1fで撮影 横浜ファイヤーカウントダウン2014', 'www.youtube.com/watch?v=0iEvV12QJ1Q', 'Suspense'),
(136, 'Mở hộp, đánh giá nhanh Sony Xperia Z1F Mini - Mobile City', 'www.youtube.com/watch?v=ryof3x4YV5A', 'Drama'),
(137, 'Kawasaki　Z1　Z1F', 'www.youtube.com/watch?v=-Jnl0HGViVs', 'Misterio'),
(138, 'Sony Xperia Z1F (Z1 Mini ) bơi trong nước', 'www.youtube.com/watch?v=eg9IAFBoLsQ', 'Western'),
(139, 'Z900 (Z1) エンジン動作確認用　Z1F-03488', 'www.youtube.com/watch?v=NAaqlurugCE', 'Animación'),
(143, 'a', 'a', 'Actualidad'),
(144, 'z', 'z', 'Actualidad'),
(145, 'a', 'a', 'Actualidad'),
(146, 'a', 'a', 'Actualidad'),
(147, 'a', 'a', 'Actualidad'),
(148, 'a', 'a', 'Actualidad'),
(149, 'a', 'a', 'Acción'),
(150, 'a', 'a', 'Acción'),
(151, 'a', 'b', 'Adulto'),
(152, '<', '<', 'Actualidad'),
(153, 'a', 'a', 'Acción'),
(154, 'a', 'a', 'Actualidad'),
(155, 'a', 'a', 'Actualidad'),
(156, 'a', 'a', 'Acción'),
(157, 'a', 'a', 'Adulto');

--
-- Disparadores `contingut`
--
DELIMITER $$
CREATE TRIGGER `creacioMissatge` AFTER INSERT ON `contingut` FOR EACH ROW BEGIN
    DECLARE id integer;
	DECLARE finished INTEGER DEFAULT 0;
    
	DECLARE cursorAux CURSOR FOR SELECT idContracte
	FROM r_categoria_favorita AS contractesCateFav
	WHERE contractesCateFav.nomCategoria = NEW.nomCategoria;

	DECLARE CONTINUE HANDLER 
    FOR NOT FOUND SET finished = 1;

	OPEN cursorAux;

	enviarMissatge: LOOP
		FETCH cursorAux INTO id;
		IF finished =1 THEN
			LEAVE enviarMissatge;
		END IF;

		INSERT INTO missatge(dataGeneracio, idContracte, idContingut) 
		VALUES (current_date, id, NEW.idContingut);

	END LOOP enviarMissatge;
	CLOSE cursorAux;
END
$$
DELIMITER ;

-- --------------------------------------------------------

--
-- Estructura de tabla para la tabla `contracte`
--

CREATE TABLE `contracte` (
  `idContracte` int(20) NOT NULL,
  `dataAlta` date NOT NULL,
  `dataVenciment` date NOT NULL,
  `nomUsuari` varchar(20) NOT NULL,
  `tipusContracte` varchar(20) NOT NULL
) ENGINE=InnoDB DEFAULT CHARSET=utf8mb4;

--
-- Volcado de datos para la tabla `contracte`
--

INSERT INTO `contracte` (`idContracte`, `dataAlta`, `dataVenciment`, `nomUsuari`, `tipusContracte`) VALUES
(1, '2015-09-26', '2015-10-26', 'ocortes', 'Mensual'),
(2, '2016-09-15', '2016-10-15', 'xborrego', 'Mensual'),
(3, '2019-03-02', '2019-06-02', 'borjajaen', 'Trimestral'),
(4, '2019-01-16', '2019-02-16', 'saturninaprado', 'Mensual'),
(5, '2020-03-14', '2020-06-14', 'jeremias14', 'Trimestral'),
(6, '2017-03-09', '2017-04-09', 'godofredobarcena', 'Mensual'),
(7, '2015-01-02', '2015-04-02', 'hpozuelo', 'Trimestral'),
(8, '2020-06-26', '2020-09-26', 'juliana56', 'Trimestral'),
(9, '2017-09-27', '2017-12-27', 'merinonadia', 'Trimestral'),
(10, '2021-10-24', '2022-01-24', 'rosamaria-luisa', 'Trimestral'),
(11, '2020-03-17', '2020-04-17', 'chavesalicia', 'Mensual'),
(12, '2020-10-07', '2021-01-07', 'zhuerta', 'Trimestral'),
(13, '2015-01-06', '2015-02-06', 'brunildabatlle', 'Mensual'),
(14, '2017-09-01', '2017-10-01', 'pcuesta', 'Mensual'),
(15, '2018-12-31', '2019-01-31', 'rcalleja', 'Mensual'),
(16, '2020-06-24', '2020-07-24', 'maristelaaller', 'Mensual'),
(17, '2018-07-27', '2018-10-27', 'beltranjulian', 'Trimestral'),
(18, '2019-04-15', '2019-05-15', 'ptaboada', 'Mensual'),
(19, '2019-12-06', '2020-01-06', 'jcarreras', 'Mensual'),
(20, '2017-02-04', '2017-03-04', 'aristides81', 'Mensual'),
(21, '2015-08-19', '2015-09-19', 'vaqueroalbano', 'Mensual'),
(22, '2021-10-27', '2021-11-27', 'palominoteodora', 'Mensual'),
(23, '2020-04-17', '2020-07-17', 'noguesanunciacion', 'Trimestral'),
(24, '2021-02-16', '2021-05-16', 'marquestoribio', 'Trimestral'),
(25, '2020-06-16', '2020-09-16', 'almansagoyo', 'Trimestral'),
(26, '2020-07-29', '2020-08-29', 'mercedes36', 'Mensual'),
(27, '2021-10-18', '2022-01-18', 'eloisa45', 'Trimestral'),
(28, '2017-07-10', '2017-10-10', 'julio-cesar27', 'Trimestral'),
(29, '2017-06-21', '2017-09-21', 'ncoello', 'Trimestral'),
(30, '2021-06-12', '2021-07-12', 'xsalgado', 'Mensual'),
(31, '2016-11-04', '2017-02-04', 'nprats', 'Trimestral'),
(32, '2018-11-11', '2018-12-11', 'pbuendia', 'Mensual'),
(33, '2015-06-08', '2015-09-08', 'nicodemo46', 'Trimestral'),
(34, '2019-07-14', '2019-08-14', 'dcabrera', 'Mensual'),
(35, '2018-04-27', '2018-07-27', 'aurora45', 'Trimestral'),
(36, '2020-09-30', '2020-10-30', 'lagunajacinta', 'Mensual'),
(37, '2017-01-14', '2017-04-14', 'pmalo', 'Trimestral'),
(38, '2021-05-05', '2021-08-05', 'bonetrosario', 'Trimestral'),
(39, '2017-05-05', '2017-06-05', 'escuderoconsuela', 'Mensual'),
(40, '2016-08-01', '2016-11-01', 'pacifica57', 'Trimestral'),
(41, '2017-04-05', '2017-05-05', 'cabezaaristides', 'Mensual'),
(42, '2017-11-19', '2017-12-19', 'adoracion85', 'Mensual'),
(43, '2021-07-07', '2021-08-07', 'lillojennifer', 'Mensual'),
(44, '2021-04-27', '2021-05-27', 'omarorozco', 'Mensual'),
(45, '2021-09-17', '2021-12-17', 'reguerageronimo', 'Trimestral'),
(46, '2018-08-25', '2018-09-25', 'piedad83', 'Mensual'),
(47, '2021-12-12', '2022-01-12', 'santamariaemelina', 'Mensual'),
(48, '2015-04-08', '2015-05-08', 'ucarranza', 'Mensual'),
(49, '2020-03-17', '2020-04-17', 'esotelo', 'Mensual'),
(50, '2020-10-06', '2021-01-06', 'hmadrigal', 'Trimestral'),
(51, '2020-02-24', '2020-05-24', 'aitana14', 'Trimestral'),
(52, '2015-05-09', '2015-06-09', 'octaviaramirez', 'Mensual'),
(53, '2016-11-29', '2017-02-28', 'alegriamaria-fernand', 'Trimestral'),
(54, '2016-11-26', '2016-12-26', 'susanaisern', 'Mensual'),
(55, '2019-01-21', '2019-02-21', 'eva-maria58', 'Mensual'),
(56, '2017-05-27', '2017-06-27', 'xcarranza', 'Mensual'),
(57, '2021-10-22', '2021-11-22', 'evangelinapineda', 'Mensual'),
(58, '2017-10-10', '2017-11-10', 'guerrerohortensia', 'Mensual'),
(59, '2017-07-17', '2017-08-17', 'walcala', 'Mensual'),
(60, '2017-05-20', '2017-08-20', 'ruperto18', 'Trimestral'),
(61, '2016-11-09', '2016-12-09', 'josue38', 'Mensual'),
(62, '2015-03-14', '2015-06-14', 'zarino', 'Trimestral'),
(63, '2015-03-03', '2015-06-03', 'eva61', 'Trimestral'),
(64, '2020-08-14', '2020-11-14', 'eutropio79', 'Trimestral'),
(65, '2016-04-11', '2016-05-11', 'juan-manuel83', 'Mensual'),
(66, '2015-03-27', '2015-04-27', 'juliamaria-angeles', 'Mensual'),
(67, '2020-04-27', '2020-07-27', 'marinaarroyo', 'Trimestral'),
(68, '2019-06-14', '2019-09-14', 'ubeltran', 'Trimestral'),
(69, '2021-12-09', '2022-03-09', 'ucardona', 'Trimestral'),
(70, '2015-05-23', '2015-06-23', 'loreto49', 'Mensual'),
(71, '2020-01-20', '2020-04-20', 'mario23', 'Trimestral'),
(72, '2017-07-09', '2017-10-09', 'placidocuervo', 'Trimestral'),
(73, '2018-04-19', '2018-05-19', 'eusebio26', 'Mensual'),
(74, '2020-02-24', '2020-05-24', 'javitudela', 'Trimestral'),
(75, '2016-02-19', '2016-03-19', 'valentinruano', 'Mensual'),
(76, '2019-09-11', '2019-12-11', 'lolaabellan', 'Trimestral'),
(77, '2020-04-28', '2020-05-28', 'bibianamata', 'Mensual'),
(78, '2021-04-17', '2021-07-17', 'mamencuenca', 'Trimestral'),
(79, '2016-04-23', '2016-07-23', 'amador77', 'Trimestral'),
(80, '2020-06-10', '2020-07-10', 'felixsanchez', 'Mensual'),
(81, '2015-01-06', '2015-04-06', 'german94', 'Trimestral'),
(82, '2015-12-23', '2016-03-23', 'gamezluisina', 'Trimestral'),
(83, '2018-10-28', '2019-01-28', 'horacio90', 'Trimestral'),
(84, '2015-11-10', '2016-02-10', 'jcobos', 'Trimestral'),
(85, '2016-10-19', '2016-11-19', 'josefinaplana', 'Mensual'),
(86, '2020-01-31', '2020-02-29', 'lujanhermenegildo', 'Mensual'),
(87, '2015-05-05', '2015-06-05', 'erodenas', 'Mensual'),
(88, '2020-03-04', '2020-04-04', 'lperales', 'Mensual'),
(89, '2015-06-18', '2015-09-18', 'dpedro', 'Trimestral'),
(90, '2016-09-18', '2016-12-18', 'bmanso', 'Trimestral'),
(91, '2018-12-10', '2019-01-10', 'florina36', 'Mensual'),
(92, '2015-02-03', '2015-05-03', 'wvalenciano', 'Trimestral'),
(93, '2015-04-07', '2015-05-07', 'calixtoquesada', 'Mensual'),
(94, '2015-01-14', '2015-04-14', 'landadanilo', 'Trimestral'),
(95, '2016-05-07', '2016-08-07', 'recioevaristo', 'Trimestral'),
(96, '2017-06-23', '2017-09-23', 'barberofelipa', 'Trimestral'),
(97, '2019-01-29', '2019-02-28', 'humbertovalle', 'Mensual'),
(98, '2016-04-11', '2016-05-11', 'colomflora', 'Mensual'),
(99, '2015-02-06', '2015-03-06', 'jimenezcrescencia', 'Mensual'),
(100, '2015-04-08', '2015-05-08', 'juanita09', 'Mensual'),
(101, '2016-12-29', '2017-03-29', 'begona52', 'Trimestral'),
(102, '2017-02-18', '2017-05-18', 'maria-manuelacuadrad', 'Trimestral'),
(103, '2015-01-06', '2015-04-06', 'aliciamaldonado', 'Trimestral'),
(104, '2020-07-23', '2020-10-23', 'otiliaanglada', 'Trimestral'),
(105, '2015-10-26', '2016-01-26', 'natanaelpombo', 'Trimestral'),
(106, '2015-11-16', '2016-02-16', 'lasaheliodoro', 'Trimestral'),
(107, '2015-10-01', '2015-11-01', 'zroura', 'Mensual'),
(108, '2020-11-27', '2020-12-27', 'ifuentes', 'Mensual'),
(109, '2021-03-20', '2021-04-20', 'riberapedro', 'Mensual'),
(110, '2019-04-19', '2019-07-19', 'bvergara', 'Trimestral'),
(111, '2015-09-20', '2015-10-20', 'chigueras', 'Mensual'),
(112, '2018-06-12', '2018-07-12', 'lsaez', 'Mensual'),
(113, '2020-05-28', '2020-06-28', 'franchanacleto', 'Mensual'),
(114, '2020-07-12', '2020-08-12', 'agudonayara', 'Mensual'),
(115, '2020-12-29', '2021-01-29', 'wtejada', 'Mensual'),
(116, '2015-06-04', '2015-07-04', 'xcarrillo', 'Mensual'),
(117, '2015-11-12', '2016-02-12', 'ksomoza', 'Trimestral'),
(118, '2018-06-27', '2018-07-27', 'xamigo', 'Mensual'),
(119, '2021-11-11', '2022-02-11', 'panchonieto', 'Trimestral'),
(120, '2016-05-12', '2016-08-12', 'bpulido', 'Trimestral'),
(121, '2015-11-23', '2016-02-23', 'agudojulia', 'Trimestral'),
(122, '2016-09-28', '2016-10-28', 'rochaleonardo', 'Mensual'),
(123, '2017-08-29', '2017-11-29', 'dacedo', 'Trimestral'),
(124, '2018-10-24', '2019-01-24', 'saezpriscila', 'Trimestral'),
(125, '2019-07-28', '2019-10-28', 'melchor72', 'Trimestral'),
(126, '2015-06-16', '2015-09-16', 'mzabala', 'Trimestral'),
(127, '2021-04-03', '2021-07-03', 'amatramiro', 'Trimestral'),
(128, '2020-01-19', '2020-04-19', 'danilo57', 'Trimestral'),
(129, '2019-02-27', '2019-03-27', 'etelvina53', 'Mensual'),
(130, '2020-08-19', '2020-09-19', 'armando31', 'Mensual'),
(131, '2016-09-17', '2016-12-17', 'aura88', 'Trimestral'),
(132, '2018-07-31', '2018-10-31', 'samu80', 'Trimestral'),
(133, '2019-09-17', '2019-10-17', 'victorino31', 'Mensual'),
(134, '2017-09-06', '2017-10-06', 'maria-carmen57', 'Mensual'),
(135, '2019-11-20', '2019-12-20', 'eugenio97', 'Mensual'),
(136, '2015-12-17', '2016-01-17', 'hdominguez', 'Mensual'),
(137, '2017-03-13', '2017-04-13', 'marciagras', 'Mensual'),
(138, '2017-05-28', '2017-06-28', 'mascaroadora', 'Mensual'),
(139, '2018-12-05', '2019-03-05', 'nadiairiarte', 'Trimestral'),
(140, '2020-04-12', '2020-07-12', 'kflor', 'Trimestral'),
(141, '2015-02-23', '2015-05-23', 'lucenaeric', 'Trimestral'),
(142, '2020-11-06', '2021-02-06', 'josefina12', 'Trimestral'),
(143, '2021-01-21', '2021-04-21', 'kperez', 'Trimestral'),
(144, '2019-09-26', '2019-10-26', 'wlucas', 'Mensual'),
(145, '2018-07-20', '2018-10-20', 'guiomar10', 'Trimestral'),
(146, '2016-02-11', '2016-03-11', 'yguzman', 'Mensual'),
(147, '2020-11-05', '2021-02-05', 'jalvarado', 'Trimestral'),
(148, '2019-01-15', '2019-04-15', 'eanguita', 'Trimestral'),
(149, '2020-10-26', '2021-01-26', 'qpizarro', 'Trimestral'),
(150, '2017-12-01', '2018-03-01', 'fausto06', 'Trimestral'),
(151, '2017-12-26', '2018-01-26', 'charosainz', 'Mensual'),
(152, '2015-11-28', '2015-12-28', 'javiera16', 'Mensual'),
(153, '2016-12-31', '2017-01-31', 'gordillopastor', 'Mensual'),
(154, '2016-05-21', '2016-06-21', 'manu55', 'Mensual'),
(155, '2015-08-24', '2015-09-24', 'icastellanos', 'Mensual'),
(156, '2020-11-04', '2021-02-04', 'maria-belen39', 'Trimestral'),
(157, '2018-03-22', '2018-06-22', 'nevadomanuela', 'Trimestral'),
(158, '2021-05-29', '2021-06-29', 'wisern', 'Mensual'),
(159, '2016-01-10', '2016-04-10', 'teresasarabia', 'Trimestral'),
(160, '2018-12-04', '2019-03-04', 'figuerolajimena', 'Trimestral'),
(161, '2020-12-03', '2021-01-03', 'edgar38', 'Mensual'),
(162, '2016-06-04', '2016-09-04', 'camposana-sofia', 'Trimestral'),
(163, '2015-10-24', '2015-11-24', 'aurea59', 'Mensual'),
(164, '2017-02-20', '2017-03-20', 'federicocobo', 'Mensual'),
(165, '2021-02-14', '2021-05-14', 'luisedelmira', 'Trimestral'),
(166, '2021-03-10', '2021-06-10', 'gloriamonreal', 'Trimestral'),
(167, '2021-06-03', '2021-07-03', 'cportillo', 'Mensual'),
(168, '2017-02-01', '2017-03-01', 'zamoraemma', 'Mensual'),
(169, '2017-04-24', '2017-05-24', 'hernando48', 'Mensual'),
(170, '2019-05-22', '2019-08-22', 'amaya84', 'Trimestral'),
(171, '2020-04-03', '2020-07-03', 'victorsoto', 'Trimestral'),
(172, '2020-01-30', '2020-02-29', 'ofiol', 'Mensual'),
(173, '2018-10-28', '2019-01-28', 'tmuro', 'Trimestral'),
(174, '2016-05-03', '2016-06-03', 'villaberta', 'Mensual'),
(175, '2015-05-23', '2015-08-23', 'jose-manuelgracia', 'Trimestral'),
(176, '2017-01-31', '2017-04-30', 'alejandrallobet', 'Trimestral'),
(177, '2015-10-12', '2016-01-12', 'manzanareshilda', 'Trimestral'),
(178, '2019-12-11', '2020-01-11', 'oriana76', 'Mensual'),
(179, '2021-06-26', '2021-09-26', 'uroman', 'Trimestral'),
(180, '2016-08-19', '2016-09-19', 'lourdes16', 'Mensual'),
(181, '2016-09-22', '2016-12-22', 'ucortes', 'Trimestral'),
(182, '2019-05-27', '2019-08-27', 'uvalcarcel', 'Trimestral'),
(183, '2015-02-16', '2015-05-16', 'carminaroca', 'Trimestral'),
(184, '2017-01-20', '2017-04-20', 'zcortes', 'Trimestral'),
(185, '2018-02-20', '2018-03-20', 'colomwalter', 'Mensual'),
(186, '2021-10-04', '2021-11-04', 'ymendoza', 'Mensual'),
(187, '2015-03-29', '2015-04-29', 'cbellido', 'Mensual'),
(188, '2020-10-16', '2020-11-16', 'jroman', 'Mensual'),
(189, '2016-05-31', '2016-08-31', 'anastasiocorrea', 'Trimestral'),
(190, '2016-07-13', '2016-08-13', 'millaarmida', 'Mensual'),
(191, '2020-04-14', '2020-07-14', 'arreguidemetrio', 'Trimestral'),
(192, '2015-04-27', '2015-05-27', 'dazaamaro', 'Mensual'),
(193, '2015-06-24', '2015-07-24', 'menendezclemente', 'Mensual'),
(194, '2020-03-21', '2020-06-21', 'belenvalentin', 'Trimestral'),
(195, '2019-12-15', '2020-03-15', 'cocarebeca', 'Trimestral'),
(196, '2015-06-09', '2015-09-09', 'balduino64', 'Trimestral'),
(197, '2017-02-11', '2017-05-11', 'julio-cesar43', 'Trimestral'),
(198, '2018-02-21', '2018-03-21', 'vbenavente', 'Mensual'),
(199, '2020-07-02', '2020-08-02', 'fcastrillo', 'Mensual'),
(200, '2021-02-21', '2021-03-21', 'vivianabosch', 'Mensual'),
(201, '2020-09-21', '2020-12-21', 'escuderotrinidad', 'Trimestral'),
(202, '2019-08-15', '2019-09-15', 'guerragracia', 'Mensual'),
(203, '2015-05-11', '2015-06-11', 'chuchoaraujo', 'Mensual'),
(204, '2020-06-23', '2020-07-23', 'jbaron', 'Mensual'),
(205, '2016-02-10', '2016-05-10', 'ipallares', 'Trimestral'),
(206, '2016-11-26', '2016-12-26', 'hcaparros', 'Mensual'),
(207, '2018-08-23', '2018-09-23', 'kparra', 'Mensual'),
(208, '2016-03-22', '2016-04-22', 'saritatenorio', 'Mensual'),
(209, '2019-10-08', '2020-01-08', 'martinezcloe', 'Trimestral'),
(210, '2021-07-30', '2021-08-30', 'kbalaguer', 'Mensual'),
(211, '2016-11-03', '2016-12-03', 'elba62', 'Mensual'),
(212, '2016-06-15', '2016-07-15', 'gracia97', 'Mensual'),
(213, '2017-03-21', '2017-04-21', 'teobaldogordillo', 'Mensual'),
(214, '2019-04-02', '2019-05-02', 'laleman', 'Mensual'),
(215, '2016-10-31', '2017-01-31', 'vascosalamanca', 'Trimestral'),
(216, '2018-11-28', '2018-12-28', 'leocadiopallares', 'Mensual'),
(217, '2021-01-13', '2021-02-13', 'ycarvajal', 'Mensual'),
(218, '2019-11-29', '2019-12-29', 'kgisbert', 'Mensual'),
(219, '2017-04-20', '2017-05-20', 'umurcia', 'Mensual'),
(220, '2021-04-25', '2021-05-25', 'maria06', 'Mensual'),
(221, '2021-12-24', '2022-01-24', 'inigoclemente', 'Mensual'),
(222, '2015-05-17', '2015-06-17', 'zsolera', 'Mensual'),
(223, '2016-03-22', '2016-06-22', 'maria-jesus88', 'Trimestral'),
(224, '2018-02-20', '2018-05-20', 'gomezsebastian', 'Trimestral'),
(225, '2018-10-02', '2018-11-02', 'eveliapont', 'Mensual'),
(226, '2015-03-08', '2015-04-08', 'casaselias', 'Mensual'),
(227, '2016-09-02', '2016-10-02', 'yiniesta', 'Mensual'),
(228, '2017-02-07', '2017-03-07', 'nilda15', 'Mensual'),
(229, '2021-12-17', '2022-01-17', 'donosojose-maria', 'Mensual'),
(230, '2019-08-30', '2019-11-30', 'vendrellascension', 'Trimestral'),
(231, '2019-05-09', '2019-06-09', 'porteroteodora', 'Mensual'),
(232, '2015-06-22', '2015-07-22', 'piquerzaira', 'Mensual'),
(233, '2016-01-09', '2016-04-09', 'victorluis', 'Trimestral'),
(234, '2018-03-18', '2018-04-18', 'calistaoller', 'Mensual'),
(235, '2021-09-18', '2021-12-18', 'carranzaplacido', 'Trimestral'),
(236, '2015-09-22', '2015-12-22', 'roman43', 'Trimestral'),
(237, '2020-03-14', '2020-04-14', 'wnaranjo', 'Mensual'),
(238, '2017-02-03', '2017-03-03', 'aaron33', 'Mensual'),
(239, '2018-06-14', '2018-09-14', 'anguloperla', 'Trimestral'),
(240, '2021-10-18', '2021-11-18', 'borja76', 'Mensual'),
(241, '2018-10-09', '2018-11-09', 'palominovictorino', 'Mensual'),
(242, '2015-03-27', '2015-04-27', 'lupesolano', 'Mensual'),
(243, '2016-06-17', '2016-09-17', 'rolivera', 'Trimestral'),
(244, '2021-09-10', '2021-10-10', 'alexandra09', 'Mensual'),
(245, '2020-12-18', '2021-01-18', 'angelino93', 'Mensual'),
(246, '2020-02-14', '2020-05-14', 'utormo', 'Trimestral'),
(247, '2017-08-09', '2017-09-09', 'jeronimo57', 'Mensual'),
(248, '2016-09-10', '2016-10-10', 'caridadchaparro', 'Mensual'),
(249, '2017-05-04', '2017-06-04', 'gabinotena', 'Mensual'),
(250, '2015-09-08', '2015-12-08', 'maria-luisavarela', 'Trimestral'),
(251, '2019-04-04', '2019-07-04', 'escalonaloida', 'Trimestral'),
(252, '2015-05-28', '2015-06-28', 'luisajauregui', 'Mensual'),
(253, '2020-11-27', '2020-12-27', 'hidalgoremedios', 'Mensual'),
(254, '2019-08-28', '2019-11-28', 'hadan', 'Trimestral'),
(255, '2016-10-08', '2017-01-08', 'jessicabaquero', 'Trimestral'),
(256, '2020-08-18', '2020-09-18', 'rolando21', 'Mensual'),
(257, '2021-01-02', '2021-02-02', 'cruz96', 'Mensual'),
(258, '2018-06-26', '2018-09-26', 'augustocardona', 'Trimestral'),
(259, '2020-05-30', '2020-06-30', 'maxima90', 'Mensual'),
(260, '2016-09-26', '2016-12-26', 'edelmiro65', 'Trimestral'),
(261, '2020-08-14', '2020-09-14', 'solmo', 'Mensual'),
(262, '2016-04-19', '2016-07-19', 'sobrinoamparo', 'Trimestral'),
(263, '2015-10-25', '2015-11-25', 'hernandezhipolito', 'Mensual'),
(264, '2018-11-09', '2019-02-09', 'teodosio59', 'Trimestral'),
(265, '2017-07-22', '2017-08-22', 'hermenegildotellez', 'Mensual'),
(266, '2021-07-19', '2021-10-19', 'ponciodiaz', 'Trimestral'),
(267, '2018-10-31', '2018-11-30', 'camador', 'Mensual'),
(268, '2021-07-10', '2021-08-10', 'baudelio45', 'Mensual'),
(269, '2015-12-15', '2016-03-15', 'saturninapiquer', 'Trimestral'),
(270, '2015-07-03', '2015-10-03', 'telloale', 'Trimestral'),
(271, '2015-09-15', '2015-12-15', 'juan-manuel94', 'Trimestral'),
(272, '2018-11-19', '2019-02-19', 'ugil', 'Trimestral'),
(273, '2016-12-04', '2017-01-04', 'hilario88', 'Mensual'),
(274, '2017-05-24', '2017-08-24', 'vibanez', 'Trimestral'),
(275, '2018-11-30', '2019-02-28', 'herranzfausto', 'Trimestral'),
(276, '2016-07-17', '2016-10-17', 'anselmairiarte', 'Trimestral'),
(277, '2021-07-03', '2021-08-03', 'wmorales', 'Mensual'),
(278, '2017-04-12', '2017-07-12', 'sebastian86', 'Trimestral'),
(279, '2018-04-09', '2018-07-09', 'castejonnilda', 'Trimestral'),
(280, '2017-02-15', '2017-03-15', 'genovevaroca', 'Mensual'),
(281, '2019-02-22', '2019-03-22', 'zcorbacho', 'Mensual'),
(282, '2015-04-01', '2015-07-01', 'friquelme', 'Trimestral'),
(283, '2020-04-12', '2020-05-12', 'belen40', 'Mensual'),
(284, '2018-06-22', '2018-07-22', 'planda', 'Mensual'),
(285, '2018-07-18', '2018-08-18', 'baronchema', 'Mensual'),
(286, '2017-09-08', '2017-10-08', 'horaciorios', 'Mensual'),
(287, '2021-03-13', '2021-06-13', 'ydomenech', 'Trimestral'),
(288, '2020-07-07', '2020-08-07', 'asdrubal91', 'Mensual'),
(289, '2021-12-04', '2022-01-04', 'yaizaparedes', 'Mensual'),
(290, '2019-10-01', '2020-01-01', 'mrio', 'Trimestral'),
(291, '2015-04-28', '2015-07-28', 'geronimo72', 'Trimestral'),
(292, '2018-10-18', '2019-01-18', 'mirtaguillen', 'Trimestral'),
(293, '2020-03-28', '2020-06-28', 'alfonsochita', 'Trimestral'),
(294, '2015-04-11', '2015-05-11', 'kmuniz', 'Mensual'),
(295, '2015-08-10', '2015-11-10', 'anselmapareja', 'Trimestral'),
(296, '2015-04-01', '2015-05-01', 'darioraya', 'Mensual'),
(297, '2017-01-07', '2017-04-07', 'vinasmarco', 'Trimestral'),
(298, '2020-12-11', '2021-03-11', 'carolina74', 'Trimestral'),
(299, '2016-05-17', '2016-06-17', 'atilio70', 'Mensual'),
(300, '2020-07-14', '2020-10-14', 'wterron', 'Trimestral'),
(301, '2021-12-18', '0000-00-00', 'jwm', 'trimestral');

-- --------------------------------------------------------

--
-- Estructura de tabla para la tabla `factura`
--

CREATE TABLE `factura` (
  `idFactura` int(20) NOT NULL,
  `dataEmissio` date NOT NULL,
  `llegit` tinyint(1) NOT NULL,
  `idContracte` int(20) DEFAULT NULL
) ENGINE=InnoDB DEFAULT CHARSET=utf8mb4;

-- --------------------------------------------------------

--
-- Estructura de tabla para la tabla `missatge`
--

CREATE TABLE `missatge` (
  `idMissatge` int(20) NOT NULL,
  `dataGeneracio` date NOT NULL,
  `llegit` tinyint(1) NOT NULL,
  `idContracte` int(20) NOT NULL,
  `idContingut` int(20) NOT NULL
) ENGINE=InnoDB DEFAULT CHARSET=utf8mb4;

--
-- Volcado de datos para la tabla `missatge`
--

INSERT INTO `missatge` (`idMissatge`, `dataGeneracio`, `llegit`, `idContracte`, `idContingut`) VALUES
(1, '2021-12-18', 0, 4, 143),
(2, '2021-12-18', 0, 5, 143),
(3, '2021-12-18', 0, 12, 143),
(4, '2021-12-18', 0, 16, 143),
(5, '2021-12-18', 0, 28, 143),
(6, '2021-12-18', 0, 37, 143),
(7, '2021-12-18', 0, 39, 143),
(8, '2021-12-18', 0, 52, 143),
(9, '2021-12-18', 0, 60, 143),
(10, '2021-12-18', 0, 64, 143),
(11, '2021-12-18', 0, 65, 143),
(12, '2021-12-18', 0, 66, 143),
(13, '2021-12-18', 0, 72, 143),
(14, '2021-12-18', 0, 94, 143),
(15, '2021-12-18', 0, 95, 143),
(16, '2021-12-18', 0, 98, 143),
(17, '2021-12-18', 0, 122, 143),
(18, '2021-12-18', 0, 130, 143),
(19, '2021-12-18', 0, 138, 143),
(20, '2021-12-18', 0, 140, 143),
(21, '2021-12-18', 0, 147, 143),
(22, '2021-12-18', 0, 152, 143),
(23, '2021-12-18', 0, 160, 143),
(24, '2021-12-18', 0, 163, 143),
(25, '2021-12-18', 0, 169, 143),
(26, '2021-12-18', 0, 177, 143),
(27, '2021-12-18', 0, 189, 143),
(28, '2021-12-18', 0, 190, 143),
(29, '2021-12-18', 0, 191, 143),
(30, '2021-12-18', 0, 192, 143),
(31, '2021-12-18', 0, 193, 143),
(32, '2021-12-18', 0, 201, 143),
(33, '2021-12-18', 0, 205, 143),
(34, '2021-12-18', 0, 215, 143),
(35, '2021-12-18', 0, 218, 143),
(36, '2021-12-18', 0, 225, 143),
(37, '2021-12-18', 0, 232, 143),
(38, '2021-12-18', 0, 234, 143),
(39, '2021-12-18', 0, 240, 143),
(40, '2021-12-18', 0, 248, 143),
(41, '2021-12-18', 0, 257, 143),
(42, '2021-12-18', 0, 258, 143),
(43, '2021-12-18', 0, 264, 143),
(44, '2021-12-18', 0, 274, 143),
(45, '2021-12-18', 0, 285, 143),
(46, '2021-12-18', 0, 290, 143),
(47, '2021-12-18', 0, 293, 143),
(48, '2021-12-18', 0, 4, 144),
(49, '2021-12-18', 0, 5, 144),
(50, '2021-12-18', 0, 12, 144),
(51, '2021-12-18', 0, 16, 144),
(52, '2021-12-18', 0, 28, 144),
(53, '2021-12-18', 0, 37, 144),
(54, '2021-12-18', 0, 39, 144),
(55, '2021-12-18', 0, 52, 144),
(56, '2021-12-18', 0, 60, 144),
(57, '2021-12-18', 0, 64, 144),
(58, '2021-12-18', 0, 65, 144),
(59, '2021-12-18', 0, 66, 144),
(60, '2021-12-18', 0, 72, 144),
(61, '2021-12-18', 0, 94, 144),
(62, '2021-12-18', 0, 95, 144),
(63, '2021-12-18', 0, 98, 144),
(64, '2021-12-18', 0, 122, 144),
(65, '2021-12-18', 0, 130, 144),
(66, '2021-12-18', 0, 138, 144),
(67, '2021-12-18', 0, 140, 144),
(68, '2021-12-18', 0, 147, 144),
(69, '2021-12-18', 0, 152, 144),
(70, '2021-12-18', 0, 160, 144),
(71, '2021-12-18', 0, 163, 144),
(72, '2021-12-18', 0, 169, 144),
(73, '2021-12-18', 0, 177, 144),
(74, '2021-12-18', 0, 189, 144),
(75, '2021-12-18', 0, 190, 144),
(76, '2021-12-18', 0, 191, 144),
(77, '2021-12-18', 0, 192, 144),
(78, '2021-12-18', 0, 193, 144),
(79, '2021-12-18', 0, 201, 144),
(80, '2021-12-18', 0, 205, 144),
(81, '2021-12-18', 0, 215, 144),
(82, '2021-12-18', 0, 218, 144),
(83, '2021-12-18', 0, 225, 144),
(84, '2021-12-18', 0, 232, 144),
(85, '2021-12-18', 0, 234, 144),
(86, '2021-12-18', 0, 240, 144),
(87, '2021-12-18', 0, 248, 144),
(88, '2021-12-18', 0, 257, 144),
(89, '2021-12-18', 0, 258, 144),
(90, '2021-12-18', 0, 264, 144),
(91, '2021-12-18', 0, 274, 144),
(92, '2021-12-18', 0, 285, 144),
(93, '2021-12-18', 0, 290, 144),
(94, '2021-12-18', 0, 293, 144),
(95, '2021-12-18', 0, 4, 145),
(96, '2021-12-18', 0, 5, 145),
(97, '2021-12-18', 0, 12, 145),
(98, '2021-12-18', 0, 16, 145),
(99, '2021-12-18', 0, 28, 145),
(100, '2021-12-18', 0, 37, 145),
(101, '2021-12-18', 0, 39, 145),
(102, '2021-12-18', 0, 52, 145),
(103, '2021-12-18', 0, 60, 145),
(104, '2021-12-18', 0, 64, 145),
(105, '2021-12-18', 0, 65, 145),
(106, '2021-12-18', 0, 66, 145),
(107, '2021-12-18', 0, 72, 145),
(108, '2021-12-18', 0, 94, 145),
(109, '2021-12-18', 0, 95, 145),
(110, '2021-12-18', 0, 98, 145),
(111, '2021-12-18', 0, 122, 145),
(112, '2021-12-18', 0, 130, 145),
(113, '2021-12-18', 0, 138, 145),
(114, '2021-12-18', 0, 140, 145),
(115, '2021-12-18', 0, 147, 145),
(116, '2021-12-18', 0, 152, 145),
(117, '2021-12-18', 0, 160, 145),
(118, '2021-12-18', 0, 163, 145),
(119, '2021-12-18', 0, 169, 145),
(120, '2021-12-18', 0, 177, 145),
(121, '2021-12-18', 0, 189, 145),
(122, '2021-12-18', 0, 190, 145),
(123, '2021-12-18', 0, 191, 145),
(124, '2021-12-18', 0, 192, 145),
(125, '2021-12-18', 0, 193, 145),
(126, '2021-12-18', 0, 201, 145),
(127, '2021-12-18', 0, 205, 145),
(128, '2021-12-18', 0, 215, 145),
(129, '2021-12-18', 0, 218, 145),
(130, '2021-12-18', 0, 225, 145),
(131, '2021-12-18', 0, 232, 145),
(132, '2021-12-18', 0, 234, 145),
(133, '2021-12-18', 0, 240, 145),
(134, '2021-12-18', 0, 248, 145),
(135, '2021-12-18', 0, 257, 145),
(136, '2021-12-18', 0, 258, 145),
(137, '2021-12-18', 0, 264, 145),
(138, '2021-12-18', 0, 274, 145),
(139, '2021-12-18', 0, 285, 145),
(140, '2021-12-18', 0, 290, 145),
(141, '2021-12-18', 0, 293, 145),
(142, '2021-12-18', 0, 4, 146),
(143, '2021-12-18', 0, 5, 146),
(144, '2021-12-18', 0, 12, 146),
(145, '2021-12-18', 0, 16, 146),
(146, '2021-12-18', 0, 28, 146),
(147, '2021-12-18', 0, 37, 146),
(148, '2021-12-18', 0, 39, 146),
(149, '2021-12-18', 0, 52, 146),
(150, '2021-12-18', 0, 60, 146),
(151, '2021-12-18', 0, 64, 146),
(152, '2021-12-18', 0, 65, 146),
(153, '2021-12-18', 0, 66, 146),
(154, '2021-12-18', 0, 72, 146),
(155, '2021-12-18', 0, 94, 146),
(156, '2021-12-18', 0, 95, 146),
(157, '2021-12-18', 0, 98, 146),
(158, '2021-12-18', 0, 122, 146),
(159, '2021-12-18', 0, 130, 146),
(160, '2021-12-18', 0, 138, 146),
(161, '2021-12-18', 0, 140, 146),
(162, '2021-12-18', 0, 147, 146),
(163, '2021-12-18', 0, 152, 146),
(164, '2021-12-18', 0, 160, 146),
(165, '2021-12-18', 0, 163, 146),
(166, '2021-12-18', 0, 169, 146),
(167, '2021-12-18', 0, 177, 146),
(168, '2021-12-18', 0, 189, 146),
(169, '2021-12-18', 0, 190, 146),
(170, '2021-12-18', 0, 191, 146),
(171, '2021-12-18', 0, 192, 146),
(172, '2021-12-18', 0, 193, 146),
(173, '2021-12-18', 0, 201, 146),
(174, '2021-12-18', 0, 205, 146),
(175, '2021-12-18', 0, 215, 146),
(176, '2021-12-18', 0, 218, 146),
(177, '2021-12-18', 0, 225, 146),
(178, '2021-12-18', 0, 232, 146),
(179, '2021-12-18', 0, 234, 146),
(180, '2021-12-18', 0, 240, 146),
(181, '2021-12-18', 0, 248, 146),
(182, '2021-12-18', 0, 257, 146),
(183, '2021-12-18', 0, 258, 146),
(184, '2021-12-18', 0, 264, 146),
(185, '2021-12-18', 0, 274, 146),
(186, '2021-12-18', 0, 285, 146),
(187, '2021-12-18', 0, 290, 146),
(188, '2021-12-18', 0, 293, 146),
(189, '2021-12-18', 0, 4, 147),
(190, '2021-12-18', 0, 5, 147),
(191, '2021-12-18', 0, 12, 147),
(192, '2021-12-18', 0, 16, 147),
(193, '2021-12-18', 0, 28, 147),
(194, '2021-12-18', 0, 37, 147),
(195, '2021-12-18', 0, 39, 147),
(196, '2021-12-18', 0, 52, 147),
(197, '2021-12-18', 0, 60, 147),
(198, '2021-12-18', 0, 64, 147),
(199, '2021-12-18', 0, 65, 147),
(200, '2021-12-18', 0, 66, 147),
(201, '2021-12-18', 0, 72, 147),
(202, '2021-12-18', 0, 94, 147),
(203, '2021-12-18', 0, 95, 147),
(204, '2021-12-18', 0, 98, 147),
(205, '2021-12-18', 0, 122, 147),
(206, '2021-12-18', 0, 130, 147),
(207, '2021-12-18', 0, 138, 147),
(208, '2021-12-18', 0, 140, 147),
(209, '2021-12-18', 0, 147, 147),
(210, '2021-12-18', 0, 152, 147),
(211, '2021-12-18', 0, 160, 147),
(212, '2021-12-18', 0, 163, 147),
(213, '2021-12-18', 0, 169, 147),
(214, '2021-12-18', 0, 177, 147),
(215, '2021-12-18', 0, 189, 147),
(216, '2021-12-18', 0, 190, 147),
(217, '2021-12-18', 0, 191, 147),
(218, '2021-12-18', 0, 192, 147),
(219, '2021-12-18', 0, 193, 147),
(220, '2021-12-18', 0, 201, 147),
(221, '2021-12-18', 0, 205, 147),
(222, '2021-12-18', 0, 215, 147),
(223, '2021-12-18', 0, 218, 147),
(224, '2021-12-18', 0, 225, 147),
(225, '2021-12-18', 0, 232, 147),
(226, '2021-12-18', 0, 234, 147),
(227, '2021-12-18', 0, 240, 147),
(228, '2021-12-18', 0, 248, 147),
(229, '2021-12-18', 0, 257, 147),
(230, '2021-12-18', 0, 258, 147),
(231, '2021-12-18', 0, 264, 147),
(232, '2021-12-18', 0, 274, 147),
(233, '2021-12-18', 0, 285, 147),
(234, '2021-12-18', 0, 290, 147),
(235, '2021-12-18', 0, 293, 147),
(236, '2021-12-18', 0, 4, 148),
(237, '2021-12-18', 0, 5, 148),
(238, '2021-12-18', 0, 12, 148),
(239, '2021-12-18', 0, 16, 148),
(240, '2021-12-18', 0, 28, 148),
(241, '2021-12-18', 0, 37, 148),
(242, '2021-12-18', 0, 39, 148),
(243, '2021-12-18', 0, 52, 148),
(244, '2021-12-18', 0, 60, 148),
(245, '2021-12-18', 0, 64, 148),
(246, '2021-12-18', 0, 65, 148),
(247, '2021-12-18', 0, 66, 148),
(248, '2021-12-18', 0, 72, 148),
(249, '2021-12-18', 0, 94, 148),
(250, '2021-12-18', 0, 95, 148),
(251, '2021-12-18', 0, 98, 148),
(252, '2021-12-18', 0, 122, 148),
(253, '2021-12-18', 0, 130, 148),
(254, '2021-12-18', 0, 138, 148),
(255, '2021-12-18', 0, 140, 148),
(256, '2021-12-18', 0, 147, 148),
(257, '2021-12-18', 0, 152, 148),
(258, '2021-12-18', 0, 160, 148),
(259, '2021-12-18', 0, 163, 148),
(260, '2021-12-18', 0, 169, 148),
(261, '2021-12-18', 0, 177, 148),
(262, '2021-12-18', 0, 189, 148),
(263, '2021-12-18', 0, 190, 148),
(264, '2021-12-18', 0, 191, 148),
(265, '2021-12-18', 0, 192, 148),
(266, '2021-12-18', 0, 193, 148),
(267, '2021-12-18', 0, 201, 148),
(268, '2021-12-18', 0, 205, 148),
(269, '2021-12-18', 0, 215, 148),
(270, '2021-12-18', 0, 218, 148),
(271, '2021-12-18', 0, 225, 148),
(272, '2021-12-18', 0, 232, 148),
(273, '2021-12-18', 0, 234, 148),
(274, '2021-12-18', 0, 240, 148),
(275, '2021-12-18', 0, 248, 148),
(276, '2021-12-18', 0, 257, 148),
(277, '2021-12-18', 0, 258, 148),
(278, '2021-12-18', 0, 264, 148),
(279, '2021-12-18', 0, 274, 148),
(280, '2021-12-18', 0, 285, 148),
(281, '2021-12-18', 0, 290, 148),
(282, '2021-12-18', 0, 293, 148),
(283, '2021-12-18', 0, 5, 149),
(284, '2021-12-18', 0, 17, 149),
(285, '2021-12-18', 0, 21, 149),
(286, '2021-12-18', 0, 26, 149),
(287, '2021-12-18', 0, 30, 149),
(288, '2021-12-18', 0, 35, 149),
(289, '2021-12-18', 0, 38, 149),
(290, '2021-12-18', 0, 45, 149),
(291, '2021-12-18', 0, 53, 149),
(292, '2021-12-18', 0, 54, 149),
(293, '2021-12-18', 0, 56, 149),
(294, '2021-12-18', 0, 62, 149),
(295, '2021-12-18', 0, 83, 149),
(296, '2021-12-18', 0, 101, 149),
(297, '2021-12-18', 0, 106, 149),
(298, '2021-12-18', 0, 113, 149),
(299, '2021-12-18', 0, 114, 149),
(300, '2021-12-18', 0, 135, 149),
(301, '2021-12-18', 0, 142, 149),
(302, '2021-12-18', 0, 145, 149),
(303, '2021-12-18', 0, 163, 149),
(304, '2021-12-18', 0, 164, 149),
(305, '2021-12-18', 0, 165, 149),
(306, '2021-12-18', 0, 176, 149),
(307, '2021-12-18', 0, 190, 149),
(308, '2021-12-18', 0, 195, 149),
(309, '2021-12-18', 0, 200, 149),
(310, '2021-12-18', 0, 211, 149),
(311, '2021-12-18', 0, 213, 149),
(312, '2021-12-18', 0, 247, 149),
(313, '2021-12-18', 0, 255, 149),
(314, '2021-12-18', 0, 263, 149),
(315, '2021-12-18', 0, 264, 149),
(316, '2021-12-18', 0, 270, 149),
(317, '2021-12-18', 0, 281, 149),
(318, '2021-12-18', 0, 285, 149),
(319, '2021-12-18', 0, 286, 149),
(320, '2021-12-18', 0, 287, 149),
(321, '2021-12-18', 0, 5, 150),
(322, '2021-12-18', 0, 17, 150),
(323, '2021-12-18', 0, 21, 150),
(324, '2021-12-18', 0, 26, 150),
(325, '2021-12-18', 0, 30, 150),
(326, '2021-12-18', 0, 35, 150),
(327, '2021-12-18', 0, 38, 150),
(328, '2021-12-18', 0, 45, 150),
(329, '2021-12-18', 0, 53, 150),
(330, '2021-12-18', 0, 54, 150),
(331, '2021-12-18', 0, 56, 150),
(332, '2021-12-18', 0, 62, 150),
(333, '2021-12-18', 0, 83, 150),
(334, '2021-12-18', 0, 101, 150),
(335, '2021-12-18', 0, 106, 150),
(336, '2021-12-18', 0, 113, 150),
(337, '2021-12-18', 0, 114, 150),
(338, '2021-12-18', 0, 135, 150),
(339, '2021-12-18', 0, 142, 150),
(340, '2021-12-18', 0, 145, 150),
(341, '2021-12-18', 0, 163, 150),
(342, '2021-12-18', 0, 164, 150),
(343, '2021-12-18', 0, 165, 150),
(344, '2021-12-18', 0, 176, 150),
(345, '2021-12-18', 0, 190, 150),
(346, '2021-12-18', 0, 195, 150),
(347, '2021-12-18', 0, 200, 150),
(348, '2021-12-18', 0, 211, 150),
(349, '2021-12-18', 0, 213, 150),
(350, '2021-12-18', 0, 247, 150),
(351, '2021-12-18', 0, 255, 150),
(352, '2021-12-18', 0, 263, 150),
(353, '2021-12-18', 0, 264, 150),
(354, '2021-12-18', 0, 270, 150),
(355, '2021-12-18', 0, 281, 150),
(356, '2021-12-18', 0, 285, 150),
(357, '2021-12-18', 0, 286, 150),
(358, '2021-12-18', 0, 287, 150),
(359, '2021-12-18', 0, 1, 151),
(360, '2021-12-18', 0, 9, 151),
(361, '2021-12-18', 0, 19, 151),
(362, '2021-12-18', 0, 22, 151),
(363, '2021-12-18', 0, 24, 151),
(364, '2021-12-18', 0, 29, 151),
(365, '2021-12-18', 0, 32, 151),
(366, '2021-12-18', 0, 33, 151),
(367, '2021-12-18', 0, 37, 151),
(368, '2021-12-18', 0, 40, 151),
(369, '2021-12-18', 0, 41, 151),
(370, '2021-12-18', 0, 42, 151),
(371, '2021-12-18', 0, 46, 151),
(372, '2021-12-18', 0, 55, 151),
(373, '2021-12-18', 0, 64, 151),
(374, '2021-12-18', 0, 70, 151),
(375, '2021-12-18', 0, 85, 151),
(376, '2021-12-18', 0, 98, 151),
(377, '2021-12-18', 0, 118, 151),
(378, '2021-12-18', 0, 136, 151),
(379, '2021-12-18', 0, 143, 151),
(380, '2021-12-18', 0, 146, 151),
(381, '2021-12-18', 0, 147, 151),
(382, '2021-12-18', 0, 150, 151),
(383, '2021-12-18', 0, 152, 151),
(384, '2021-12-18', 0, 157, 151),
(385, '2021-12-18', 0, 182, 151),
(386, '2021-12-18', 0, 189, 151),
(387, '2021-12-18', 0, 196, 151),
(388, '2021-12-18', 0, 203, 151),
(389, '2021-12-18', 0, 210, 151),
(390, '2021-12-18', 0, 223, 151),
(391, '2021-12-18', 0, 228, 151),
(392, '2021-12-18', 0, 232, 151),
(393, '2021-12-18', 0, 233, 151),
(394, '2021-12-18', 0, 237, 151),
(395, '2021-12-18', 0, 244, 151),
(396, '2021-12-18', 0, 246, 151),
(397, '2021-12-18', 0, 249, 151),
(398, '2021-12-18', 0, 251, 151),
(399, '2021-12-18', 0, 263, 151),
(400, '2021-12-18', 0, 271, 151),
(401, '2021-12-18', 0, 274, 151),
(402, '2021-12-18', 0, 277, 151),
(403, '2021-12-18', 0, 278, 151),
(404, '2021-12-18', 0, 280, 151),
(405, '2021-12-18', 0, 284, 151),
(406, '2021-12-18', 0, 290, 151),
(407, '2021-12-18', 0, 295, 151),
(408, '2021-12-18', 0, 297, 151),
(409, '2021-12-18', 0, 4, 152),
(410, '2021-12-18', 0, 5, 152),
(411, '2021-12-18', 0, 12, 152),
(412, '2021-12-18', 0, 16, 152),
(413, '2021-12-18', 0, 28, 152),
(414, '2021-12-18', 0, 37, 152),
(415, '2021-12-18', 0, 39, 152),
(416, '2021-12-18', 0, 52, 152),
(417, '2021-12-18', 0, 60, 152),
(418, '2021-12-18', 0, 64, 152),
(419, '2021-12-18', 0, 65, 152),
(420, '2021-12-18', 0, 66, 152),
(421, '2021-12-18', 0, 72, 152),
(422, '2021-12-18', 0, 94, 152),
(423, '2021-12-18', 0, 95, 152),
(424, '2021-12-18', 0, 98, 152),
(425, '2021-12-18', 0, 122, 152),
(426, '2021-12-18', 0, 130, 152),
(427, '2021-12-18', 0, 138, 152),
(428, '2021-12-18', 0, 140, 152),
(429, '2021-12-18', 0, 147, 152),
(430, '2021-12-18', 0, 152, 152),
(431, '2021-12-18', 0, 160, 152),
(432, '2021-12-18', 0, 163, 152),
(433, '2021-12-18', 0, 169, 152),
(434, '2021-12-18', 0, 177, 152),
(435, '2021-12-18', 0, 189, 152),
(436, '2021-12-18', 0, 190, 152),
(437, '2021-12-18', 0, 191, 152),
(438, '2021-12-18', 0, 192, 152),
(439, '2021-12-18', 0, 193, 152),
(440, '2021-12-18', 0, 201, 152),
(441, '2021-12-18', 0, 205, 152),
(442, '2021-12-18', 0, 215, 152),
(443, '2021-12-18', 0, 218, 152),
(444, '2021-12-18', 0, 225, 152),
(445, '2021-12-18', 0, 232, 152),
(446, '2021-12-18', 0, 234, 152),
(447, '2021-12-18', 0, 240, 152),
(448, '2021-12-18', 0, 248, 152),
(449, '2021-12-18', 0, 257, 152),
(450, '2021-12-18', 0, 258, 152),
(451, '2021-12-18', 0, 264, 152),
(452, '2021-12-18', 0, 274, 152),
(453, '2021-12-18', 0, 285, 152),
(454, '2021-12-18', 0, 290, 152),
(455, '2021-12-18', 0, 293, 152),
(456, '2021-12-18', 0, 5, 153),
(457, '2021-12-18', 0, 17, 153),
(458, '2021-12-18', 0, 21, 153),
(459, '2021-12-18', 0, 26, 153),
(460, '2021-12-18', 0, 30, 153),
(461, '2021-12-18', 0, 35, 153),
(462, '2021-12-18', 0, 38, 153),
(463, '2021-12-18', 0, 45, 153),
(464, '2021-12-18', 0, 53, 153),
(465, '2021-12-18', 0, 54, 153),
(466, '2021-12-18', 0, 56, 153),
(467, '2021-12-18', 0, 62, 153),
(468, '2021-12-18', 0, 83, 153),
(469, '2021-12-18', 0, 101, 153),
(470, '2021-12-18', 0, 106, 153),
(471, '2021-12-18', 0, 113, 153),
(472, '2021-12-18', 0, 114, 153),
(473, '2021-12-18', 0, 135, 153),
(474, '2021-12-18', 0, 142, 153),
(475, '2021-12-18', 0, 145, 153),
(476, '2021-12-18', 0, 163, 153),
(477, '2021-12-18', 0, 164, 153),
(478, '2021-12-18', 0, 165, 153),
(479, '2021-12-18', 0, 176, 153),
(480, '2021-12-18', 0, 190, 153),
(481, '2021-12-18', 0, 195, 153),
(482, '2021-12-18', 0, 200, 153),
(483, '2021-12-18', 0, 211, 153),
(484, '2021-12-18', 0, 213, 153),
(485, '2021-12-18', 0, 247, 153),
(486, '2021-12-18', 0, 255, 153),
(487, '2021-12-18', 0, 263, 153),
(488, '2021-12-18', 0, 264, 153),
(489, '2021-12-18', 0, 270, 153),
(490, '2021-12-18', 0, 281, 153),
(491, '2021-12-18', 0, 285, 153),
(492, '2021-12-18', 0, 286, 153),
(493, '2021-12-18', 0, 287, 153),
(494, '2021-12-18', 0, 4, 154),
(495, '2021-12-18', 0, 5, 154),
(496, '2021-12-18', 0, 12, 154),
(497, '2021-12-18', 0, 16, 154),
(498, '2021-12-18', 0, 28, 154),
(499, '2021-12-18', 0, 37, 154),
(500, '2021-12-18', 0, 39, 154),
(501, '2021-12-18', 0, 52, 154),
(502, '2021-12-18', 0, 60, 154),
(503, '2021-12-18', 0, 64, 154),
(504, '2021-12-18', 0, 65, 154),
(505, '2021-12-18', 0, 66, 154),
(506, '2021-12-18', 0, 72, 154),
(507, '2021-12-18', 0, 94, 154),
(508, '2021-12-18', 0, 95, 154),
(509, '2021-12-18', 0, 98, 154),
(510, '2021-12-18', 0, 122, 154),
(511, '2021-12-18', 0, 130, 154),
(512, '2021-12-18', 0, 138, 154),
(513, '2021-12-18', 0, 140, 154),
(514, '2021-12-18', 0, 147, 154),
(515, '2021-12-18', 0, 152, 154),
(516, '2021-12-18', 0, 160, 154),
(517, '2021-12-18', 0, 163, 154),
(518, '2021-12-18', 0, 169, 154),
(519, '2021-12-18', 0, 177, 154),
(520, '2021-12-18', 0, 189, 154),
(521, '2021-12-18', 0, 190, 154),
(522, '2021-12-18', 0, 191, 154),
(523, '2021-12-18', 0, 192, 154),
(524, '2021-12-18', 0, 193, 154),
(525, '2021-12-18', 0, 201, 154),
(526, '2021-12-18', 0, 205, 154),
(527, '2021-12-18', 0, 215, 154),
(528, '2021-12-18', 0, 218, 154),
(529, '2021-12-18', 0, 225, 154),
(530, '2021-12-18', 0, 232, 154),
(531, '2021-12-18', 0, 234, 154),
(532, '2021-12-18', 0, 240, 154),
(533, '2021-12-18', 0, 248, 154),
(534, '2021-12-18', 0, 257, 154),
(535, '2021-12-18', 0, 258, 154),
(536, '2021-12-18', 0, 264, 154),
(537, '2021-12-18', 0, 274, 154),
(538, '2021-12-18', 0, 285, 154),
(539, '2021-12-18', 0, 290, 154),
(540, '2021-12-18', 0, 293, 154),
(541, '2021-12-18', 0, 4, 155),
(542, '2021-12-18', 0, 5, 155),
(543, '2021-12-18', 0, 12, 155),
(544, '2021-12-18', 0, 16, 155),
(545, '2021-12-18', 0, 28, 155),
(546, '2021-12-18', 0, 37, 155),
(547, '2021-12-18', 0, 39, 155),
(548, '2021-12-18', 0, 52, 155),
(549, '2021-12-18', 0, 60, 155),
(550, '2021-12-18', 0, 64, 155),
(551, '2021-12-18', 0, 65, 155),
(552, '2021-12-18', 0, 66, 155),
(553, '2021-12-18', 0, 72, 155),
(554, '2021-12-18', 0, 94, 155),
(555, '2021-12-18', 0, 95, 155),
(556, '2021-12-18', 0, 98, 155),
(557, '2021-12-18', 0, 122, 155),
(558, '2021-12-18', 0, 130, 155),
(559, '2021-12-18', 0, 138, 155),
(560, '2021-12-18', 0, 140, 155),
(561, '2021-12-18', 0, 147, 155),
(562, '2021-12-18', 0, 152, 155),
(563, '2021-12-18', 0, 160, 155),
(564, '2021-12-18', 0, 163, 155),
(565, '2021-12-18', 0, 169, 155),
(566, '2021-12-18', 0, 177, 155),
(567, '2021-12-18', 0, 189, 155),
(568, '2021-12-18', 0, 190, 155),
(569, '2021-12-18', 0, 191, 155),
(570, '2021-12-18', 0, 192, 155),
(571, '2021-12-18', 0, 193, 155),
(572, '2021-12-18', 0, 201, 155),
(573, '2021-12-18', 0, 205, 155),
(574, '2021-12-18', 0, 215, 155),
(575, '2021-12-18', 0, 218, 155),
(576, '2021-12-18', 0, 225, 155),
(577, '2021-12-18', 0, 232, 155),
(578, '2021-12-18', 0, 234, 155),
(579, '2021-12-18', 0, 240, 155),
(580, '2021-12-18', 0, 248, 155),
(581, '2021-12-18', 0, 257, 155),
(582, '2021-12-18', 0, 258, 155),
(583, '2021-12-18', 0, 264, 155),
(584, '2021-12-18', 0, 274, 155),
(585, '2021-12-18', 0, 285, 155),
(586, '2021-12-18', 0, 290, 155),
(587, '2021-12-18', 0, 293, 155),
(588, '2021-12-18', 0, 5, 156),
(589, '2021-12-18', 0, 17, 156),
(590, '2021-12-18', 0, 21, 156),
(591, '2021-12-18', 0, 26, 156),
(592, '2021-12-18', 0, 30, 156),
(593, '2021-12-18', 0, 35, 156),
(594, '2021-12-18', 0, 38, 156),
(595, '2021-12-18', 0, 45, 156),
(596, '2021-12-18', 0, 53, 156),
(597, '2021-12-18', 0, 54, 156),
(598, '2021-12-18', 0, 56, 156),
(599, '2021-12-18', 0, 62, 156),
(600, '2021-12-18', 0, 83, 156),
(601, '2021-12-18', 0, 101, 156),
(602, '2021-12-18', 0, 106, 156),
(603, '2021-12-18', 0, 113, 156),
(604, '2021-12-18', 0, 114, 156),
(605, '2021-12-18', 0, 135, 156),
(606, '2021-12-18', 0, 142, 156),
(607, '2021-12-18', 0, 145, 156),
(608, '2021-12-18', 0, 163, 156),
(609, '2021-12-18', 0, 164, 156),
(610, '2021-12-18', 0, 165, 156),
(611, '2021-12-18', 0, 176, 156),
(612, '2021-12-18', 0, 190, 156),
(613, '2021-12-18', 0, 195, 156),
(614, '2021-12-18', 0, 200, 156),
(615, '2021-12-18', 0, 211, 156),
(616, '2021-12-18', 0, 213, 156),
(617, '2021-12-18', 0, 247, 156),
(618, '2021-12-18', 0, 255, 156),
(619, '2021-12-18', 0, 263, 156),
(620, '2021-12-18', 0, 264, 156),
(621, '2021-12-18', 0, 270, 156),
(622, '2021-12-18', 0, 281, 156),
(623, '2021-12-18', 0, 285, 156),
(624, '2021-12-18', 0, 286, 156),
(625, '2021-12-18', 0, 287, 156),
(626, '2021-12-18', 0, 1, 157),
(627, '2021-12-18', 0, 9, 157),
(628, '2021-12-18', 0, 19, 157),
(629, '2021-12-18', 0, 22, 157),
(630, '2021-12-18', 0, 24, 157),
(631, '2021-12-18', 0, 29, 157),
(632, '2021-12-18', 0, 32, 157),
(633, '2021-12-18', 0, 33, 157),
(634, '2021-12-18', 0, 37, 157),
(635, '2021-12-18', 0, 40, 157),
(636, '2021-12-18', 0, 41, 157),
(637, '2021-12-18', 0, 42, 157),
(638, '2021-12-18', 0, 46, 157),
(639, '2021-12-18', 0, 55, 157),
(640, '2021-12-18', 0, 64, 157),
(641, '2021-12-18', 0, 70, 157),
(642, '2021-12-18', 0, 85, 157),
(643, '2021-12-18', 0, 98, 157),
(644, '2021-12-18', 0, 118, 157),
(645, '2021-12-18', 0, 136, 157),
(646, '2021-12-18', 0, 143, 157),
(647, '2021-12-18', 0, 146, 157),
(648, '2021-12-18', 0, 147, 157),
(649, '2021-12-18', 0, 150, 157),
(650, '2021-12-18', 0, 152, 157),
(651, '2021-12-18', 0, 157, 157),
(652, '2021-12-18', 0, 182, 157),
(653, '2021-12-18', 0, 189, 157),
(654, '2021-12-18', 0, 196, 157),
(655, '2021-12-18', 0, 203, 157),
(656, '2021-12-18', 0, 210, 157),
(657, '2021-12-18', 0, 223, 157),
(658, '2021-12-18', 0, 228, 157),
(659, '2021-12-18', 0, 232, 157),
(660, '2021-12-18', 0, 233, 157),
(661, '2021-12-18', 0, 237, 157),
(662, '2021-12-18', 0, 244, 157),
(663, '2021-12-18', 0, 246, 157),
(664, '2021-12-18', 0, 249, 157),
(665, '2021-12-18', 0, 251, 157),
(666, '2021-12-18', 0, 263, 157),
(667, '2021-12-18', 0, 271, 157),
(668, '2021-12-18', 0, 274, 157),
(669, '2021-12-18', 0, 277, 157),
(670, '2021-12-18', 0, 278, 157),
(671, '2021-12-18', 0, 280, 157),
(672, '2021-12-18', 0, 284, 157),
(673, '2021-12-18', 0, 290, 157),
(674, '2021-12-18', 0, 295, 157),
(675, '2021-12-18', 0, 297, 157);

-- --------------------------------------------------------

--
-- Estructura de tabla para la tabla `r_categoria_favorita`
--

CREATE TABLE `r_categoria_favorita` (
  `idContracte` int(20) NOT NULL,
  `nomCategoria` varchar(20) NOT NULL
) ENGINE=InnoDB DEFAULT CHARSET=utf8mb4;

--
-- Volcado de datos para la tabla `r_categoria_favorita`
--

INSERT INTO `r_categoria_favorita` (`idContracte`, `nomCategoria`) VALUES
(1, 'Adulto'),
(1, 'Aventuras'),
(1, 'Comedia'),
(1, 'Horror'),
(1, 'Suspense'),
(2, 'Ciencia ficción'),
(2, 'Comedia'),
(2, 'Documental'),
(2, 'Romance'),
(2, 'Suspense'),
(3, 'Animación'),
(3, 'Comedia'),
(3, 'Romance'),
(3, 'Sátira'),
(3, 'Suspense'),
(4, 'Actualidad'),
(4, 'Animación'),
(4, 'Biografía'),
(4, 'Familiar'),
(4, 'Música'),
(5, 'Acción'),
(5, 'Actualidad'),
(5, 'Comedia'),
(5, 'Crimen'),
(5, 'Misterio'),
(6, 'Anime'),
(6, 'Biografía'),
(6, 'Documental'),
(6, 'Estilo de vida'),
(6, 'Historia'),
(7, 'Documental'),
(7, 'Juvenil'),
(7, 'Musical'),
(7, 'Programa de entrevis'),
(7, 'Sátira'),
(8, 'Familiar'),
(8, 'Fantasía'),
(8, 'Música'),
(8, 'Musical'),
(8, 'Programa de entrevis'),
(9, 'Adulto'),
(9, 'Historia'),
(9, 'Infantil'),
(9, 'Romance'),
(9, 'Sátira'),
(10, 'Deporte'),
(10, 'Drama'),
(10, 'Infantil'),
(10, 'Misterio'),
(10, 'Romance'),
(11, 'Corto'),
(11, 'Crimen'),
(11, 'Estilo de vida'),
(11, 'Infantil'),
(11, 'Musical'),
(12, 'Actualidad'),
(12, 'Concurso'),
(12, 'Crimen'),
(12, 'Horror'),
(12, 'Misterio'),
(13, 'Binge'),
(13, 'Estilo de vida'),
(13, 'Guerra'),
(13, 'Infantil'),
(13, 'Programa de entrevis'),
(14, 'Animación'),
(14, 'Ciencia ficción'),
(14, 'Comedia'),
(14, 'Corto'),
(14, 'Estilo de vida'),
(15, 'Deporte'),
(15, 'Documental'),
(15, 'Fantasía'),
(15, 'Horror'),
(15, 'Programa de entrevis'),
(16, 'Actualidad'),
(16, 'Ciencia ficción'),
(16, 'Guerra'),
(16, 'Música'),
(16, 'Sátira'),
(17, 'Acción'),
(17, 'Documental'),
(17, 'Estilo de vida'),
(17, 'Infantil'),
(17, 'Misterio'),
(18, 'Ciencia ficción'),
(18, 'Fantasía'),
(18, 'Horror'),
(18, 'Infantil'),
(18, 'Sátira'),
(19, 'Adulto'),
(19, 'Animación'),
(19, 'Documental'),
(19, 'Estilo de vida'),
(19, 'Musical'),
(20, 'Biografía'),
(20, 'Drama'),
(20, 'Ficción'),
(20, 'Historia'),
(20, 'Horror'),
(21, 'Acción'),
(21, 'Estilo de vida'),
(21, 'Guerra'),
(21, 'Horror'),
(21, 'Sátira'),
(22, 'Adulto'),
(22, 'Animación'),
(22, 'Aventuras'),
(22, 'Deporte'),
(22, 'Estilo de vida'),
(23, 'Anime'),
(23, 'Biografía'),
(23, 'Ciencia ficción'),
(23, 'Estilo de vida'),
(23, 'Romance'),
(24, 'Adulto'),
(24, 'Comedia'),
(24, 'Crimen'),
(24, 'Infantil'),
(24, 'Misterio'),
(25, 'Binge'),
(25, 'Comedia'),
(25, 'Programa de entrevis'),
(25, 'Romance'),
(25, 'Suspense'),
(26, 'Acción'),
(26, 'Concurso'),
(26, 'Guerra'),
(26, 'Música'),
(26, 'Reality Show'),
(27, 'Estilo de vida'),
(27, 'Historia'),
(27, 'Infantil'),
(27, 'Música'),
(27, 'Sátira'),
(28, 'Actualidad'),
(28, 'Binge'),
(28, 'Deporte'),
(28, 'Misterio'),
(28, 'Romance'),
(29, 'Adulto'),
(29, 'Concurso'),
(29, 'Estilo de vida'),
(29, 'Reality Show'),
(29, 'Romance'),
(30, 'Acción'),
(30, 'Concurso'),
(30, 'Estilo de vida'),
(30, 'Infantil'),
(30, 'Romance'),
(31, 'Aventuras'),
(31, 'Biografía'),
(31, 'Documental'),
(31, 'Música'),
(31, 'Reality Show'),
(32, 'Adulto'),
(32, 'Aventuras'),
(32, 'Ficción'),
(32, 'Infantil'),
(32, 'Musical'),
(33, 'Adulto'),
(33, 'Corto'),
(33, 'Juvenil'),
(33, 'Misterio'),
(33, 'Sátira'),
(34, 'Animación'),
(34, 'Binge'),
(34, 'Drama'),
(34, 'Romance'),
(34, 'Suspense'),
(35, 'Acción'),
(35, 'Animación'),
(35, 'Binge'),
(35, 'Comedia'),
(35, 'Corto'),
(36, 'Aventuras'),
(36, 'Ciencia ficción'),
(36, 'Deporte'),
(36, 'Estilo de vida'),
(36, 'Ficción'),
(37, 'Actualidad'),
(37, 'Adulto'),
(37, 'Aventuras'),
(37, 'Horror'),
(37, 'Romance'),
(38, 'Acción'),
(38, 'Corto'),
(38, 'Estilo de vida'),
(38, 'Horror'),
(38, 'Misterio'),
(39, 'Actualidad'),
(39, 'Animación'),
(39, 'Deporte'),
(39, 'Historia'),
(39, 'Sátira'),
(40, 'Adulto'),
(40, 'Concurso'),
(40, 'Guerra'),
(40, 'Juvenil'),
(40, 'Romance'),
(41, 'Adulto'),
(41, 'Biografía'),
(41, 'Comedia'),
(41, 'Guerra'),
(41, 'Infantil'),
(42, 'Adulto'),
(42, 'Binge'),
(42, 'Corto'),
(42, 'Guerra'),
(42, 'Historia'),
(43, 'Documental'),
(43, 'Familiar'),
(43, 'Fantasía'),
(43, 'Infantil'),
(43, 'Musical'),
(44, 'Binge'),
(44, 'Biografía'),
(44, 'Comedia'),
(44, 'Reality Show'),
(44, 'Romance'),
(45, 'Acción'),
(45, 'Documental'),
(45, 'Historia'),
(45, 'Musical'),
(45, 'Sátira'),
(46, 'Adulto'),
(46, 'Binge'),
(46, 'Drama'),
(46, 'Música'),
(46, 'Musical'),
(47, 'Estilo de vida'),
(47, 'Horror'),
(47, 'Música'),
(47, 'Musical'),
(47, 'Romance'),
(48, 'Binge'),
(48, 'Comedia'),
(48, 'Documental'),
(48, 'Guerra'),
(48, 'Programa de entrevis'),
(49, 'Biografía'),
(49, 'Documental'),
(49, 'Guerra'),
(49, 'Música'),
(49, 'Suspense'),
(50, 'Comedia'),
(50, 'Crimen'),
(50, 'Juvenil'),
(50, 'Misterio'),
(50, 'Musical'),
(51, 'Ciencia ficción'),
(51, 'Concurso'),
(51, 'Deporte'),
(51, 'Estilo de vida'),
(51, 'Programa de entrevis'),
(52, 'Actualidad'),
(52, 'Binge'),
(52, 'Comedia'),
(52, 'Ficción'),
(52, 'Horror'),
(53, 'Acción'),
(53, 'Ciencia ficción'),
(53, 'Drama'),
(53, 'Fantasía'),
(53, 'Romance'),
(54, 'Acción'),
(54, 'Documental'),
(54, 'Estilo de vida'),
(54, 'Musical'),
(54, 'Programa de entrevis'),
(55, 'Adulto'),
(55, 'Comedia'),
(55, 'Ficción'),
(55, 'Infantil'),
(55, 'Juvenil'),
(56, 'Acción'),
(56, 'Anime'),
(56, 'Deporte'),
(56, 'Fantasía'),
(56, 'Música'),
(57, 'Horror'),
(57, 'Misterio'),
(57, 'Musical'),
(57, 'Reality Show'),
(57, 'Suspense'),
(58, 'Crimen'),
(58, 'Historia'),
(58, 'Horror'),
(58, 'Música'),
(58, 'Musical'),
(59, 'Anime'),
(59, 'Familiar'),
(59, 'Ficción'),
(59, 'Horror'),
(59, 'Juvenil'),
(60, 'Actualidad'),
(60, 'Anime'),
(60, 'Concurso'),
(60, 'Documental'),
(60, 'Fantasía'),
(61, 'Estilo de vida'),
(61, 'Familiar'),
(61, 'Ficción'),
(61, 'Infantil'),
(61, 'Misterio'),
(62, 'Acción'),
(62, 'Binge'),
(62, 'Historia'),
(62, 'Infantil'),
(62, 'Sátira'),
(63, 'Animación'),
(63, 'Deporte'),
(63, 'Familiar'),
(63, 'Juvenil'),
(63, 'Musical'),
(64, 'Actualidad'),
(64, 'Adulto'),
(64, 'Crimen'),
(64, 'Horror'),
(64, 'Música'),
(65, 'Actualidad'),
(65, 'Fantasía'),
(65, 'Historia'),
(65, 'Misterio'),
(65, 'Reality Show'),
(66, 'Actualidad'),
(66, 'Anime'),
(66, 'Biografía'),
(66, 'Ciencia ficción'),
(66, 'Misterio'),
(67, 'Anime'),
(67, 'Ciencia ficción'),
(67, 'Guerra'),
(67, 'Misterio'),
(67, 'Musical'),
(68, 'Ciencia ficción'),
(68, 'Drama'),
(68, 'Horror'),
(68, 'Juvenil'),
(68, 'Musical'),
(69, 'Aventuras'),
(69, 'Concurso'),
(69, 'Crimen'),
(69, 'Infantil'),
(69, 'Sátira'),
(70, 'Adulto'),
(70, 'Animación'),
(70, 'Crimen'),
(70, 'Estilo de vida'),
(70, 'Musical'),
(71, 'Aventuras'),
(71, 'Binge'),
(71, 'Drama'),
(71, 'Estilo de vida'),
(71, 'Historia'),
(72, 'Actualidad'),
(72, 'Binge'),
(72, 'Guerra'),
(72, 'Historia'),
(72, 'Reality Show'),
(73, 'Ciencia ficción'),
(73, 'Deporte'),
(73, 'Familiar'),
(73, 'Guerra'),
(73, 'Suspense'),
(74, 'Comedia'),
(74, 'Ficción'),
(74, 'Guerra'),
(74, 'Horror'),
(74, 'Suspense'),
(75, 'Binge'),
(75, 'Comedia'),
(75, 'Crimen'),
(75, 'Drama'),
(75, 'Familiar'),
(76, 'Biografía'),
(76, 'Crimen'),
(76, 'Historia'),
(76, 'Juvenil'),
(76, 'Música'),
(77, 'Aventuras'),
(77, 'Corto'),
(77, 'Estilo de vida'),
(77, 'Guerra'),
(77, 'Reality Show'),
(78, 'Biografía'),
(78, 'Comedia'),
(78, 'Deporte'),
(78, 'Drama'),
(78, 'Reality Show'),
(79, 'Concurso'),
(79, 'Crimen'),
(79, 'Deporte'),
(79, 'Infantil'),
(79, 'Misterio'),
(80, 'Comedia'),
(80, 'Corto'),
(80, 'Ficción'),
(80, 'Programa de entrevis'),
(80, 'Reality Show'),
(81, 'Comedia'),
(81, 'Misterio'),
(81, 'Musical'),
(81, 'Reality Show'),
(81, 'Romance'),
(82, 'Comedia'),
(82, 'Corto'),
(82, 'Guerra'),
(82, 'Programa de entrevis'),
(82, 'Suspense'),
(83, 'Acción'),
(83, 'Animación'),
(83, 'Concurso'),
(83, 'Juvenil'),
(83, 'Sátira'),
(84, 'Animación'),
(84, 'Concurso'),
(84, 'Crimen'),
(84, 'Familiar'),
(84, 'Musical'),
(85, 'Adulto'),
(85, 'Aventuras'),
(85, 'Comedia'),
(85, 'Drama'),
(85, 'Horror'),
(86, 'Binge'),
(86, 'Concurso'),
(86, 'Estilo de vida'),
(86, 'Historia'),
(86, 'Musical'),
(87, 'Aventuras'),
(87, 'Concurso'),
(87, 'Corto'),
(87, 'Crimen'),
(87, 'Misterio'),
(88, 'Biografía'),
(88, 'Juvenil'),
(88, 'Programa de entrevis'),
(88, 'Reality Show'),
(88, 'Sátira'),
(89, 'Ciencia ficción'),
(89, 'Concurso'),
(89, 'Familiar'),
(89, 'Reality Show'),
(89, 'Sátira'),
(90, 'Crimen'),
(90, 'Drama'),
(90, 'Estilo de vida'),
(90, 'Programa de entrevis'),
(90, 'Sátira'),
(91, 'Drama'),
(91, 'Fantasía'),
(91, 'Ficción'),
(91, 'Horror'),
(91, 'Misterio'),
(92, 'Binge'),
(92, 'Biografía'),
(92, 'Ciencia ficción'),
(92, 'Música'),
(92, 'Reality Show'),
(93, 'Binge'),
(93, 'Documental'),
(93, 'Familiar'),
(93, 'Historia'),
(93, 'Juvenil'),
(94, 'Actualidad'),
(94, 'Animación'),
(94, 'Crimen'),
(94, 'Ficción'),
(94, 'Romance'),
(95, 'Actualidad'),
(95, 'Anime'),
(95, 'Biografía'),
(95, 'Familiar'),
(95, 'Suspense'),
(96, 'Crimen'),
(96, 'Documental'),
(96, 'Familiar'),
(96, 'Juvenil'),
(96, 'Sátira'),
(97, 'Anime'),
(97, 'Aventuras'),
(97, 'Biografía'),
(97, 'Documental'),
(97, 'Sátira'),
(98, 'Actualidad'),
(98, 'Adulto'),
(98, 'Documental'),
(98, 'Juvenil'),
(98, 'Música'),
(99, 'Concurso'),
(99, 'Drama'),
(99, 'Fantasía'),
(99, 'Reality Show'),
(99, 'Romance'),
(100, 'Binge'),
(100, 'Comedia'),
(100, 'Ficción'),
(100, 'Infantil'),
(100, 'Programa de entrevis'),
(101, 'Acción'),
(101, 'Animación'),
(101, 'Concurso'),
(101, 'Deporte'),
(101, 'Musical'),
(102, 'Animación'),
(102, 'Historia'),
(102, 'Horror'),
(102, 'Sátira'),
(102, 'Suspense'),
(103, 'Drama'),
(103, 'Familiar'),
(103, 'Ficción'),
(103, 'Infantil'),
(103, 'Musical'),
(104, 'Fantasía'),
(104, 'Infantil'),
(104, 'Juvenil'),
(104, 'Misterio'),
(104, 'Música'),
(105, 'Documental'),
(105, 'Historia'),
(105, 'Infantil'),
(105, 'Misterio'),
(105, 'Reality Show'),
(106, 'Acción'),
(106, 'Crimen'),
(106, 'Historia'),
(106, 'Infantil'),
(106, 'Sátira'),
(107, 'Anime'),
(107, 'Ciencia ficción'),
(107, 'Reality Show'),
(107, 'Romance'),
(107, 'Suspense'),
(108, 'Documental'),
(108, 'Fantasía'),
(108, 'Historia'),
(108, 'Programa de entrevis'),
(108, 'Romance'),
(109, 'Crimen'),
(109, 'Drama'),
(109, 'Infantil'),
(109, 'Reality Show'),
(109, 'Suspense'),
(110, 'Biografía'),
(110, 'Familiar'),
(110, 'Fantasía'),
(110, 'Guerra'),
(110, 'Musical'),
(111, 'Anime'),
(111, 'Biografía'),
(111, 'Estilo de vida'),
(111, 'Música'),
(111, 'Romance'),
(112, 'Animación'),
(112, 'Ficción'),
(112, 'Infantil'),
(112, 'Programa de entrevis'),
(112, 'Sátira'),
(113, 'Acción'),
(113, 'Animación'),
(113, 'Binge'),
(113, 'Ciencia ficción'),
(113, 'Estilo de vida'),
(114, 'Acción'),
(114, 'Anime'),
(114, 'Infantil'),
(114, 'Programa de entrevis'),
(114, 'Suspense'),
(115, 'Biografía'),
(115, 'Crimen'),
(115, 'Estilo de vida'),
(115, 'Ficción'),
(115, 'Reality Show'),
(116, 'Concurso'),
(116, 'Estilo de vida'),
(116, 'Infantil'),
(116, 'Misterio'),
(116, 'Reality Show'),
(117, 'Animación'),
(117, 'Aventuras'),
(117, 'Fantasía'),
(117, 'Guerra'),
(117, 'Programa de entrevis'),
(118, 'Adulto'),
(118, 'Drama'),
(118, 'Familiar'),
(118, 'Juvenil'),
(118, 'Romance'),
(119, 'Aventuras'),
(119, 'Binge'),
(119, 'Deporte'),
(119, 'Historia'),
(119, 'Romance'),
(120, 'Binge'),
(120, 'Deporte'),
(120, 'Historia'),
(120, 'Reality Show'),
(120, 'Sátira'),
(121, 'Animación'),
(121, 'Anime'),
(121, 'Ciencia ficción'),
(121, 'Corto'),
(121, 'Romance'),
(122, 'Actualidad'),
(122, 'Ciencia ficción'),
(122, 'Corto'),
(122, 'Ficción'),
(122, 'Misterio'),
(123, 'Binge'),
(123, 'Comedia'),
(123, 'Concurso'),
(123, 'Drama'),
(123, 'Historia'),
(124, 'Anime'),
(124, 'Ficción'),
(124, 'Horror'),
(124, 'Juvenil'),
(124, 'Reality Show'),
(125, 'Biografía'),
(125, 'Documental'),
(125, 'Horror'),
(125, 'Reality Show'),
(125, 'Sátira'),
(126, 'Ciencia ficción'),
(126, 'Concurso'),
(126, 'Estilo de vida'),
(126, 'Familiar'),
(126, 'Romance'),
(127, 'Documental'),
(127, 'Estilo de vida'),
(127, 'Infantil'),
(127, 'Juvenil'),
(127, 'Suspense'),
(128, 'Ciencia ficción'),
(128, 'Familiar'),
(128, 'Horror'),
(128, 'Misterio'),
(128, 'Reality Show'),
(129, 'Animación'),
(129, 'Ciencia ficción'),
(129, 'Comedia'),
(129, 'Infantil'),
(129, 'Sátira'),
(130, 'Actualidad'),
(130, 'Animación'),
(130, 'Drama'),
(130, 'Estilo de vida'),
(130, 'Guerra'),
(131, 'Comedia'),
(131, 'Concurso'),
(131, 'Deporte'),
(131, 'Familiar'),
(131, 'Reality Show'),
(132, 'Biografía'),
(132, 'Deporte'),
(132, 'Estilo de vida'),
(132, 'Horror'),
(132, 'Sátira'),
(133, 'Concurso'),
(133, 'Corto'),
(133, 'Documental'),
(133, 'Programa de entrevis'),
(133, 'Suspense'),
(134, 'Corto'),
(134, 'Documental'),
(134, 'Ficción'),
(134, 'Guerra'),
(134, 'Infantil'),
(135, 'Acción'),
(135, 'Anime'),
(135, 'Aventuras'),
(135, 'Fantasía'),
(135, 'Infantil'),
(136, 'Adulto'),
(136, 'Concurso'),
(136, 'Guerra'),
(136, 'Historia'),
(136, 'Música'),
(137, 'Animación'),
(137, 'Anime'),
(137, 'Biografía'),
(137, 'Fantasía'),
(137, 'Guerra'),
(138, 'Actualidad'),
(138, 'Guerra'),
(138, 'Misterio'),
(138, 'Música'),
(138, 'Programa de entrevis'),
(139, 'Biografía'),
(139, 'Drama'),
(139, 'Juvenil'),
(139, 'Música'),
(139, 'Programa de entrevis'),
(140, 'Actualidad'),
(140, 'Familiar'),
(140, 'Infantil'),
(140, 'Música'),
(140, 'Reality Show'),
(141, 'Comedia'),
(141, 'Documental'),
(141, 'Historia'),
(141, 'Misterio'),
(141, 'Sátira'),
(142, 'Acción'),
(142, 'Comedia'),
(142, 'Infantil'),
(142, 'Juvenil'),
(142, 'Sátira'),
(143, 'Adulto'),
(143, 'Deporte'),
(143, 'Documental'),
(143, 'Fantasía'),
(143, 'Reality Show'),
(144, 'Documental'),
(144, 'Drama'),
(144, 'Horror'),
(144, 'Reality Show'),
(144, 'Suspense'),
(145, 'Acción'),
(145, 'Animación'),
(145, 'Historia'),
(145, 'Música'),
(145, 'Programa de entrevis'),
(146, 'Adulto'),
(146, 'Concurso'),
(146, 'Historia'),
(146, 'Programa de entrevis'),
(146, 'Reality Show'),
(147, 'Actualidad'),
(147, 'Adulto'),
(147, 'Anime'),
(147, 'Familiar'),
(147, 'Romance'),
(148, 'Biografía'),
(148, 'Familiar'),
(148, 'Historia'),
(148, 'Infantil'),
(148, 'Sátira'),
(149, 'Aventuras'),
(149, 'Horror'),
(149, 'Infantil'),
(149, 'Musical'),
(149, 'Reality Show'),
(150, 'Adulto'),
(150, 'Concurso'),
(150, 'Crimen'),
(150, 'Documental'),
(150, 'Suspense'),
(151, 'Animación'),
(151, 'Drama'),
(151, 'Familiar'),
(151, 'Juvenil'),
(151, 'Música'),
(152, 'Actualidad'),
(152, 'Adulto'),
(152, 'Anime'),
(152, 'Ciencia ficción'),
(152, 'Infantil'),
(153, 'Biografía'),
(153, 'Crimen'),
(153, 'Drama'),
(153, 'Fantasía'),
(153, 'Horror'),
(154, 'Comedia'),
(154, 'Drama'),
(154, 'Ficción'),
(154, 'Misterio'),
(154, 'Música'),
(155, 'Ciencia ficción'),
(155, 'Drama'),
(155, 'Historia'),
(155, 'Infantil'),
(155, 'Música'),
(156, 'Binge'),
(156, 'Fantasía'),
(156, 'Música'),
(156, 'Reality Show'),
(156, 'Suspense'),
(157, 'Adulto'),
(157, 'Anime'),
(157, 'Guerra'),
(157, 'Música'),
(157, 'Romance'),
(158, 'Animación'),
(158, 'Concurso'),
(158, 'Deporte'),
(158, 'Documental'),
(158, 'Ficción'),
(159, 'Anime'),
(159, 'Ficción'),
(159, 'Horror'),
(159, 'Juvenil'),
(159, 'Misterio'),
(160, 'Actualidad'),
(160, 'Biografía'),
(160, 'Concurso'),
(160, 'Historia'),
(160, 'Juvenil'),
(161, 'Aventuras'),
(161, 'Binge'),
(161, 'Concurso'),
(161, 'Historia'),
(161, 'Reality Show'),
(162, 'Corto'),
(162, 'Documental'),
(162, 'Fantasía'),
(162, 'Programa de entrevis'),
(162, 'Romance'),
(163, 'Acción'),
(163, 'Actualidad'),
(163, 'Horror'),
(163, 'Juvenil'),
(163, 'Música'),
(164, 'Acción'),
(164, 'Historia'),
(164, 'Infantil'),
(164, 'Musical'),
(164, 'Reality Show'),
(165, 'Acción'),
(165, 'Estilo de vida'),
(165, 'Guerra'),
(165, 'Infantil'),
(165, 'Sátira'),
(166, 'Anime'),
(166, 'Binge'),
(166, 'Biografía'),
(166, 'Familiar'),
(166, 'Musical'),
(167, 'Aventuras'),
(167, 'Corto'),
(167, 'Familiar'),
(167, 'Ficción'),
(167, 'Reality Show'),
(168, 'Animación'),
(168, 'Binge'),
(168, 'Drama'),
(168, 'Juvenil'),
(168, 'Suspense'),
(169, 'Actualidad'),
(169, 'Aventuras'),
(169, 'Deporte'),
(169, 'Drama'),
(169, 'Suspense'),
(170, 'Biografía'),
(170, 'Ciencia ficción'),
(170, 'Fantasía'),
(170, 'Horror'),
(170, 'Misterio'),
(171, 'Biografía'),
(171, 'Drama'),
(171, 'Estilo de vida'),
(171, 'Música'),
(171, 'Reality Show'),
(172, 'Animación'),
(172, 'Aventuras'),
(172, 'Drama'),
(172, 'Familiar'),
(172, 'Música'),
(173, 'Biografía'),
(173, 'Ciencia ficción'),
(173, 'Documental'),
(173, 'Programa de entrevis'),
(173, 'Reality Show'),
(174, 'Biografía'),
(174, 'Comedia'),
(174, 'Ficción'),
(174, 'Historia'),
(174, 'Musical'),
(175, 'Animación'),
(175, 'Familiar'),
(175, 'Juvenil'),
(175, 'Programa de entrevis'),
(175, 'Sátira'),
(176, 'Acción'),
(176, 'Documental'),
(176, 'Horror'),
(176, 'Infantil'),
(176, 'Romance'),
(177, 'Actualidad'),
(177, 'Anime'),
(177, 'Aventuras'),
(177, 'Música'),
(177, 'Musical'),
(178, 'Animación'),
(178, 'Anime'),
(178, 'Corto'),
(178, 'Drama'),
(178, 'Música'),
(179, 'Aventuras'),
(179, 'Crimen'),
(179, 'Guerra'),
(179, 'Misterio'),
(179, 'Música'),
(180, 'Aventuras'),
(180, 'Familiar'),
(180, 'Fantasía'),
(180, 'Ficción'),
(180, 'Infantil'),
(181, 'Deporte'),
(181, 'Fantasía'),
(181, 'Guerra'),
(181, 'Musical'),
(181, 'Programa de entrevis'),
(182, 'Adulto'),
(182, 'Estilo de vida'),
(182, 'Fantasía'),
(182, 'Romance'),
(182, 'Sátira'),
(183, 'Ficción'),
(183, 'Historia'),
(183, 'Misterio'),
(183, 'Música'),
(183, 'Suspense'),
(184, 'Biografía'),
(184, 'Documental'),
(184, 'Infantil'),
(184, 'Misterio'),
(184, 'Sátira'),
(185, 'Animación'),
(185, 'Estilo de vida'),
(185, 'Fantasía'),
(185, 'Ficción'),
(185, 'Sátira'),
(186, 'Ciencia ficción'),
(186, 'Guerra'),
(186, 'Musical'),
(186, 'Reality Show'),
(186, 'Suspense'),
(187, 'Binge'),
(187, 'Fantasía'),
(187, 'Horror'),
(187, 'Infantil'),
(187, 'Reality Show'),
(188, 'Animación'),
(188, 'Guerra'),
(188, 'Juvenil'),
(188, 'Misterio'),
(188, 'Suspense'),
(189, 'Actualidad'),
(189, 'Adulto'),
(189, 'Concurso'),
(189, 'Programa de entrevis'),
(189, 'Suspense'),
(190, 'Acción'),
(190, 'Actualidad'),
(190, 'Biografía'),
(190, 'Ciencia ficción'),
(190, 'Misterio'),
(191, 'Actualidad'),
(191, 'Binge'),
(191, 'Biografía'),
(191, 'Corto'),
(191, 'Juvenil'),
(192, 'Actualidad'),
(192, 'Animación'),
(192, 'Comedia'),
(192, 'Guerra'),
(192, 'Sátira'),
(193, 'Actualidad'),
(193, 'Anime'),
(193, 'Binge'),
(193, 'Comedia'),
(193, 'Guerra'),
(194, 'Animación'),
(194, 'Biografía'),
(194, 'Comedia'),
(194, 'Concurso'),
(194, 'Infantil'),
(195, 'Acción'),
(195, 'Estilo de vida'),
(195, 'Familiar'),
(195, 'Guerra'),
(195, 'Horror'),
(196, 'Adulto'),
(196, 'Animación'),
(196, 'Deporte'),
(196, 'Drama'),
(196, 'Juvenil'),
(197, 'Binge'),
(197, 'Concurso'),
(197, 'Guerra'),
(197, 'Juvenil'),
(197, 'Romance'),
(198, 'Animación'),
(198, 'Biografía'),
(198, 'Concurso'),
(198, 'Deporte'),
(198, 'Música'),
(199, 'Comedia'),
(199, 'Crimen'),
(199, 'Deporte'),
(199, 'Drama'),
(199, 'Romance'),
(200, 'Acción'),
(200, 'Animación'),
(200, 'Binge'),
(200, 'Familiar'),
(200, 'Guerra'),
(201, 'Actualidad'),
(201, 'Biografía'),
(201, 'Crimen'),
(201, 'Documental'),
(201, 'Suspense'),
(202, 'Anime'),
(202, 'Corto'),
(202, 'Deporte'),
(202, 'Documental'),
(202, 'Ficción'),
(203, 'Adulto'),
(203, 'Drama'),
(203, 'Juvenil'),
(203, 'Música'),
(203, 'Sátira'),
(204, 'Biografía'),
(204, 'Deporte'),
(204, 'Familiar'),
(204, 'Guerra'),
(204, 'Sátira'),
(205, 'Actualidad'),
(205, 'Biografía'),
(205, 'Crimen'),
(205, 'Estilo de vida'),
(205, 'Sátira'),
(206, 'Comedia'),
(206, 'Familiar'),
(206, 'Misterio'),
(206, 'Sátira'),
(206, 'Suspense'),
(207, 'Anime'),
(207, 'Crimen'),
(207, 'Estilo de vida'),
(207, 'Horror'),
(207, 'Infantil'),
(208, 'Animación'),
(208, 'Juvenil'),
(208, 'Musical'),
(208, 'Programa de entrevis'),
(208, 'Sátira'),
(209, 'Drama'),
(209, 'Musical'),
(209, 'Programa de entrevis'),
(209, 'Reality Show'),
(209, 'Sátira'),
(210, 'Adulto'),
(210, 'Drama'),
(210, 'Fantasía'),
(210, 'Infantil'),
(210, 'Juvenil'),
(211, 'Acción'),
(211, 'Biografía'),
(211, 'Fantasía'),
(211, 'Reality Show'),
(211, 'Romance'),
(212, 'Biografía'),
(212, 'Ciencia ficción'),
(212, 'Horror'),
(212, 'Misterio'),
(212, 'Suspense'),
(213, 'Acción'),
(213, 'Concurso'),
(213, 'Historia'),
(213, 'Horror'),
(213, 'Juvenil'),
(214, 'Anime'),
(214, 'Crimen'),
(214, 'Deporte'),
(214, 'Juvenil'),
(214, 'Suspense'),
(215, 'Actualidad'),
(215, 'Comedia'),
(215, 'Corto'),
(215, 'Crimen'),
(215, 'Juvenil'),
(216, 'Ciencia ficción'),
(216, 'Corto'),
(216, 'Documental'),
(216, 'Juvenil'),
(216, 'Musical'),
(217, 'Ciencia ficción'),
(217, 'Corto'),
(217, 'Música'),
(217, 'Programa de entrevis'),
(217, 'Sátira'),
(218, 'Actualidad'),
(218, 'Comedia'),
(218, 'Juvenil'),
(218, 'Misterio'),
(218, 'Programa de entrevis'),
(219, 'Corto'),
(219, 'Familiar'),
(219, 'Ficción'),
(219, 'Horror'),
(219, 'Juvenil'),
(220, 'Aventuras'),
(220, 'Crimen'),
(220, 'Musical'),
(220, 'Romance'),
(220, 'Sátira'),
(221, 'Biografía'),
(221, 'Ciencia ficción'),
(221, 'Guerra'),
(221, 'Juvenil'),
(221, 'Sátira'),
(222, 'Anime'),
(222, 'Aventuras'),
(222, 'Familiar'),
(222, 'Horror'),
(222, 'Juvenil'),
(223, 'Adulto'),
(223, 'Aventuras'),
(223, 'Ciencia ficción'),
(223, 'Familiar'),
(223, 'Musical'),
(224, 'Biografía'),
(224, 'Concurso'),
(224, 'Crimen'),
(224, 'Drama'),
(224, 'Programa de entrevis'),
(225, 'Actualidad'),
(225, 'Documental'),
(225, 'Drama'),
(225, 'Guerra'),
(225, 'Reality Show'),
(226, 'Biografía'),
(226, 'Guerra'),
(226, 'Horror'),
(226, 'Musical'),
(226, 'Romance'),
(227, 'Aventuras'),
(227, 'Biografía'),
(227, 'Drama'),
(227, 'Infantil'),
(227, 'Reality Show'),
(228, 'Adulto'),
(228, 'Animación'),
(228, 'Estilo de vida'),
(228, 'Fantasía'),
(228, 'Historia'),
(229, 'Animación'),
(229, 'Fantasía'),
(229, 'Musical'),
(229, 'Romance'),
(229, 'Suspense'),
(230, 'Comedia'),
(230, 'Corto'),
(230, 'Fantasía'),
(230, 'Historia'),
(230, 'Infantil'),
(231, 'Familiar'),
(231, 'Ficción'),
(231, 'Guerra'),
(231, 'Musical'),
(231, 'Sátira'),
(232, 'Actualidad'),
(232, 'Adulto'),
(232, 'Biografía'),
(232, 'Ciencia ficción'),
(232, 'Infantil'),
(233, 'Adulto'),
(233, 'Anime'),
(233, 'Ciencia ficción'),
(233, 'Crimen'),
(233, 'Estilo de vida'),
(234, 'Actualidad'),
(234, 'Aventuras'),
(234, 'Estilo de vida'),
(234, 'Horror'),
(234, 'Musical'),
(235, 'Comedia'),
(235, 'Corto'),
(235, 'Misterio'),
(235, 'Musical'),
(235, 'Sátira'),
(236, 'Biografía'),
(236, 'Deporte'),
(236, 'Familiar'),
(236, 'Ficción'),
(236, 'Programa de entrevis'),
(237, 'Adulto'),
(237, 'Estilo de vida'),
(237, 'Infantil'),
(237, 'Programa de entrevis'),
(237, 'Suspense'),
(238, 'Animación'),
(238, 'Concurso'),
(238, 'Deporte'),
(238, 'Estilo de vida'),
(238, 'Programa de entrevis'),
(239, 'Biografía'),
(239, 'Concurso'),
(239, 'Infantil'),
(239, 'Musical'),
(239, 'Reality Show'),
(240, 'Actualidad'),
(240, 'Crimen'),
(240, 'Deporte'),
(240, 'Reality Show'),
(240, 'Sátira'),
(241, 'Animación'),
(241, 'Deporte'),
(241, 'Historia'),
(241, 'Infantil'),
(241, 'Suspense'),
(242, 'Estilo de vida'),
(242, 'Familiar'),
(242, 'Juvenil'),
(242, 'Música'),
(242, 'Sátira'),
(243, 'Animación'),
(243, 'Anime'),
(243, 'Aventuras'),
(243, 'Concurso'),
(243, 'Historia'),
(244, 'Adulto'),
(244, 'Animación'),
(244, 'Biografía'),
(244, 'Documental'),
(244, 'Drama'),
(245, 'Anime'),
(245, 'Crimen'),
(245, 'Drama'),
(245, 'Fantasía'),
(245, 'Juvenil'),
(246, 'Adulto'),
(246, 'Familiar'),
(246, 'Música'),
(246, 'Musical'),
(246, 'Romance'),
(247, 'Acción'),
(247, 'Ciencia ficción'),
(247, 'Crimen'),
(247, 'Misterio'),
(247, 'Programa de entrevis'),
(248, 'Actualidad'),
(248, 'Binge'),
(248, 'Drama'),
(248, 'Historia'),
(248, 'Juvenil'),
(249, 'Adulto'),
(249, 'Biografía'),
(249, 'Ciencia ficción'),
(249, 'Deporte'),
(249, 'Historia'),
(250, 'Binge'),
(250, 'Documental'),
(250, 'Historia'),
(250, 'Juvenil'),
(250, 'Música'),
(251, 'Adulto'),
(251, 'Animación'),
(251, 'Guerra'),
(251, 'Misterio'),
(251, 'Sátira'),
(252, 'Biografía'),
(252, 'Ciencia ficción'),
(252, 'Crimen'),
(252, 'Drama'),
(252, 'Sátira'),
(253, 'Aventuras'),
(253, 'Comedia'),
(253, 'Deporte'),
(253, 'Documental'),
(253, 'Suspense'),
(254, 'Biografía'),
(254, 'Concurso'),
(254, 'Deporte'),
(254, 'Horror'),
(254, 'Programa de entrevis'),
(255, 'Acción'),
(255, 'Anime'),
(255, 'Drama'),
(255, 'Música'),
(255, 'Romance'),
(256, 'Biografía'),
(256, 'Deporte'),
(256, 'Juvenil'),
(256, 'Musical'),
(256, 'Suspense'),
(257, 'Actualidad'),
(257, 'Concurso'),
(257, 'Familiar'),
(257, 'Misterio'),
(257, 'Musical'),
(258, 'Actualidad'),
(258, 'Comedia'),
(258, 'Horror'),
(258, 'Música'),
(258, 'Suspense'),
(259, 'Anime'),
(259, 'Biografía'),
(259, 'Fantasía'),
(259, 'Ficción'),
(259, 'Música'),
(260, 'Anime'),
(260, 'Biografía'),
(260, 'Misterio'),
(260, 'Música'),
(260, 'Programa de entrevis'),
(261, 'Animación'),
(261, 'Concurso'),
(261, 'Documental'),
(261, 'Misterio'),
(261, 'Reality Show'),
(262, 'Anime'),
(262, 'Biografía'),
(262, 'Documental'),
(262, 'Infantil'),
(262, 'Juvenil'),
(263, 'Acción'),
(263, 'Adulto'),
(263, 'Ciencia ficción'),
(263, 'Fantasía'),
(263, 'Historia'),
(264, 'Acción'),
(264, 'Actualidad'),
(264, 'Drama'),
(264, 'Fantasía'),
(264, 'Infantil'),
(265, 'Biografía'),
(265, 'Ciencia ficción'),
(265, 'Ficción'),
(265, 'Infantil'),
(265, 'Romance'),
(266, 'Binge'),
(266, 'Biografía'),
(266, 'Ciencia ficción'),
(266, 'Historia'),
(266, 'Misterio'),
(267, 'Comedia'),
(267, 'Concurso'),
(267, 'Crimen'),
(267, 'Misterio'),
(267, 'Romance'),
(268, 'Anime'),
(268, 'Ciencia ficción'),
(268, 'Deporte'),
(268, 'Ficción'),
(268, 'Música'),
(269, 'Animación'),
(269, 'Concurso'),
(269, 'Corto'),
(269, 'Crimen'),
(269, 'Drama'),
(270, 'Acción'),
(270, 'Animación'),
(270, 'Anime'),
(270, 'Guerra'),
(270, 'Juvenil'),
(271, 'Adulto'),
(271, 'Biografía'),
(271, 'Concurso'),
(271, 'Documental'),
(271, 'Suspense'),
(272, 'Ciencia ficción'),
(272, 'Documental'),
(272, 'Infantil'),
(272, 'Romance'),
(272, 'Sátira'),
(273, 'Animación'),
(273, 'Comedia'),
(273, 'Corto'),
(273, 'Deporte'),
(273, 'Juvenil'),
(274, 'Actualidad'),
(274, 'Adulto'),
(274, 'Corto'),
(274, 'Crimen'),
(274, 'Infantil'),
(275, 'Aventuras'),
(275, 'Concurso'),
(275, 'Fantasía'),
(275, 'Misterio'),
(275, 'Música'),
(276, 'Documental'),
(276, 'Estilo de vida'),
(276, 'Familiar'),
(276, 'Misterio'),
(276, 'Música'),
(277, 'Adulto'),
(277, 'Biografía'),
(277, 'Comedia'),
(277, 'Documental'),
(277, 'Juvenil'),
(278, 'Adulto'),
(278, 'Aventuras'),
(278, 'Horror'),
(278, 'Reality Show'),
(278, 'Sátira'),
(279, 'Comedia'),
(279, 'Drama'),
(279, 'Familiar'),
(279, 'Historia'),
(279, 'Sátira'),
(280, 'Adulto'),
(280, 'Comedia'),
(280, 'Crimen'),
(280, 'Infantil'),
(280, 'Música'),
(281, 'Acción'),
(281, 'Anime'),
(281, 'Corto'),
(281, 'Familiar'),
(281, 'Fantasía'),
(282, 'Aventuras'),
(282, 'Comedia'),
(282, 'Concurso'),
(282, 'Deporte'),
(282, 'Suspense'),
(283, 'Binge'),
(283, 'Deporte'),
(283, 'Familiar'),
(283, 'Ficción'),
(283, 'Música'),
(284, 'Adulto'),
(284, 'Binge'),
(284, 'Deporte'),
(284, 'Horror'),
(284, 'Sátira'),
(285, 'Acción'),
(285, 'Actualidad'),
(285, 'Ciencia ficción'),
(285, 'Guerra'),
(285, 'Suspense'),
(286, 'Acción'),
(286, 'Aventuras'),
(286, 'Fantasía'),
(286, 'Música'),
(286, 'Suspense'),
(287, 'Acción'),
(287, 'Animación'),
(287, 'Crimen'),
(287, 'Familiar'),
(287, 'Infantil'),
(288, 'Crimen'),
(288, 'Drama'),
(288, 'Estilo de vida'),
(288, 'Familiar'),
(288, 'Juvenil'),
(289, 'Comedia'),
(289, 'Deporte'),
(289, 'Familiar'),
(289, 'Fantasía'),
(289, 'Sátira'),
(290, 'Actualidad'),
(290, 'Adulto'),
(290, 'Binge'),
(290, 'Comedia'),
(290, 'Juvenil'),
(291, 'Animación'),
(291, 'Ciencia ficción'),
(291, 'Documental'),
(291, 'Musical'),
(291, 'Suspense'),
(292, 'Aventuras'),
(292, 'Binge'),
(292, 'Crimen'),
(292, 'Documental'),
(292, 'Horror'),
(293, 'Actualidad'),
(293, 'Biografía'),
(293, 'Corto'),
(293, 'Deporte'),
(293, 'Ficción'),
(294, 'Corto'),
(294, 'Infantil'),
(294, 'Musical'),
(294, 'Programa de entrevis'),
(294, 'Reality Show'),
(295, 'Adulto'),
(295, 'Corto'),
(295, 'Ficción'),
(295, 'Juvenil'),
(295, 'Sátira'),
(296, 'Crimen'),
(296, 'Guerra'),
(296, 'Infantil'),
(296, 'Juvenil'),
(296, 'Reality Show'),
(297, 'Adulto'),
(297, 'Historia'),
(297, 'Infantil'),
(297, 'Música'),
(297, 'Musical'),
(298, 'Anime'),
(298, 'Deporte'),
(298, 'Misterio'),
(298, 'Romance'),
(298, 'Suspense');

-- --------------------------------------------------------

--
-- Estructura de tabla para la tabla `r_contingut_favorit`
--

CREATE TABLE `r_contingut_favorit` (
  `idContracte` int(20) NOT NULL,
  `idContingut` int(20) NOT NULL
) ENGINE=InnoDB DEFAULT CHARSET=utf8mb4;

--
-- Volcado de datos para la tabla `r_contingut_favorit`
--

INSERT INTO `r_contingut_favorit` (`idContracte`, `idContingut`) VALUES
(1, 3),
(1, 5),
(1, 16),
(1, 31),
(1, 34),
(1, 39),
(1, 41),
(1, 42),
(1, 44),
(1, 49),
(2, 7),
(2, 10),
(2, 11),
(2, 15),
(2, 19),
(2, 25),
(2, 31),
(2, 42),
(2, 48),
(3, 6),
(3, 8),
(3, 14),
(3, 25),
(3, 33),
(3, 34),
(3, 41),
(3, 46),
(4, 5),
(4, 10),
(4, 12),
(4, 22),
(4, 24),
(4, 30),
(4, 34),
(4, 40),
(4, 49),
(5, 7),
(5, 10),
(5, 14),
(5, 28),
(5, 29),
(5, 31),
(5, 40),
(5, 41),
(5, 47),
(6, 10),
(6, 12),
(6, 13),
(6, 26),
(6, 30),
(6, 35),
(6, 36),
(6, 40),
(6, 45),
(7, 5),
(7, 7),
(7, 9),
(7, 26),
(7, 28),
(7, 31),
(7, 35),
(7, 37),
(7, 42),
(8, 8),
(8, 12),
(8, 13),
(8, 14),
(8, 24),
(8, 29),
(8, 30),
(8, 31),
(8, 34),
(8, 42),
(9, 7),
(9, 13),
(9, 14),
(9, 19),
(9, 28),
(9, 34),
(9, 40),
(9, 44),
(9, 47),
(10, 8),
(10, 14),
(10, 17),
(10, 24),
(10, 36),
(10, 37),
(10, 39),
(10, 41),
(10, 47),
(11, 7),
(11, 12),
(11, 15),
(11, 17),
(11, 25),
(11, 27),
(11, 29),
(11, 31),
(11, 39),
(11, 49),
(12, 17),
(12, 18),
(12, 22),
(12, 25),
(12, 37),
(12, 41),
(12, 47),
(12, 49),
(13, 11),
(13, 16),
(13, 22),
(13, 25),
(13, 26),
(13, 29),
(13, 37),
(13, 41),
(13, 44),
(14, 3),
(14, 8),
(14, 14),
(14, 16),
(14, 18),
(14, 20),
(14, 25),
(14, 26),
(14, 30),
(14, 32),
(15, 11),
(15, 12),
(15, 17),
(15, 19),
(15, 23),
(15, 33),
(15, 36),
(15, 38),
(15, 47),
(15, 49),
(16, 4),
(16, 8),
(16, 10),
(16, 11),
(16, 12),
(16, 20),
(16, 26),
(16, 35),
(16, 42),
(17, 5),
(17, 7),
(17, 12),
(17, 26),
(17, 29),
(17, 30),
(17, 38),
(17, 42),
(17, 47),
(18, 8),
(18, 11),
(18, 13),
(18, 17),
(18, 24),
(18, 26),
(18, 29),
(18, 43),
(18, 46),
(18, 47),
(19, 3),
(19, 4),
(19, 6),
(19, 16),
(19, 19),
(19, 24),
(19, 29),
(19, 32),
(19, 40),
(19, 47),
(20, 3),
(20, 7),
(20, 13),
(20, 17),
(20, 27),
(20, 28),
(20, 31),
(20, 45),
(20, 46),
(20, 49),
(21, 5),
(21, 9),
(21, 24),
(21, 26),
(21, 30),
(21, 31),
(21, 39),
(21, 44),
(21, 48),
(21, 49),
(22, 9),
(22, 22),
(22, 23),
(22, 29),
(22, 34),
(22, 38),
(22, 45),
(22, 46),
(22, 47),
(22, 49),
(23, 3),
(23, 5),
(23, 16),
(23, 19),
(23, 23),
(23, 24),
(23, 28),
(23, 42),
(23, 46),
(24, 3),
(24, 4),
(24, 14),
(24, 19),
(24, 22),
(24, 29),
(24, 34),
(24, 35),
(24, 38),
(24, 47),
(25, 10),
(25, 12),
(25, 13),
(25, 15),
(25, 19),
(25, 20),
(25, 23),
(25, 38),
(25, 41),
(25, 42),
(26, 3),
(26, 4),
(26, 6),
(26, 8),
(26, 19),
(26, 26),
(26, 29),
(26, 33),
(26, 39),
(27, 6),
(27, 16),
(27, 17),
(27, 22),
(27, 23),
(27, 37),
(27, 42),
(27, 43),
(28, 3),
(28, 19),
(28, 27),
(28, 29),
(28, 30),
(28, 34),
(28, 36),
(28, 37),
(28, 41),
(29, 4),
(29, 8),
(29, 14),
(29, 15),
(29, 16),
(29, 19),
(29, 31),
(29, 38),
(29, 39),
(29, 41),
(30, 3),
(30, 4),
(30, 6),
(30, 13),
(30, 17),
(30, 18),
(30, 22),
(30, 40),
(30, 44),
(31, 8),
(31, 10),
(31, 22),
(31, 23),
(31, 29),
(31, 44),
(31, 45),
(31, 47),
(31, 48),
(32, 8),
(32, 14),
(32, 16),
(32, 17),
(32, 24),
(32, 26),
(32, 30),
(32, 33),
(32, 38),
(33, 4),
(33, 6),
(33, 11),
(33, 19),
(33, 22),
(33, 23),
(33, 37),
(33, 42),
(33, 49),
(34, 5),
(34, 6),
(34, 9),
(34, 13),
(34, 25),
(34, 26),
(34, 32),
(34, 44),
(34, 47),
(34, 49),
(35, 4),
(35, 7),
(35, 12),
(35, 13),
(35, 17),
(35, 26),
(35, 28),
(35, 43),
(36, 4),
(36, 5),
(36, 7),
(36, 11),
(36, 17),
(36, 25),
(36, 32),
(36, 35),
(36, 43),
(36, 46),
(37, 5),
(37, 9),
(37, 11),
(37, 26),
(37, 28),
(37, 35),
(37, 37),
(37, 39),
(37, 41),
(37, 49),
(38, 5),
(38, 6),
(38, 22),
(38, 25),
(38, 28),
(38, 35),
(38, 37),
(38, 38),
(38, 45),
(38, 49),
(39, 3),
(39, 19),
(39, 22),
(39, 26),
(39, 33),
(39, 42),
(39, 48),
(39, 49),
(40, 5),
(40, 7),
(40, 8),
(40, 12),
(40, 14),
(40, 22),
(40, 42),
(40, 46),
(40, 48),
(41, 4),
(41, 8),
(41, 12),
(41, 16),
(41, 17),
(41, 37),
(41, 39),
(41, 43),
(41, 48),
(41, 49),
(42, 7),
(42, 8),
(42, 9),
(42, 10),
(42, 11),
(42, 12),
(42, 37),
(42, 44),
(42, 49),
(43, 8),
(43, 13),
(43, 16),
(43, 22),
(43, 24),
(43, 27),
(43, 35),
(43, 36),
(43, 46),
(44, 6),
(44, 12),
(44, 16),
(44, 22),
(44, 24),
(44, 25),
(44, 26),
(44, 28),
(44, 38),
(44, 42),
(45, 3),
(45, 9),
(45, 12),
(45, 13),
(45, 30),
(45, 31),
(45, 32),
(45, 34),
(45, 44),
(45, 48),
(46, 4),
(46, 7),
(46, 8),
(46, 9),
(46, 18),
(46, 26),
(46, 28),
(46, 35),
(46, 37),
(46, 39),
(47, 5),
(47, 20),
(47, 22),
(47, 35),
(47, 36),
(47, 39),
(47, 40),
(47, 42),
(47, 43),
(48, 4),
(48, 6),
(48, 10),
(48, 26),
(48, 29),
(48, 33),
(48, 36),
(48, 37),
(48, 38),
(48, 47),
(49, 4),
(49, 15),
(49, 20),
(49, 24),
(49, 28),
(49, 29),
(49, 38),
(49, 46),
(49, 47),
(49, 49),
(50, 5),
(50, 10),
(50, 12),
(50, 18),
(50, 20),
(50, 23),
(50, 28),
(50, 42),
(50, 49),
(51, 3),
(51, 6),
(51, 7),
(51, 8),
(51, 30),
(51, 36),
(51, 40),
(51, 42),
(51, 45),
(52, 12),
(52, 25),
(52, 28),
(52, 29),
(52, 34),
(52, 37),
(52, 38),
(52, 43),
(52, 48),
(53, 4),
(53, 7),
(53, 13),
(53, 18),
(53, 26),
(53, 30),
(53, 31),
(53, 38),
(53, 39),
(53, 43),
(54, 5),
(54, 24),
(54, 25),
(54, 26),
(54, 27),
(54, 32),
(54, 35),
(54, 39),
(54, 40),
(54, 44),
(55, 3),
(55, 6),
(55, 9),
(55, 17),
(55, 26),
(55, 34),
(55, 37),
(55, 41),
(55, 42),
(55, 43),
(56, 5),
(56, 13),
(56, 22),
(56, 26),
(56, 29),
(56, 39),
(56, 42),
(56, 44),
(56, 49),
(57, 4),
(57, 5),
(57, 6),
(57, 8),
(57, 10),
(57, 12),
(57, 16),
(57, 29),
(57, 33),
(57, 41),
(58, 9),
(58, 19),
(58, 20),
(58, 22),
(58, 26),
(58, 31),
(58, 37),
(58, 40),
(58, 45),
(59, 4),
(59, 12),
(59, 15),
(59, 24),
(59, 26),
(59, 28),
(59, 32),
(59, 39),
(59, 44),
(60, 7),
(60, 10),
(60, 16),
(60, 18),
(60, 19),
(60, 24),
(60, 34),
(60, 38),
(60, 41),
(60, 44),
(61, 5),
(61, 15),
(61, 22),
(61, 37),
(61, 39),
(61, 42),
(61, 46),
(61, 47),
(62, 3),
(62, 4),
(62, 13),
(62, 14),
(62, 17),
(62, 28),
(62, 38),
(62, 42),
(62, 43),
(62, 44),
(63, 5),
(63, 10),
(63, 14),
(63, 18),
(63, 20),
(63, 24),
(63, 32),
(63, 42),
(63, 43),
(64, 4),
(64, 10),
(64, 13),
(64, 18),
(64, 28),
(64, 38),
(64, 43),
(64, 46),
(64, 47),
(65, 5),
(65, 11),
(65, 13),
(65, 24),
(65, 35),
(65, 38),
(65, 40),
(65, 43),
(65, 44),
(65, 46),
(66, 3),
(66, 15),
(66, 18),
(66, 32),
(66, 34),
(66, 35),
(66, 36),
(66, 42),
(66, 45),
(66, 48),
(67, 9),
(67, 10),
(67, 12),
(67, 13),
(67, 19),
(67, 28),
(67, 37),
(67, 41),
(67, 42),
(67, 48),
(68, 4),
(68, 10),
(68, 19),
(68, 29),
(68, 30),
(68, 32),
(68, 34),
(68, 43),
(68, 45),
(69, 9),
(69, 16),
(69, 20),
(69, 22),
(69, 28),
(69, 29),
(69, 32),
(69, 38),
(69, 47),
(70, 15),
(70, 19),
(70, 20),
(70, 23),
(70, 24),
(70, 31),
(70, 34),
(70, 35),
(70, 38),
(70, 49),
(71, 4),
(71, 7),
(71, 20),
(71, 30),
(71, 33),
(71, 40),
(71, 41),
(71, 45),
(71, 46),
(71, 47),
(72, 16),
(72, 17),
(72, 22),
(72, 29),
(72, 32),
(72, 33),
(72, 35),
(72, 38),
(72, 42),
(72, 45),
(73, 5),
(73, 7),
(73, 13),
(73, 16),
(73, 25),
(73, 27),
(73, 32),
(73, 39),
(73, 46),
(73, 48),
(74, 13),
(74, 16),
(74, 19),
(74, 25),
(74, 28),
(74, 41),
(74, 42),
(74, 48),
(74, 49),
(75, 5),
(75, 6),
(75, 10),
(75, 14),
(75, 18),
(75, 20),
(75, 27),
(75, 30),
(75, 36),
(75, 38),
(76, 10),
(76, 11),
(76, 16),
(76, 17),
(76, 23),
(76, 31),
(76, 35),
(76, 38),
(76, 39),
(76, 41),
(77, 6),
(77, 15),
(77, 17),
(77, 18),
(77, 24),
(77, 28),
(77, 29),
(77, 31),
(77, 33),
(78, 10),
(78, 11),
(78, 12),
(78, 27),
(78, 28),
(78, 32),
(78, 35),
(78, 37),
(78, 40),
(78, 46),
(79, 3),
(79, 7),
(79, 8),
(79, 12),
(79, 19),
(79, 20),
(79, 26),
(79, 43),
(79, 46),
(79, 48),
(80, 7),
(80, 8),
(80, 9),
(80, 10),
(80, 26),
(80, 31),
(80, 32),
(80, 37),
(80, 38),
(80, 43),
(81, 8),
(81, 15),
(81, 16),
(81, 22),
(81, 24),
(81, 28),
(81, 29),
(81, 31),
(81, 35),
(81, 41),
(82, 4),
(82, 6),
(82, 8),
(82, 9),
(82, 10),
(82, 19),
(82, 22),
(82, 44),
(82, 46),
(82, 48),
(83, 5),
(83, 13),
(83, 15),
(83, 18),
(83, 19),
(83, 26),
(83, 30),
(83, 33),
(83, 37),
(84, 3),
(84, 8),
(84, 14),
(84, 24),
(84, 30),
(84, 33),
(84, 36),
(84, 37),
(84, 49),
(85, 3),
(85, 4),
(85, 26),
(85, 32),
(85, 35),
(85, 38),
(85, 39),
(85, 48),
(85, 49),
(86, 4),
(86, 5),
(86, 9),
(86, 13),
(86, 17),
(86, 18),
(86, 20),
(86, 26),
(86, 39),
(86, 48),
(87, 3),
(87, 8),
(87, 12),
(87, 16),
(87, 18),
(87, 22),
(87, 26),
(87, 30),
(87, 33),
(87, 39),
(88, 17),
(88, 22),
(88, 24),
(88, 30),
(88, 35),
(88, 39),
(88, 40),
(88, 45),
(88, 47),
(89, 4),
(89, 5),
(89, 6),
(89, 17),
(89, 35),
(89, 36),
(89, 37),
(89, 42),
(89, 48),
(90, 7),
(90, 12),
(90, 15),
(90, 16),
(90, 20),
(90, 30),
(90, 37),
(90, 40),
(90, 41),
(90, 45),
(91, 5),
(91, 8),
(91, 10),
(91, 13),
(91, 22),
(91, 27),
(91, 30),
(91, 33),
(91, 46),
(91, 47),
(92, 3),
(92, 4),
(92, 12),
(92, 13),
(92, 19),
(92, 20),
(92, 23),
(92, 28),
(92, 40),
(92, 44),
(93, 10),
(93, 14),
(93, 23),
(93, 24),
(93, 25),
(93, 26),
(93, 35),
(93, 42),
(93, 44),
(93, 49),
(94, 9),
(94, 11),
(94, 13),
(94, 17),
(94, 18),
(94, 20),
(94, 27),
(94, 41),
(94, 44),
(95, 7),
(95, 8),
(95, 11),
(95, 14),
(95, 16),
(95, 17),
(95, 19),
(95, 22),
(95, 24),
(95, 43),
(96, 6),
(96, 9),
(96, 22),
(96, 23),
(96, 25),
(96, 26),
(96, 27),
(96, 33),
(96, 35),
(96, 41),
(97, 6),
(97, 13),
(97, 15),
(97, 20),
(97, 35),
(97, 42),
(97, 44),
(97, 48),
(98, 6),
(98, 12),
(98, 17),
(98, 18),
(98, 23),
(98, 25),
(98, 26),
(98, 36),
(98, 38),
(99, 3),
(99, 4),
(99, 9),
(99, 10),
(99, 14),
(99, 17),
(99, 27),
(99, 35),
(99, 36),
(100, 10),
(100, 13),
(100, 18),
(100, 20),
(100, 29),
(100, 34),
(100, 36),
(100, 42),
(100, 44),
(100, 49),
(101, 7),
(101, 9),
(101, 11),
(101, 22),
(101, 23),
(101, 32),
(101, 35),
(101, 39),
(101, 45),
(102, 15),
(102, 17),
(102, 22),
(102, 32),
(102, 36),
(102, 38),
(102, 42),
(102, 43),
(102, 45),
(103, 3),
(103, 10),
(103, 15),
(103, 22),
(103, 27),
(103, 29),
(103, 32),
(103, 34),
(103, 41),
(103, 42),
(104, 3),
(104, 10),
(104, 15),
(104, 17),
(104, 22),
(104, 28),
(104, 32),
(104, 41),
(104, 43),
(104, 44),
(105, 7),
(105, 13),
(105, 14),
(105, 15),
(105, 19),
(105, 26),
(105, 30),
(105, 34),
(105, 36),
(106, 3),
(106, 6),
(106, 8),
(106, 13),
(106, 17),
(106, 20),
(106, 27),
(106, 41),
(106, 45),
(107, 8),
(107, 14),
(107, 18),
(107, 20),
(107, 22),
(107, 31),
(107, 37),
(107, 40),
(107, 43),
(107, 44),
(108, 8),
(108, 9),
(108, 23),
(108, 32),
(108, 33),
(108, 34),
(108, 36),
(108, 37),
(108, 43),
(108, 45),
(109, 5),
(109, 10),
(109, 17),
(109, 25),
(109, 26),
(109, 34),
(109, 41),
(109, 43),
(109, 46),
(110, 7),
(110, 19),
(110, 24),
(110, 25),
(110, 27),
(110, 31),
(110, 36),
(110, 43),
(110, 44),
(111, 9),
(111, 13),
(111, 14),
(111, 18),
(111, 25),
(111, 27),
(111, 33),
(111, 35),
(111, 47),
(111, 48),
(112, 5),
(112, 11),
(112, 19),
(112, 26),
(112, 34),
(112, 36),
(112, 43),
(112, 47),
(112, 48),
(113, 5),
(113, 9),
(113, 20),
(113, 23),
(113, 24),
(113, 26),
(113, 28),
(113, 32),
(113, 42),
(113, 47),
(114, 4),
(114, 6),
(114, 8),
(114, 11),
(114, 20),
(114, 29),
(114, 34),
(114, 37),
(114, 40),
(115, 4),
(115, 13),
(115, 27),
(115, 28),
(115, 32),
(115, 36),
(115, 42),
(115, 45),
(115, 47),
(115, 48),
(116, 5),
(116, 6),
(116, 10),
(116, 16),
(116, 20),
(116, 22),
(116, 30),
(116, 33),
(116, 41),
(116, 43),
(117, 8),
(117, 9),
(117, 10),
(117, 11),
(117, 17),
(117, 19),
(117, 20),
(117, 30),
(117, 31),
(117, 42),
(118, 5),
(118, 8),
(118, 11),
(118, 13),
(118, 16),
(118, 28),
(118, 35),
(118, 36),
(118, 38),
(118, 48),
(119, 14),
(119, 19),
(119, 20),
(119, 28),
(119, 29),
(119, 30),
(119, 34),
(119, 39),
(119, 42),
(119, 45),
(120, 6),
(120, 9),
(120, 12),
(120, 14),
(120, 16),
(120, 27),
(120, 31),
(120, 32),
(120, 39),
(120, 41),
(121, 4),
(121, 5),
(121, 12),
(121, 18),
(121, 23),
(121, 24),
(121, 25),
(121, 32),
(121, 39),
(121, 40),
(122, 11),
(122, 20),
(122, 25),
(122, 28),
(122, 32),
(122, 34),
(122, 44),
(122, 45),
(122, 46),
(123, 7),
(123, 14),
(123, 19),
(123, 22),
(123, 28),
(123, 29),
(123, 30),
(123, 38),
(123, 45),
(123, 47),
(124, 4),
(124, 6),
(124, 8),
(124, 10),
(124, 15),
(124, 24),
(124, 34),
(124, 35),
(124, 40),
(125, 11),
(125, 13),
(125, 15),
(125, 24),
(125, 27),
(125, 31),
(125, 34),
(125, 35),
(125, 44),
(125, 49),
(126, 11),
(126, 14),
(126, 18),
(126, 19),
(126, 20),
(126, 31),
(126, 37),
(126, 38),
(126, 43),
(127, 3),
(127, 16),
(127, 20),
(127, 22),
(127, 23),
(127, 36),
(127, 38),
(127, 42),
(127, 46),
(128, 13),
(128, 15),
(128, 16),
(128, 18),
(128, 22),
(128, 24),
(128, 25),
(128, 30),
(128, 41),
(129, 16),
(129, 17),
(129, 22),
(129, 28),
(129, 30),
(129, 31),
(129, 32),
(129, 36),
(129, 39),
(129, 40),
(130, 3),
(130, 5),
(130, 7),
(130, 9),
(130, 23),
(130, 30),
(130, 33),
(130, 39),
(130, 47),
(130, 48),
(131, 5),
(131, 16),
(131, 20),
(131, 28),
(131, 29),
(131, 31),
(131, 33),
(131, 37),
(131, 40),
(131, 48),
(132, 5),
(132, 6),
(132, 8),
(132, 9),
(132, 11),
(132, 15),
(132, 22),
(132, 26),
(132, 36),
(132, 47),
(133, 12),
(133, 13),
(133, 15),
(133, 20),
(133, 24),
(133, 25),
(133, 27),
(133, 35),
(133, 45),
(134, 5),
(134, 10),
(134, 12),
(134, 20),
(134, 23),
(134, 24),
(134, 43),
(134, 46),
(135, 5),
(135, 8),
(135, 9),
(135, 12),
(135, 23),
(135, 25),
(135, 34),
(135, 37),
(135, 40),
(135, 44),
(136, 6),
(136, 9),
(136, 13),
(136, 14),
(136, 18),
(136, 22),
(136, 36),
(136, 37),
(136, 42),
(136, 49),
(137, 3),
(137, 4),
(137, 8),
(137, 25),
(137, 27),
(137, 32),
(137, 39),
(137, 46),
(138, 8),
(138, 14),
(138, 19),
(138, 22),
(138, 25),
(138, 26),
(138, 37),
(138, 41),
(138, 49),
(139, 5),
(139, 10),
(139, 11),
(139, 18),
(139, 24),
(139, 25),
(139, 27),
(139, 37),
(140, 12),
(140, 15),
(140, 18),
(140, 22),
(140, 23),
(140, 28),
(140, 29),
(140, 31),
(140, 35),
(141, 10),
(141, 11),
(141, 13),
(141, 14),
(141, 20),
(141, 24),
(141, 25),
(141, 30),
(141, 38),
(141, 39),
(142, 12),
(142, 20),
(142, 34),
(142, 37),
(142, 41),
(142, 47),
(142, 48),
(143, 4),
(143, 5),
(143, 9),
(143, 10),
(143, 13),
(143, 37),
(143, 39),
(143, 42),
(143, 44),
(143, 48),
(144, 3),
(144, 11),
(144, 13),
(144, 17),
(144, 24),
(144, 28),
(144, 34),
(144, 40),
(144, 42),
(145, 9),
(145, 10),
(145, 12),
(145, 14),
(145, 16),
(145, 26),
(145, 28),
(145, 36),
(145, 41),
(145, 44),
(146, 4),
(146, 5),
(146, 12),
(146, 14),
(146, 25),
(146, 28),
(146, 36),
(146, 44),
(146, 45),
(147, 3),
(147, 5),
(147, 6),
(147, 7),
(147, 13),
(147, 31),
(147, 32),
(147, 40),
(148, 3),
(148, 9),
(148, 10),
(148, 15),
(148, 19),
(148, 20),
(148, 24),
(148, 28),
(148, 33),
(148, 49),
(149, 7),
(149, 14),
(149, 19),
(149, 23),
(149, 24),
(149, 26),
(149, 32),
(149, 40),
(149, 45),
(150, 7),
(150, 12),
(150, 16),
(150, 18),
(150, 22),
(150, 29),
(150, 30),
(150, 45),
(151, 11),
(151, 13),
(151, 14),
(151, 17),
(151, 18),
(151, 19),
(151, 22),
(151, 37),
(151, 39),
(152, 3),
(152, 6),
(152, 9),
(152, 15),
(152, 20),
(152, 29),
(152, 32),
(152, 33),
(152, 42),
(152, 45),
(153, 12),
(153, 14),
(153, 25),
(153, 27),
(153, 29),
(153, 32),
(153, 38),
(153, 42),
(153, 44),
(154, 7),
(154, 11),
(154, 20),
(154, 22),
(154, 24),
(154, 32),
(154, 37),
(154, 41),
(154, 42),
(154, 46),
(155, 4),
(155, 8),
(155, 13),
(155, 15),
(155, 18),
(155, 20),
(155, 27),
(155, 31),
(155, 35),
(155, 44),
(156, 3),
(156, 7),
(156, 9),
(156, 11),
(156, 14),
(156, 15),
(156, 23),
(156, 27),
(156, 39),
(157, 8),
(157, 14),
(157, 22),
(157, 33),
(157, 34),
(157, 36),
(157, 37),
(157, 40),
(157, 41),
(158, 3),
(158, 16),
(158, 19),
(158, 20),
(158, 25),
(158, 27),
(158, 29),
(158, 31),
(158, 35),
(158, 37),
(159, 3),
(159, 7),
(159, 10),
(159, 11),
(159, 19),
(159, 20),
(159, 22),
(159, 32),
(159, 36),
(159, 47),
(160, 7),
(160, 8),
(160, 11),
(160, 13),
(160, 17),
(160, 23),
(160, 29),
(160, 47),
(161, 7),
(161, 19),
(161, 22),
(161, 32),
(161, 34),
(161, 37),
(161, 39),
(161, 42),
(161, 44),
(162, 4),
(162, 9),
(162, 11),
(162, 16),
(162, 20),
(162, 24),
(162, 29),
(162, 30),
(162, 33),
(162, 39),
(163, 5),
(163, 9),
(163, 12),
(163, 16),
(163, 17),
(163, 19),
(163, 24),
(163, 36),
(163, 38),
(163, 41),
(164, 3),
(164, 4),
(164, 8),
(164, 9),
(164, 18),
(164, 31),
(164, 38),
(164, 39),
(164, 46),
(165, 4),
(165, 5),
(165, 7),
(165, 11),
(165, 12),
(165, 14),
(165, 30),
(165, 33),
(165, 41),
(165, 49),
(166, 6),
(166, 9),
(166, 17),
(166, 26),
(166, 35),
(166, 42),
(166, 43),
(166, 44),
(166, 46),
(166, 48),
(167, 3),
(167, 6),
(167, 23),
(167, 27),
(167, 28),
(167, 29),
(167, 37),
(167, 41),
(167, 42),
(167, 45),
(168, 5),
(168, 14),
(168, 15),
(168, 23),
(168, 30),
(168, 32),
(168, 36),
(168, 37),
(168, 40),
(168, 43),
(169, 4),
(169, 7),
(169, 14),
(169, 16),
(169, 18),
(169, 19),
(169, 28),
(169, 48),
(169, 49),
(170, 3),
(170, 5),
(170, 8),
(170, 18),
(170, 20),
(170, 24),
(170, 25),
(170, 26),
(170, 28),
(170, 34),
(171, 4),
(171, 10),
(171, 22),
(171, 25),
(171, 28),
(171, 31),
(171, 34),
(171, 44),
(171, 47),
(171, 48),
(172, 3),
(172, 7),
(172, 12),
(172, 32),
(172, 33),
(172, 37),
(172, 40),
(172, 45),
(172, 47),
(172, 48),
(173, 7),
(173, 11),
(173, 18),
(173, 22),
(173, 27),
(173, 28),
(173, 36),
(173, 38),
(173, 39),
(173, 42),
(174, 3),
(174, 4),
(174, 16),
(174, 22),
(174, 25),
(174, 42),
(174, 43),
(174, 44),
(175, 3),
(175, 5),
(175, 13),
(175, 25),
(175, 26),
(175, 30),
(175, 31),
(175, 36),
(175, 41),
(175, 45),
(176, 3),
(176, 5),
(176, 14),
(176, 18),
(176, 23),
(176, 26),
(176, 27),
(176, 33),
(176, 34),
(176, 41),
(177, 10),
(177, 14),
(177, 30),
(177, 37),
(177, 38),
(177, 40),
(177, 42),
(177, 46),
(177, 47),
(178, 9),
(178, 10),
(178, 31),
(178, 33),
(178, 35),
(178, 38),
(178, 39),
(178, 41),
(178, 44),
(179, 14),
(179, 17),
(179, 25),
(179, 29),
(179, 31),
(179, 35),
(179, 39),
(179, 40),
(179, 45),
(179, 47),
(180, 5),
(180, 7),
(180, 13),
(180, 17),
(180, 25),
(180, 26),
(180, 28),
(180, 30),
(180, 38),
(181, 5),
(181, 6),
(181, 14),
(181, 18),
(181, 23),
(181, 29),
(181, 31),
(181, 36),
(181, 42),
(182, 6),
(182, 10),
(182, 13),
(182, 35),
(182, 37),
(182, 42),
(182, 44),
(182, 46),
(183, 5),
(183, 7),
(183, 11),
(183, 33),
(183, 34),
(183, 38),
(183, 40),
(183, 42),
(184, 3),
(184, 5),
(184, 7),
(184, 10),
(184, 15),
(184, 24),
(184, 31),
(184, 35),
(184, 48),
(184, 49),
(185, 4),
(185, 6),
(185, 12),
(185, 14),
(185, 17),
(185, 23),
(185, 26),
(185, 29),
(185, 40),
(185, 47),
(186, 4),
(186, 9),
(186, 13),
(186, 17),
(186, 20),
(186, 23),
(186, 30),
(186, 31),
(186, 34),
(186, 38),
(187, 13),
(187, 19),
(187, 20),
(187, 22),
(187, 24),
(187, 27),
(187, 36),
(187, 40),
(187, 42),
(188, 16),
(188, 19),
(188, 24),
(188, 25),
(188, 28),
(188, 34),
(188, 36),
(188, 39),
(188, 41),
(188, 48),
(189, 6),
(189, 8),
(189, 14),
(189, 20),
(189, 22),
(189, 32),
(189, 33),
(189, 37),
(189, 39),
(190, 8),
(190, 11),
(190, 17),
(190, 18),
(190, 34),
(190, 37),
(190, 38),
(190, 39),
(190, 41),
(190, 43),
(191, 4),
(191, 10),
(191, 11),
(191, 14),
(191, 20),
(191, 23),
(191, 24),
(191, 26),
(191, 42),
(192, 11),
(192, 20),
(192, 30),
(192, 32),
(192, 36),
(192, 41),
(192, 45),
(192, 46),
(193, 5),
(193, 13),
(193, 20),
(193, 24),
(193, 28),
(193, 29),
(193, 31),
(193, 34),
(193, 37),
(193, 43),
(194, 4),
(194, 6),
(194, 18),
(194, 22),
(194, 28),
(194, 39),
(194, 40),
(194, 42),
(194, 43),
(194, 48),
(195, 10),
(195, 15),
(195, 19),
(195, 25),
(195, 27),
(195, 30),
(195, 32),
(195, 39),
(195, 47),
(195, 49),
(196, 3),
(196, 4),
(196, 12),
(196, 15),
(196, 23),
(196, 24),
(196, 34),
(196, 35),
(196, 37),
(196, 47),
(197, 14),
(197, 19),
(197, 20),
(197, 26),
(197, 30),
(197, 40),
(197, 41),
(197, 45),
(197, 47),
(197, 48),
(198, 5),
(198, 8),
(198, 9),
(198, 24),
(198, 26),
(198, 27),
(198, 29),
(198, 38),
(198, 42),
(199, 4),
(199, 6),
(199, 12),
(199, 17),
(199, 18),
(199, 28),
(199, 34),
(199, 36),
(199, 47),
(199, 49),
(200, 15),
(200, 18),
(200, 19),
(200, 20),
(200, 22),
(200, 24),
(200, 29),
(200, 33),
(200, 41),
(200, 46),
(201, 11),
(201, 15),
(201, 19),
(201, 20),
(201, 28),
(201, 31),
(201, 32),
(201, 40),
(201, 44),
(201, 48),
(202, 8),
(202, 10),
(202, 12),
(202, 14),
(202, 16),
(202, 31),
(202, 35),
(202, 37),
(202, 48),
(202, 49),
(203, 3),
(203, 6),
(203, 17),
(203, 19),
(203, 20),
(203, 22),
(203, 30),
(203, 35),
(203, 40),
(203, 47),
(204, 5),
(204, 6),
(204, 12),
(204, 24),
(204, 28),
(204, 39),
(204, 41),
(204, 43),
(204, 44),
(204, 47),
(205, 5),
(205, 9),
(205, 11),
(205, 12),
(205, 13),
(205, 19),
(205, 22),
(205, 23),
(205, 48),
(206, 8),
(206, 11),
(206, 14),
(206, 15),
(206, 18),
(206, 20),
(206, 26),
(206, 29),
(207, 7),
(207, 16),
(207, 19),
(207, 24),
(207, 25),
(207, 26),
(207, 27),
(207, 28),
(207, 39),
(207, 43),
(208, 9),
(208, 10),
(208, 11),
(208, 18),
(208, 26),
(208, 28),
(208, 30),
(208, 35),
(208, 43),
(208, 48),
(209, 4),
(209, 11),
(209, 23),
(209, 30),
(209, 31),
(209, 35),
(209, 39),
(209, 43),
(209, 44),
(210, 10),
(210, 13),
(210, 16),
(210, 17),
(210, 27),
(210, 29),
(210, 31),
(210, 33),
(210, 44),
(210, 46),
(211, 9),
(211, 15),
(211, 30),
(211, 33),
(211, 39),
(211, 41),
(211, 42),
(211, 43),
(211, 48),
(211, 49),
(212, 3),
(212, 6),
(212, 7),
(212, 14),
(212, 15),
(212, 18),
(212, 23),
(212, 33),
(212, 36),
(212, 48),
(213, 4),
(213, 6),
(213, 7),
(213, 10),
(213, 15),
(213, 22),
(213, 39),
(213, 40),
(213, 42),
(214, 3),
(214, 5),
(214, 17),
(214, 25),
(214, 32),
(214, 33),
(214, 35),
(214, 38),
(214, 48),
(214, 49),
(215, 5),
(215, 6),
(215, 8),
(215, 13),
(215, 25),
(215, 31),
(215, 35),
(215, 37),
(215, 46),
(216, 5),
(216, 10),
(216, 15),
(216, 26),
(216, 30),
(216, 38),
(216, 39),
(216, 40),
(216, 43),
(216, 48),
(217, 8),
(217, 16),
(217, 18),
(217, 19),
(217, 30),
(217, 36),
(217, 38),
(217, 44),
(217, 45),
(217, 46),
(218, 3),
(218, 7),
(218, 20),
(218, 23),
(218, 24),
(218, 27),
(218, 33),
(218, 38),
(218, 39),
(218, 40),
(219, 4),
(219, 6),
(219, 9),
(219, 10),
(219, 16),
(219, 24),
(219, 39),
(219, 40),
(219, 46),
(220, 9),
(220, 14),
(220, 15),
(220, 20),
(220, 23),
(220, 32),
(220, 36),
(220, 48),
(220, 49),
(221, 4),
(221, 14),
(221, 18),
(221, 22),
(221, 27),
(221, 33),
(221, 35),
(221, 42),
(221, 47),
(222, 5),
(222, 9),
(222, 14),
(222, 15),
(222, 17),
(222, 20),
(222, 30),
(222, 33),
(222, 40),
(222, 49),
(223, 3),
(223, 5),
(223, 12),
(223, 13),
(223, 26),
(223, 41),
(223, 42),
(223, 48),
(224, 4),
(224, 5),
(224, 13),
(224, 16),
(224, 27),
(224, 37),
(224, 45),
(224, 46),
(224, 48),
(225, 4),
(225, 6),
(225, 7),
(225, 23),
(225, 24),
(225, 32),
(225, 34),
(225, 35),
(225, 40),
(226, 6),
(226, 9),
(226, 17),
(226, 24),
(226, 28),
(226, 33),
(226, 39),
(226, 43),
(226, 44),
(227, 4),
(227, 6),
(227, 14),
(227, 18),
(227, 22),
(227, 24),
(227, 31),
(227, 39),
(227, 47),
(228, 6),
(228, 8),
(228, 11),
(228, 15),
(228, 24),
(228, 28),
(228, 30),
(228, 42),
(228, 44),
(228, 48),
(229, 5),
(229, 9),
(229, 18),
(229, 23),
(229, 28),
(229, 29),
(229, 38),
(229, 42),
(229, 43),
(229, 44),
(230, 5),
(230, 15),
(230, 18),
(230, 19),
(230, 25),
(230, 29),
(230, 34),
(230, 39),
(230, 43),
(231, 5),
(231, 10),
(231, 14),
(231, 16),
(231, 18),
(231, 38),
(231, 40),
(231, 41),
(231, 46),
(232, 4),
(232, 5),
(232, 14),
(232, 17),
(232, 19),
(232, 33),
(232, 38),
(232, 41),
(232, 46),
(232, 47),
(233, 5),
(233, 13),
(233, 14),
(233, 20),
(233, 22),
(233, 30),
(233, 31),
(233, 38),
(233, 40),
(233, 48),
(234, 4),
(234, 5),
(234, 10),
(234, 13),
(234, 22),
(234, 23),
(234, 28),
(234, 41),
(234, 42),
(234, 49),
(235, 4),
(235, 9),
(235, 20),
(235, 22),
(235, 30),
(235, 32),
(235, 36),
(235, 49),
(236, 16),
(236, 20),
(236, 22),
(236, 25),
(236, 32),
(236, 36),
(236, 37),
(236, 41),
(236, 45),
(236, 48),
(237, 3),
(237, 8),
(237, 11),
(237, 14),
(237, 15),
(237, 20),
(237, 25),
(237, 43),
(237, 46),
(238, 6),
(238, 9),
(238, 12),
(238, 24),
(238, 36),
(238, 41),
(238, 47),
(238, 49),
(239, 5),
(239, 14),
(239, 16),
(239, 30),
(239, 36),
(239, 39),
(239, 41),
(239, 45),
(239, 47),
(239, 49),
(240, 5),
(240, 11),
(240, 17),
(240, 19),
(240, 22),
(240, 23),
(240, 42),
(240, 44),
(240, 48),
(240, 49),
(241, 3),
(241, 10),
(241, 29),
(241, 30),
(241, 35),
(241, 42),
(241, 43),
(241, 48),
(242, 3),
(242, 8),
(242, 11),
(242, 17),
(242, 25),
(242, 29),
(242, 32),
(242, 37),
(242, 44),
(243, 3),
(243, 5),
(243, 6),
(243, 8),
(243, 9),
(243, 22),
(243, 24),
(243, 40),
(243, 48),
(244, 9),
(244, 13),
(244, 15),
(244, 20),
(244, 22),
(244, 24),
(244, 25),
(244, 35),
(244, 39),
(244, 49),
(245, 5),
(245, 7),
(245, 14),
(245, 17),
(245, 20),
(245, 40),
(245, 43),
(245, 44),
(245, 48),
(245, 49),
(246, 5),
(246, 12),
(246, 13),
(246, 16),
(246, 19),
(246, 22),
(246, 23),
(246, 36),
(246, 43),
(246, 49),
(247, 5),
(247, 10),
(247, 11),
(247, 12),
(247, 18),
(247, 33),
(247, 35),
(247, 39),
(247, 46),
(247, 47),
(248, 13),
(248, 16),
(248, 17),
(248, 18),
(248, 32),
(248, 33),
(248, 37),
(248, 39),
(248, 47),
(249, 5),
(249, 6),
(249, 9),
(249, 14),
(249, 17),
(249, 18),
(249, 30),
(249, 32),
(249, 47),
(250, 13),
(250, 14),
(250, 22),
(250, 24),
(250, 28),
(250, 29),
(250, 35),
(251, 5),
(251, 6),
(251, 8),
(251, 11),
(251, 17),
(251, 19),
(251, 20),
(251, 24),
(251, 37),
(252, 4),
(252, 5),
(252, 6),
(252, 8),
(252, 10),
(252, 36),
(252, 40),
(252, 42),
(252, 44),
(253, 3),
(253, 5),
(253, 15),
(253, 16),
(253, 18),
(253, 20),
(253, 23),
(253, 37),
(253, 40),
(253, 46),
(254, 3),
(254, 15),
(254, 16),
(254, 19),
(254, 23),
(254, 24),
(254, 36),
(254, 37),
(254, 42),
(254, 43),
(255, 11),
(255, 13),
(255, 14),
(255, 19),
(255, 22),
(255, 25),
(255, 43),
(255, 44),
(256, 4),
(256, 10),
(256, 12),
(256, 16),
(256, 17),
(256, 31),
(256, 35),
(256, 44),
(256, 49),
(257, 4),
(257, 8),
(257, 10),
(257, 12),
(257, 16),
(257, 18),
(257, 22),
(257, 40),
(257, 42),
(257, 48),
(258, 4),
(258, 13),
(258, 33),
(258, 35),
(258, 36),
(258, 43),
(258, 47),
(258, 48),
(258, 49),
(259, 6),
(259, 11),
(259, 17),
(259, 23),
(259, 37),
(259, 39),
(259, 41),
(259, 45),
(259, 49),
(260, 9),
(260, 17),
(260, 18),
(260, 23),
(260, 25),
(260, 30),
(260, 32),
(260, 37),
(260, 38),
(260, 43),
(261, 3),
(261, 13),
(261, 14),
(261, 16),
(261, 17),
(261, 19),
(261, 34),
(261, 42),
(261, 43),
(262, 5),
(262, 12),
(262, 15),
(262, 16),
(262, 17),
(262, 22),
(262, 32),
(262, 38),
(262, 40),
(262, 46),
(263, 4),
(263, 5),
(263, 6),
(263, 17),
(263, 23),
(263, 24),
(263, 32),
(263, 33),
(263, 38),
(263, 49),
(264, 10),
(264, 11),
(264, 26),
(264, 28),
(264, 31),
(264, 34),
(264, 35),
(264, 46),
(265, 8),
(265, 9),
(265, 10),
(265, 20),
(265, 25),
(265, 39),
(265, 44),
(265, 47),
(265, 49),
(266, 14),
(266, 16),
(266, 17),
(266, 19),
(266, 25),
(266, 26),
(266, 35),
(266, 39),
(266, 42),
(266, 44),
(267, 8),
(267, 15),
(267, 18),
(267, 19),
(267, 29),
(267, 32),
(267, 33),
(267, 38),
(267, 41),
(267, 48),
(268, 4),
(268, 15),
(268, 16),
(268, 20),
(268, 22),
(268, 26),
(268, 28),
(268, 36),
(268, 41),
(268, 49),
(269, 5),
(269, 10),
(269, 14),
(269, 20),
(269, 24),
(269, 27),
(269, 28),
(269, 36),
(269, 45),
(269, 48),
(270, 4),
(270, 18),
(270, 19),
(270, 24),
(270, 29),
(270, 32),
(270, 33),
(270, 36),
(270, 40),
(270, 48),
(271, 3),
(271, 6),
(271, 9),
(271, 15),
(271, 22),
(271, 27),
(271, 34),
(271, 36),
(271, 43),
(271, 48),
(272, 4),
(272, 9),
(272, 10),
(272, 30),
(272, 31),
(272, 35),
(272, 36),
(272, 40),
(272, 48),
(272, 49),
(273, 3),
(273, 4),
(273, 6),
(273, 8),
(273, 17),
(273, 22),
(273, 25),
(273, 32),
(273, 35),
(273, 39),
(274, 12),
(274, 13),
(274, 15),
(274, 20),
(274, 22),
(274, 25),
(274, 27),
(274, 34),
(274, 36),
(275, 3),
(275, 6),
(275, 8),
(275, 19),
(275, 20),
(275, 28),
(275, 31),
(275, 33),
(275, 34),
(275, 40),
(276, 5),
(276, 14),
(276, 18),
(276, 22),
(276, 24),
(276, 34),
(276, 38),
(276, 39),
(276, 41),
(276, 49),
(277, 3),
(277, 8),
(277, 17),
(277, 20),
(277, 25),
(277, 26),
(277, 28),
(277, 31),
(277, 38),
(277, 45),
(278, 3),
(278, 5),
(278, 16),
(278, 18),
(278, 20),
(278, 30),
(278, 38),
(278, 42),
(278, 46),
(279, 4),
(279, 8),
(279, 13),
(279, 17),
(279, 18),
(279, 31),
(279, 43),
(279, 45),
(280, 15),
(280, 24),
(280, 27),
(280, 33),
(280, 34),
(280, 35),
(280, 41),
(280, 44),
(281, 4),
(281, 8),
(281, 17),
(281, 24),
(281, 30),
(281, 31),
(281, 33),
(281, 34),
(281, 35),
(281, 47),
(282, 6),
(282, 8),
(282, 14),
(282, 31),
(282, 40),
(282, 41),
(282, 42),
(282, 47),
(282, 49),
(283, 6),
(283, 7),
(283, 11),
(283, 19),
(283, 27),
(283, 30),
(283, 34),
(283, 42),
(283, 44),
(283, 45),
(284, 11),
(284, 14),
(284, 17),
(284, 19),
(284, 29),
(284, 32),
(284, 35),
(284, 43),
(284, 44),
(284, 45),
(285, 10),
(285, 14),
(285, 15),
(285, 16),
(285, 25),
(285, 27),
(285, 28),
(285, 31),
(285, 32),
(285, 47),
(286, 4),
(286, 6),
(286, 12),
(286, 14),
(286, 22),
(286, 24),
(286, 29),
(286, 37),
(286, 45),
(286, 46),
(287, 11),
(287, 14),
(287, 18),
(287, 19),
(287, 22),
(287, 36),
(287, 45),
(287, 47),
(287, 48),
(288, 11),
(288, 15),
(288, 18),
(288, 26),
(288, 29),
(288, 33),
(288, 36),
(288, 47),
(288, 49),
(289, 5),
(289, 25),
(289, 26),
(289, 28),
(289, 31),
(289, 36),
(289, 37),
(289, 46),
(289, 47),
(289, 49),
(290, 7),
(290, 9),
(290, 14),
(290, 15),
(290, 18),
(290, 20),
(290, 22),
(290, 25),
(290, 28),
(290, 33),
(291, 3),
(291, 9),
(291, 11),
(291, 17),
(291, 20),
(291, 24),
(291, 25),
(291, 27),
(291, 44),
(291, 45),
(292, 9),
(292, 11),
(292, 13),
(292, 17),
(292, 20),
(292, 24),
(292, 32),
(292, 40),
(292, 47),
(293, 3),
(293, 5),
(293, 6),
(293, 12),
(293, 15),
(293, 20),
(293, 23),
(293, 37),
(293, 38),
(293, 43),
(294, 4),
(294, 17),
(294, 22),
(294, 29),
(294, 34),
(294, 38),
(294, 41),
(294, 42),
(294, 46),
(295, 6),
(295, 23),
(295, 29),
(295, 31),
(295, 33),
(295, 36),
(295, 39),
(295, 41),
(295, 45),
(295, 48),
(296, 4),
(296, 17),
(296, 30),
(296, 33),
(296, 35),
(296, 36),
(296, 37),
(296, 40),
(296, 46),
(296, 49),
(297, 3),
(297, 6),
(297, 7),
(297, 24),
(297, 32),
(297, 36),
(297, 44),
(297, 49),
(298, 13),
(298, 17),
(298, 20),
(298, 24),
(298, 29),
(298, 30),
(298, 37),
(298, 44),
(298, 48);

-- --------------------------------------------------------

--
-- Estructura de tabla para la tabla `r_contingut_tipususuari`
--

CREATE TABLE `r_contingut_tipususuari` (
  `idContingut` int(20) NOT NULL,
  `tipusUsuari` varchar(20) NOT NULL
) ENGINE=InnoDB DEFAULT CHARSET=utf8mb4;

--
-- Volcado de datos para la tabla `r_contingut_tipususuari`
--

INSERT INTO `r_contingut_tipususuari` (`idContingut`, `tipusUsuari`) VALUES
(2, 'Adult'),
(3, 'Adolescent'),
(4, 'Adult'),
(5, 'Infantil'),
(6, 'Infantil'),
(7, 'Infantil'),
(8, 'Adult'),
(9, 'Adult'),
(10, 'Infantil'),
(11, 'Adolescent'),
(12, 'Adolescent'),
(13, 'Adolescent'),
(14, 'Adolescent'),
(15, 'Infantil'),
(16, 'Adolescent'),
(17, 'Adolescent'),
(18, 'Infantil'),
(19, 'Infantil'),
(20, 'Adolescent'),
(22, 'Infantil'),
(23, 'Adolescent'),
(24, 'Adolescent'),
(25, 'Infantil'),
(26, 'Adolescent'),
(27, 'Adolescent'),
(28, 'Adolescent'),
(29, 'Adult'),
(30, 'Infantil'),
(31, 'Infantil'),
(32, 'Adult'),
(33, 'Infantil'),
(34, 'Adolescent'),
(35, 'Adult'),
(36, 'Infantil'),
(37, 'Adolescent'),
(38, 'Adult'),
(39, 'Adult'),
(40, 'Adolescent'),
(41, 'Adult'),
(42, 'Infantil'),
(43, 'Adult'),
(44, 'Adult'),
(45, 'Adolescent'),
(46, 'Infantil'),
(47, 'Infantil'),
(48, 'Infantil'),
(49, 'Adult'),
(50, 'Infantil');

-- --------------------------------------------------------

--
-- Estructura de tabla para la tabla `tipuscontracte`
--

CREATE TABLE `tipuscontracte` (
  `tipusContracte` varchar(20) NOT NULL,
  `preu` smallint(6) NOT NULL
) ENGINE=InnoDB DEFAULT CHARSET=utf8mb4;

--
-- Volcado de datos para la tabla `tipuscontracte`
--

INSERT INTO `tipuscontracte` (`tipusContracte`, `preu`) VALUES
('mensual', 15),
('trimestral', 40);

-- --------------------------------------------------------

--
-- Estructura de tabla para la tabla `tipususuari`
--

CREATE TABLE `tipususuari` (
  `tipusUsuari` varchar(20) NOT NULL
) ENGINE=InnoDB DEFAULT CHARSET=utf8mb4;

--
-- Volcado de datos para la tabla `tipususuari`
--

INSERT INTO `tipususuari` (`tipusUsuari`) VALUES
('adolescent'),
('adult'),
('infantil');

-- --------------------------------------------------------

--
-- Estructura de tabla para la tabla `usuari`
--

CREATE TABLE `usuari` (
  `nomUsuari` varchar(20) NOT NULL,
  `contrasenya` varchar(64) NOT NULL,
  `nom` varchar(30) NOT NULL,
  `llinatges` varchar(50) NOT NULL,
  `tipusUsuari` varchar(20) NOT NULL,
  `administrador` smallint(6) NOT NULL DEFAULT 0
) ENGINE=InnoDB DEFAULT CHARSET=utf8mb4;

--
-- Volcado de datos para la tabla `usuari`
--

INSERT INTO `usuari` (`nomUsuari`, `contrasenya`, `nom`, `llinatges`, `tipusUsuari`, `administrador`) VALUES
('aaron33', '3585113e3d487e443d9afc7eb62a1f2b18bd1d87a2ea7c6b78bc3473a65911ca', 'Encarnación', 'Garmendia', 'Adolescent', 0),
('adoracion85', '4654d659c126ffaa9bcc616546ed3f2b903ab28478162fc4b61a7fc390533e26', 'Norberto', 'Polo', 'Infantil', 0),
('agudojulia', '48902e4f1b3a9a902abe6a306b7518b4b48a7c042604cb38d625d76c65aa9fbc', 'Albert', 'Carbó', 'Infantil', 0),
('agudonayara', '16dfd34ac16143a6f765ba931dea1804496c87b90b385813d5724f005f8f45b2', 'Yago', 'Prada', 'Adult', 0),
('aitana14', '1085fa76602e5bda72109360d7fef46b1b876f8edb412d445b0bbfba654e2a6d', 'Priscila', 'Cerdá', 'Infantil', 0),
('alegriamaria-fernand', '861a90d553f8dc1ee313f02d70bf79a987932e2ed977c7d85dcbd950cacd7cf1', 'Cándida', 'Cruz', 'Adult', 0),
('alejandrallobet', '9b4da6a01c669b5b6611eb44ece0c396b5fd902570a4ebe7dd616df03a18ade2', 'Josefina', 'Fuster', 'Adult', 0),
('alexandra09', 'e8d038e6a41f9a869a05820b0073edb0ad4e5734d7b900975e43ba02ef668e25', 'Mercedes', 'Valderrama', 'Adult', 0),
('alfonsochita', 'ac7ef2d23f1f41b7a9b78c5025d3ddc2fd01874cc3aa6dadfa23286854f9477a', 'Chucho', 'Corral', 'Adult', 0),
('aliciamaldonado', '42dcb9de669845c8f13924dc610b05f86de19e02437f25f4b521372e55f618b7', 'Pascual', 'Coronado', 'Adult', 0),
('almansagoyo', 'd626908d943f71f09da08ce34a48ac2e3c5d91c35bb2538f9867b226b684289e', 'Gerardo', 'Carballo', 'Adolescent', 0),
('amador77', '1c5dfd454ef1f39858121ceff5fea63cc2cd90d30bd49e8754022d522c400046', 'Javier', 'Cervera', 'Adult', 0),
('amatramiro', '0b6002f8549a4dd671467a948d761dc00628586c3a7747f0e62b5c37824044a5', 'Germán', 'Pelayo', 'Adolescent', 0),
('amaya84', '654efaa242e2394d4d9a5a3e538e794d78c6947ba51e7c8894c16448e1e7f1cb', 'Catalina', 'Aller', 'Adolescent', 0),
('anastasiocorrea', 'd2f0e2c2101a3fbb5d194bd0e4392bf30cba3923d310672df09d09fa857e9aa2', 'Juan Antonio', 'Rosell', 'Infantil', 0),
('angelino93', 'c7776f267b244b57b85721e1ed4a6f29f273f87490409b475540f35eb1241957', 'Fausto', 'Blanch', 'Infantil', 0),
('anguloperla', '96f9bf90e765b71e3971a33490b054b850d504d7b375518a528075247288d274', 'Almudena', 'Arco', 'Infantil', 0),
('anselmairiarte', 'da50fbef86e359734e81ed38fc0ec3131f3955fc21e2cea4cd88f0ea412ffbe9', 'Mercedes', 'Romero', 'Infantil', 0),
('anselmapareja', 'ad4b0a5a158491e37eedf8ae30ec62598b259eb4f6be85b76e0fdfbf47fa8708', 'Milagros', 'Niño', 'Infantil', 0),
('aristides81', '986c664726d32612f62f3f66c27dc50a2ac416d8ba28206c337f8fb5a6e47295', 'Crescencia', 'Palomino', 'Adult', 0),
('armando31', '0f7a94380e2655114badf682b99f66af2fbe55e346b62a7332aa5f0f13318cfd', 'Marcelo', 'Blasco', 'Adolescent', 0),
('arreguidemetrio', '1185678d19a228d52298ffa5981cd3cd73a8a250b34f4471b04edec31e4f75ec', 'Ruperta', 'Barberá', 'Infantil', 0),
('asdrubal91', '9e431b1234fddb7abaac9b600b4402d5a3d2928a84b9c9d066568a565c36439a', 'Zoraida', 'Pujadas', 'Infantil', 0),
('atilio70', 'e4d1e9f69b7d359c2456bc12a50ab21b3880de7189d6223ecc0a19166a174a79', 'Juan Carlos', 'Rojas', 'Adult', 0),
('augustocardona', 'dca01882743f9dd27b3d2be254ed1d7996f093d6f2832bf807cf5e4be891bf33', 'Eugenia', 'Castells', 'Adult', 0),
('aura88', '5ce5b2eb0167c330df0f2495ec35ffdd2675bf0d994bc8991cc0d1cd6b0acb68', 'Sofía', 'Baños', 'Adult', 0),
('aurea59', '05c27931f60000e735a4d4f7ee1f980562aa9fc4223e6c4c84ca814a98c72228', 'Abel', 'Castellanos', 'Adolescent', 0),
('aurora45', 'ebba62612aace2d2b7c779795d6f706ded026a95d693dc044f8c2a7162b57ea9', 'Lola', 'Barriga', 'Adolescent', 0),
('balduino64', '19d614bbc0c673139bbbb4db4dbc0db8dca1510d9cfecbd37527032609d664e0', 'Ibán', 'Sánchez', 'Infantil', 0),
('barberofelipa', '924929cae4a643b3bb40c4fad77db4ddaf863e05aafe6d88cca0cfd70316f79d', 'Merche', 'Arrieta', 'Adolescent', 0),
('baronchema', '73baceed0d05ad1043f2032d043ab84d689630c3d48722cdcd0d5b0543263d29', 'Amaya', 'Egea', 'Adolescent', 0),
('baudelio45', '3d3dafa68a04bceee6cf537d79ff612526471780f7d3f8a544868a2e3953efe9', 'Lisandro', 'Beltrán', 'Adult', 0),
('begona52', '8061b609af1394d5994ad652ac00126621c3deaff40bbee3adeb1e1bd9793b1d', 'Roberta', 'Caparrós', 'Adult', 0),
('belen40', 'a4f0208e667b75d7cf6cf537efcbb886d296ac072e901f3256e54ec7fffd2b37', 'Abilio', 'Coll', 'Adolescent', 0),
('belenvalentin', '6a4012b2ce853406054b2de11c76ce6426b0bc0fbb68195346c01d6a335ceb0f', 'Bibiana', 'Losada', 'Infantil', 0),
('beltranjulian', 'bea55fa6208bee868d1f20d318bf39954d6f11284ea280cab169f5d2a6943856', 'Virginia', 'Solera', 'Adolescent', 0),
('bibianamata', '62c37ed7b1b3c7e7f20803a7d49203302aa90c665e8cd148152d6c821ace733b', 'Felisa', 'Lastra', 'Adolescent', 0),
('bmanso', '0f81647bcba27e00062f1f18e51ac4f363e8498e00df3809e478447fdb183953', 'Nilda', 'Puga', 'Adult', 0),
('bonetrosario', '0598945fad64243d7cd166a770901e3fe842789d7bf07b06e9a1c67b93a14e8c', 'Julie', 'Romeu', 'Infantil', 0),
('borja76', '3e37c2d8281277968d64d4cb0ff2b491dd4bf66ba3277d58f92a53b9a09f40b9', 'Jacinto', 'Solís', 'Adolescent', 0),
('borjajaen', 'aff40e70ddf385e269f792dbabbee66d0cc251f9ea30350934549d8036ebe173', 'Roxana', 'Bellido', 'Adult', 0),
('bpulido', '665ac4f0b0479aebdf479e9428b0816d096f3af2889d3119c143990ca1f6e67d', 'Eli', 'Quintanilla', 'Adult', 0),
('brunildabatlle', '21ad3f93f2278fe73f68f6204717539000d3e05f026d1c35ac0e7110adb01c38', 'Emigdio', 'Mancebo', 'Adult', 0),
('bvergara', '0c54fe42dc8d0d2ad6f657dbfe725166a47ad446a7f30562acf5ce93acd9086d', 'Rosalina', 'Caro', 'Adolescent', 0),
('cabezaaristides', '1565a8b47adf1fa0fb0340a0b13ec830fe772edb88381d24a7ffe3ba1f7e9820', 'Teobaldo', 'Reyes', 'Adult', 0),
('calistaoller', 'abc73e6b7df27f3c3efcf377d572211919d9ae7317a9c8ffb5f1ea244a9f5127', 'Perlita', 'Elías', 'Infantil', 0),
('calixtoquesada', '9055d9e3c7e2cf71a4c6157cd2fe0fcadc7c2b07dc3d3e92e9e13a09976993e5', 'Inocencio', 'Pedrero', 'Infantil', 0),
('camador', 'bbd5c2af4784a0c935ccd00b6b0154e4b6c897c3a661335103b897909038f679', 'Adela', 'Villena', 'Adult', 0),
('camposana-sofia', '8452c49d5076c67afbb12d60c0ad15cc6d3a5b4d10751ae017e2104ef6791f54', 'Josep', 'Nieto', 'Infantil', 0),
('caridadchaparro', '0faba722bf689f6e0c1e9460d1cbcfc9b7d1b52b5cb0c73709b83deaf8573f91', 'Calixta', 'Alcalá', 'Adult', 0),
('carminaroca', '138ad0e3f3db1e3f3c1ce9056fcb22d81530170fea2da6af627450613dae2c47', 'Nadia', 'Castell', 'Adolescent', 0),
('carolina74', 'fadd56298fc5730763e6d67b48fa432822b8078f2dd0b060ab3eeaf6e606b89e', 'Maricela', 'Llorens', 'Adolescent', 0),
('carranzaplacido', 'a6217a532572e72db06895696d9bc33bdff0785279dde81beb91856368a6e6cb', 'María Jesús', 'Cabeza', 'Infantil', 0),
('casaselias', '7fddf0cad6a2ac5f974e9622f07f09234a7c9c8608b7c524c51a4bde5d2f8968', 'Edu', 'Jaume', 'Adolescent', 0),
('castejonnilda', '96dbad75f35a4d5950c4f7841c8f041fb7260e225ab418716cda2754a9df6405', 'Claudia', 'Correa', 'Adolescent', 0),
('cbellido', 'af024521a7d0bf2c0b264d0ae92c627c2c6a4eee0dbd9314b5d4bbbd020c1605', 'Fanny', 'Saldaña', 'Adolescent', 0),
('charosainz', 'ba95706de2fe676610b5dea1ebaba509444ece43832e7cb290773709fd9a5a0e', 'Dan', 'Posada', 'Adolescent', 0),
('chavesalicia', '667629433a5440cfdea276f1435ac593e302549a7bbbf7eb87d0c0f7cb590f49', 'Daniela', 'Viana', 'Infantil', 0),
('chigueras', '3ca646e935254b7fc5524a6673a739a3b882facfaf7d81b8db95d21083fb79ac', 'Isaura', 'Crespi', 'Infantil', 0),
('chuchoaraujo', '9f35a5814a70fa10fb9e666e6d762f1615b928990cef3ba97329d96ae360c603', 'Verónica', 'Jaume', 'Adolescent', 0),
('cocarebeca', 'd4667db6ed05e957715fba284336064cc0c97f14153b05ee26f1e83561bd059b', 'Balduino', 'Viana', 'Infantil', 0),
('colomflora', '20941986b22f6059a3d7cddc0842801c4f8df2cdfa1bec054b8c69e5d85df632', 'Clara', 'Rosales', 'Adolescent', 0),
('colomwalter', 'ea7652553a10e4f5acbb346cc8e5cef37d47a6eabab8dd4a674fd987284ce646', 'Leticia', 'Sobrino', 'Adolescent', 0),
('cportillo', '9035e4d24e90749f8368fc71ba33d8e6be962349093834f3dff97a3133bbaf12', 'Evangelina', 'Millán', 'Adult', 0),
('cruz96', 'b4f8dfa665a6a6f76e60ed898a16a3abdc982a02ac7a23b115300e30eb98dafc', 'Manola', 'Real', 'Adolescent', 0),
('dacedo', 'c98ca3249b0bed4086fee855752b1a45c308f0379d8adbb7b1dbc69f42e6f708', 'Jose Luis', 'Campo', 'Adult', 0),
('danilo57', 'd987cb1d27652b3a2c296813f03ea9bfe0c0bc142f23bac4ca5ba2b094a5647f', 'Anita', 'Querol', 'Adult', 0),
('darioraya', 'c0b42e7ae88d708d0c8e2ae45dd99544ea0b0202dd97fb61670034820750c103', 'Tito', 'Uría', 'Adolescent', 0),
('dazaamaro', '6efb61fcd31b901f703fdbf7abbc1cb4f7e3192b5c047e768a565e0687af08fc', 'Rosendo', 'Arias', 'Adolescent', 0),
('dcabrera', '75c2613c209d08ef5f8e11c731e82fbf52e5124d15c8d309b1f2eb3968ad7a78', 'Vinicio', 'Ribera', 'Adolescent', 0),
('donosojose-maria', '24189899344d9319f15d1ee9022f90ea7ef1674d6f33800686f426f4ce7999a2', 'Martín', 'Marín', 'Adolescent', 0),
('dpedro', 'a0f357a46b3afec82be4a4e20724a3276cf9e4bf53d49e85b7f7d94d8c941a88', 'Trinidad', 'Alberto', 'Infantil', 0),
('eanguita', '21e45d5d01dd1fc51bb21f4f1813d0da275f51d7729adaa1dfa484160838e741', 'Fulgencio', 'Palomino', 'Infantil', 0),
('edelmiro65', '4eeeb99b597cf8c0028044c183e5cd3d0771af917db39e61227a30a73c5fce66', 'Almudena', 'Arribas', 'Infantil', 0),
('edgar38', '47a0f4882bcd7b1502be150729b149032635e120913c8ca4898cd2dfe0bd94d3', 'Jordán', 'Briones', 'Infantil', 0),
('elba62', '4e031873db37ff52fff770cf50aa5768e521d66407e6b974b1e60cfe581f6214', 'Antonio', 'Calzada', 'Infantil', 0),
('eloisa45', '16676acc92db460e3977738ca11fc75f2702cf3f49ea2e6d3932187add6e3296', 'Manuel', 'Gual', 'Adult', 0),
('erodenas', '1df7ef872f24435a6a00bb968a2e512c999d3cd66efef085d70042656f96f2a8', 'Bernardita', 'Palacio', 'Adolescent', 0),
('escalonaloida', 'a29eca60b04fb086cadc2fe8bacc4cd004e38070dac6ac1830c78977d42826d8', 'Wálter', 'Vega', 'Adolescent', 0),
('escuderoconsuela', '1c4f554b34729cc20c3d56f4ce2cdb7149291ddce425236c339646d8eb47ffd6', 'Priscila', 'Miró', 'Adult', 0),
('escuderotrinidad', '859485ec36fc124a64b408a78eb9e6c0cd2363e55b67ce6d11cb3bf25addeab2', 'Odalys', 'Guitart', 'Adolescent', 0),
('esotelo', 'd35aea9d8e8bd7a16e5997cdd269c6bc755ccfc76a23c1b95a94f42d70e20a62', 'Abraham', 'Luján', 'Adolescent', 0),
('etelvina53', '6b4f087438cf5c66762c56825e202c85508f2c0fc8237c91845821afa8467b87', 'Gonzalo', 'Oliveras', 'Infantil', 0),
('eugenio97', '89fc2f51b33003d76e9313658e06fc6d9cbc4aaac3df7fd351dbb3a464b6b4b9', 'Olga', 'Sandoval', 'Adolescent', 0),
('eusebio26', '229d306e447497b8d561dab80d5bfce4e213363c728b00ae697b816255c9c7f6', 'Eva María', 'Fuertes', 'Infantil', 0),
('eutropio79', 'e40d4b2beee5d1fba9a6584a73d74926b62629f822bf94fe9ffd805a8e326e51', 'Reinaldo', 'Puerta', 'Adolescent', 0),
('eva-maria58', '5a2e2970018ad2677a4e95372f58ff23ffb96b79df09562327cdcd884ea22ff0', 'Albino', 'Lillo', 'Adolescent', 0),
('eva61', '262f44cb76e7b2129a3c3c6b72a6eb470d1488e8bf5aa40a023558ccf39d8357', 'Isidoro', 'Blanch', 'Infantil', 0),
('evangelinapineda', 'b2f03badb0747a36f677fc8db0df5ff7b44a89fd8e06362aa1f09a08b1c72626', 'Ainoa', 'Huerta', 'Adult', 0),
('eveliapont', 'e5d9f523f3f33836a765f4ad18ac19dc0630e6ef89b0bc22fbc85bb41a39fa3a', 'Juan Antonio', 'Barrios', 'Infantil', 0),
('fausto06', '790140e4548c61aa6415bb0c68f92427ef62f3ffde2767d7a220c47d87f67b78', 'Alicia', 'Grau', 'Infantil', 0),
('fcastrillo', 'ede2f606d0b0c61cc027630bde3ea1b3b2701c715e7a1d56e910da7c5c215b40', 'Consuela', 'Águila', 'Infantil', 0),
('federicocobo', '8cdef25346d1b6da43dceee4ad48cac4ed8aab10961aabb2b993bfc1264ee477', 'Adalberto', 'Olivares', 'Infantil', 0),
('felixsanchez', 'a13f4df289d01f1ea2bc9c244e6cbc854e17a7abeb26db378937f47d0f21fae2', 'Cristóbal', 'Arnal', 'Adult', 0),
('figuerolajimena', 'aff02b136ba18ed17d8824fb72963d5338e9bb93921cca7762056535ca9fd0c1', 'Victorino', 'Caballero', 'Infantil', 0),
('florina36', 'aa0d7e5c12aefa2c4bb63a237d821576b1ba37ab2953df1e14a8a4a6ae757b7a', 'Coral', 'Rubio', 'Adult', 0),
('franchanacleto', '35e5cf88320aed2f18f2c4eb0e4f62caf28cbeecfe002c2a3888437778ff9761', 'Pío', 'Araujo', 'Adult', 0),
('friquelme', '23a138d675c1a555d557249abea67d140e5b17bea36b4fd5fa54bdf54144eee0', 'Baldomero', 'Salvà', 'Adolescent', 0),
('gabinotena', '58e26c5188fa3996e9925dc3f11e4118f2183a2577ee2317ff44916fd68d09a7', 'Rodrigo', 'Chamorro', 'Adult', 0),
('gamezluisina', '1f11d8b2dc0b70b96294d8fc98ece0cf8afd2c561939d59253ad2467e134d17f', 'Filomena', 'Estrada', 'Adult', 0),
('genovevaroca', 'f99f45be15fe6b8752c0caa251e6b96f23267958fe9d547ffa82c888f0fc495e', 'Adelina', 'Salvà', 'Infantil', 0),
('german94', 'fec7a853f14907634c0859396806575d02e92b8e027fe3d9687205cb85129cea', 'Jovita', 'Villalba', 'Adult', 0),
('geronimo72', '58773240aafa21032e08d0690cbf00f6832bc9a46231e633b59ac3280ff23fad', 'Adolfo', 'Zapata', 'Adolescent', 0),
('gloriamonreal', 'ac0aa4edad48d096d3c1879786ebade185d3282ca3e41ac0d75454682016cc8d', 'Blanca', 'Roura', 'Adolescent', 0),
('godofredobarcena', 'd8f4e8a3393fcda5d6ae57916bcc1d714c47b567a817c2abfd1d914b4a475af6', 'Purificación', 'Gual', 'Adult', 0),
('gomezsebastian', '16b54ba05686b749b56de7f8b02ab0334d9de115d288e3989acb22ddf0106ab8', 'Custodio', 'Abella', 'Adolescent', 0),
('gordillopastor', 'eade838fd39f135415ab4fcf19d170aa648e12cd56401b3970fb969021d6ba80', 'Florina', 'Marí', 'Infantil', 0),
('gracia97', 'd20caea218ebaa5b425efdff19be9e1c1dd25d56359c8f5bfaff85b9e68d7020', 'Custodio', 'Bartolomé', 'Infantil', 0),
('guerragracia', 'b2c49943954432d315968d2eb352be51f47a6aa964a4894ac4fd3fad0d2fd283', 'Fátima', 'Páez', 'Infantil', 0),
('guerrerohortensia', '9695b954805792950fe75b24154311a5e86e4f4151c69c47c20aa82e0ec1d97e', 'Paola', 'Cárdenas', 'Adolescent', 0),
('guiomar10', '3c03eac3a680e6942491df035bae48a8526890fb08e8ed348fad0cc35e0496af', 'María', 'Paredes', 'Infantil', 0),
('hadan', 'e9d7baf90f2cb0ba1c8830223fa35e4c6f675dca4db82d4a21c28da644a892fa', 'Soledad', 'Carbonell', 'Adolescent', 0),
('hcaparros', '30145938e3160329f36419238ea12cb1da91c013950fd84a034b3c3acf2df63e', 'Crescencia', 'Núñez', 'Infantil', 0),
('hdominguez', '3964305174bb83df87229600bd04bb4a31d733666eb5373807db61ffbd29ebc4', 'Pelayo', 'Salvà', 'Infantil', 0),
('hermenegildotellez', 'b7fcd52bb20221e779267432dd5b53bd78d917ed33b021cafada76e54db55b4b', 'Pilar', 'Ariza', 'Adult', 0),
('hernandezhipolito', 'c77aa0bbfc6c327726da81e38943519f0094eb8622eb6bde429ea4201d3efcc0', 'Ester', 'Mayoral', 'Adolescent', 0),
('hernando48', '23e998ac3387cfc22188b82bde606e0e132493cf0e2e0e097c09d8aac5f3a080', 'Patricio', 'Casado', 'Adult', 0),
('herranzfausto', 'c1c471e51ef48d19453648f2deae097cebf6fd01f32c546c091d5bd265b040b5', 'Fátima', 'Vicente', 'Infantil', 0),
('hidalgoremedios', '8e90392d78d0eed3e92ba37b98a9cbabf28ee25adbaed81832236dac19ac87bd', 'Rico', 'Orozco', 'Infantil', 0),
('hilario88', '79a7f2d0ef5a9398ea09c25bf6391280dd92350a252ca73736cff0ff824427aa', 'Osvaldo', 'Sanz', 'Adolescent', 0),
('hmadrigal', 'd1696ffe7cfc482aef77f8fd202380e8c65e5ec10956ce8115117ce1a4da32ff', 'Pascuala', 'Amorós', 'Adolescent', 0),
('horacio90', '63e893970d6e86dac689b6fc50d2000bceb96784e86f581b3ccf9a34ddac649b', 'Bernabé', 'Porcel', 'Adolescent', 0),
('horaciorios', '3a7fb9ce3e1b574d71b7c895681a7bcc51829e1fedb630b939946f262d0bea0e', 'Marisol', 'Marquez', 'Adolescent', 0),
('hpozuelo', '97bb1e5818622b55ec17e3504ea68e647f794baced0e4b3989f408cbb52b8ad9', 'Calista', 'Anglada', 'Adult', 0),
('humbertovalle', '6cbb9e61c90bdc95a5977ae73818d4b82e90f4fcf42b0ad2e050f3687dfed212', 'Sabina', 'Daza', 'Infantil', 0),
('icastellanos', 'a01267bf6ce88aa48a07ecd5ff4d3f6fee52f03a53524cba65d30c8170e8e728', 'Manu', 'Vilar', 'Adolescent', 0),
('ifuentes', '978a8c594a3be3a521b3f6602c1cb0dd0e58011aafdedfcd30ed8aa13fd9a8c8', 'Héctor', 'Correa', 'Infantil', 0),
('inigoclemente', 'de70cdf8459ff7a4863cfa9ed644e67a83566ce117d8b2dd5392a386213ed856', 'Salomé', 'Tapia', 'Adolescent', 0),
('ipallares', '7557550ec1d508369c3baf1b437ca9e1550c245f5105d6ab71d7a7ee7f5e037d', 'Epifanio', 'Piquer', 'Infantil', 0),
('jalvarado', '02c7d890152e4a35a35ccab4d9912845658b6bbc49e3ae343528879c5483a564', 'Ariel', 'Mir', 'Adolescent', 0),
('javiera16', 'ad839519c8b43b5d2787d62b9b66208ba84a38b3bfaadfb7dba6df34909b0c37', 'Azahara', 'Aranda', 'Infantil', 0),
('javitudela', '03c10131ad9619a4b9f0194b4bcb9b2f625fc7bce36de8061c44fff666b42831', 'Petrona', 'Villalonga', 'Adult', 0),
('jbaron', '8fe76ef83cd5471ffbfdc304251499b44231994c2dfe78611425c76ef939ec87', 'Josefina', 'Nieto', 'Infantil', 0),
('jcarreras', '6a562c30e4aad6bd7fbe6e7f8d120ed3d7b6433ccf9a2ce3d5eb8d04cb9f2b65', 'Duilio', 'Sanz', 'Infantil', 0),
('jcobos', '048e1f20a0be3fa41937c42448ab1ef03837f220de577d268e0ea8cd8da7f32e', 'Martin', 'Cortes', 'Adult', 0),
('jeremias14', 'ba65b9fd10620100214d59692322bf0827d5a8dfc28eee48e1d99ae832b7aa49', 'Aitor', 'Román', 'Adult', 0),
('jeronimo57', '7a64dcf376d7aa910187318c8c5946be41a913de3cdbe3f80f6b045a476da18a', 'Blas', 'Medina', 'Adolescent', 0),
('jessicabaquero', 'f0cd3e720e5cb2d7455e59cb7372dc5ad79bf846d691b1413d796702b89804d9', 'Paca', 'Noriega', 'Adolescent', 0),
('jimenezcrescencia', '8c730a67563d62e16e55e0baedca6c212ce5b314d2ef348d5224eef87c44dc1d', 'Begoña', 'Garriga', 'Adult', 0),
('jose-manuelgracia', '3f7a9a8225269b1605915b6a721dfc6b6405374a777fcdf2407d026b165dc404', 'Nicolás', 'Alemán', 'Infantil', 0),
('josefina12', '360c731a414798d5dfc495ba7d59b70ac33070ac79c379856cf22ac114477f8d', 'Priscila', 'Aguilera', 'Adult', 0),
('josefinaplana', '31b593ef14087edecf38a5662423e0ac0ad6a0e0a52b620052c8f48adb671a3d', 'Zaida', 'Peiró', 'Adolescent', 0),
('josue38', 'caea3f5891911c0038505d5f4b262773276a7c0b7db3967a86fd0dbd1b3f90cf', 'Marcos', 'Berenguer', 'Adult', 0),
('jroman', '125e796313ab90dd67526d4aed4e8752ab2f3b857f0d813d671869ecf2e31e43', 'Hortensia', 'Sanmiguel', 'Adult', 0),
('juan-manuel83', '7a228d5184347909db73881c95c3467df3232a11247513e2529ec642ce34d82e', 'Urbano', 'Casals', 'Infantil', 0),
('juan-manuel94', '19cb306d545099e339c9a90d14da6a714289ccef402b8039103e2162051c8bc8', 'Aitor', 'Soler', 'Adolescent', 0),
('juanita09', 'e04d0de7332ee6c9e9e7e48d7d73a293e30794a07de33d98f37358680c602d6a', 'Milagros', 'Mir', 'Adult', 0),
('juliamaria-angeles', 'f6e032e08c0fecf8a5a5afc72aed045751a8c3142d39d358976b1bc42bdc6c64', 'Reinaldo', 'Cervantes', 'Adolescent', 0),
('juliana56', 'f04ebe2168af3d28131262f8493f78c09a86b17b37def7be2d2762f4a725c5ce', 'Carmelita', 'Jurado', 'Infantil', 0),
('julio-cesar27', 'b6fe8de005a87ca2e756a960380ad33d7ac326402c37a04f500e4c06239f7f2a', 'Francisco Jose', 'Gomis', 'Infantil', 0),
('julio-cesar43', '88d8b8d1082d6c70774164ddea5c0ead7474c65519313468e6a7bd67a92d8170', 'Bernardino', 'Ferrández', 'Infantil', 0),
('jwm', '4352fc383aefb30642e7a6e2cbb5018e8f41fbddc974739d67201f065517038a', 'Julian', 'Wallis', 'Adult', 1),
('kbalaguer', '0ad166868e8311292b0d9b3675eee99f6495557e0db6e38e2c1ed64ef92e23b1', 'Primitiva', 'Cantón', 'Infantil', 0),
('kflor', '03c26c3161dd40acf626cc45d085fb6b7cec14c7ff8982d642f4220cfc57159a', 'África', 'Casals', 'Infantil', 0),
('kgisbert', '060d6564ae438599f3a9326171f8b585073a6eedc43ad8d49827dea6d99ca23d', 'Demetrio', 'Arrieta', 'Infantil', 0),
('kmuniz', '315ca1da02fb34083561b4b8f7a48df2954610d760162eb1dd1c89a6f6251a75', 'Eva', 'Gutiérrez', 'Adult', 0),
('kparra', '50828494f0c8e905b3dc79cf9d277ec7aa41e585799ea8d60b786ee6cc6e7269', 'Josep', 'Álamo', 'Infantil', 0),
('kperez', '5a0cad3aabf9a0dd311051a3f6e2241affba167dd5798b326f7cf63b4381e3a1', 'Jose Carlos', 'Simó', 'Adult', 0),
('ksomoza', '306223525abc0b2128b10e79ce4acd9f6fd3d053d47baee061835ef36a2374ba', 'Consuelo', 'Mate', 'Adult', 0),
('lagunajacinta', '3c459080feb9bec628e33c7180510137e261beb7eb98f16185b5663aebb4b897', 'Obdulia', 'Cózar', 'Adult', 0),
('laleman', 'b599a280705d4f116e7f2a654dd53f4e1d12fd459de5cafd94784c834b27d5b5', 'Luís', 'Vilaplana', 'Infantil', 0),
('landadanilo', '0d69bea0ca3dddcccf595cc8cf9dea0e8df71d875aea2379e9b5177f0e1d0249', 'Visitación', 'Jiménez', 'Adolescent', 0),
('lasaheliodoro', '89bb0e511337ce928b5562de5ca4ddefa4b0908c10e28931c09a19df18d61e27', 'Eduardo', 'Cruz', 'Adolescent', 0),
('leocadiopallares', '65e60a81e419d0b6b2452162006ccd27c13799d5cadf0b859801b4b8f8ff521e', 'Miguel', 'Jimenez', 'Adolescent', 0),
('lillojennifer', 'c8f200a7eefa54abd737f65e4c41e5b6875cd7fc4f0bf000a91fbb87ebaa7143', 'David', 'Pablo', 'Adolescent', 0),
('lolaabellan', 'a244ef51760eef0273c0aabe6c0c051e86909bd323645b2968d123f335fade4b', 'Ximena', 'Calvo', 'Adult', 0),
('loreto49', '7d5d797cf825a8023d2e753cf17094b1466167ce98de1b011421e06dffbc4ab0', 'Joel', 'Rey', 'Adolescent', 0),
('lourdes16', 'dee4b6c44687c8af342b4933fc43d175100fe4105d7002eb09db35201b7488b0', 'Florencio', 'Castilla', 'Adolescent', 0),
('lperales', '9e0d8ee907c4c7245c45cf7b98ca3bab53763278e4d4e61814d6f659dcafa32d', 'Apolonia', 'Godoy', 'Adult', 0),
('lsaez', 'f4204083d19eeae06045722322a382a6f2cd2290745991dcb95085d1c94b5209', 'Rosa María', 'Fabra', 'Infantil', 0),
('lucenaeric', 'a91bd444660b20d0e6569370f38b6050488c653c1d27dac34bc3067445db9842', 'Fabiana', 'Lledó', 'Adolescent', 0),
('luisajauregui', '5678054b88afb98a7332c41993f6826c9b58db1aaaa967ea2bf8528869360c9a', 'Ramiro', 'Castejón', 'Adult', 0),
('luisedelmira', 'd345cf3dd632a1135ed988ca74d781123209c1ccccee3712ed51676087d79ee6', 'Ruperto', 'Azcona', 'Adult', 0),
('lujanhermenegildo', '63cde9c978cd9203660e9af5b61b7341fb9a5427adfdd6cd622ae905a02dca26', 'Graciano', 'Mateo', 'Infantil', 0),
('lupesolano', '4335eaae4cbd52dec71a7545947d35a7436205611bd747dd6d8e03f1d0c44707', 'Florinda', 'Benitez', 'Infantil', 0),
('mamencuenca', '32edef9c7bc1130a61a5d42bb4b8dac5e42325965d4778b7f31fe1ec742899ba', 'Cecilio', 'Vila', 'Infantil', 0),
('manu55', 'c8b2ea24bfdb5b84ae93356b364edc7a31bc29bf89c0cf60d66d0c4c4949b325', 'Morena', 'Cifuentes', 'Adolescent', 0),
('manzanareshilda', '28405b051c3d51113cd44a5c98b84421f9ed3c2ce7eb644f75a329d695fde274', 'Lucila', 'Tello', 'Infantil', 0),
('marciagras', 'f3607817294fc2e211ea1ca80d07fe28105b89ad3093810c0bbd610f41843e5a', 'Rufina', 'Benítez', 'Adolescent', 0),
('maria-belen39', '80448acc584221456fab4b6018c756562693b88ff5bdbee7a7fff0fc081c0d02', 'Porfirio', 'Jimenez', 'Infantil', 0),
('maria-carmen57', 'c94b80a1e2f8436ba129aa0141652a817a91c205adfd64f01079f51b2be5b45d', 'Florentina', 'Palacio', 'Adolescent', 0),
('maria-jesus88', 'a11a3077a78629353271ad5ff23b93647d4720e4ab436cfbcc9a1b7e5df84b14', 'Haydée', 'Fuentes', 'Adolescent', 0),
('maria-luisavarela', 'daf6ef6cda4773e9493be3e6524ddfeca872f30670317af3c2e89e59029c2ccc', 'Yéssica', 'Vilanova', 'Infantil', 0),
('maria-manuelacuadrad', '78c1ee8535021e65ce6d4e34b363323f23c715adf0db3ce6004b0a13863c5b89', 'Maricruz', 'Blanco', 'Adult', 0),
('maria06', '4f980b7fc20fda5a12c74c060363266a61b5d152db7afd61c3fbf449223f9ffb', 'Toño', 'Arjona', 'Adult', 0),
('marinaarroyo', '3a4f558f757f6c33fd596c7f13f92f17cde6fc6ce40954eccc3ce74949b5eb5f', 'Lorenzo', 'Amaya', 'Infantil', 0),
('mario23', '4eb9caae45fd687b098d1294af7c38602e806d4249ca7d5f18f07c3790fca17e', 'Ángel', 'Adadia', 'Adult', 0),
('maristelaaller', '0fe2a2f7feabf08802a9094def0d94116116dc7cf3636d1cf56cfff694f98d1b', 'Claudia', 'Carrión', 'Adolescent', 0),
('marquestoribio', '53971d84a7960e51b8815d83009b822b5393e5bcf2d8a8ac737475c0560a563a', 'Reynaldo', 'Sotelo', 'Infantil', 0),
('martinezcloe', 'b8c7c44c9ed6e366f6f1d558fc65b41fe009ccb6aa9e39983920ea3cd7523e18', 'Angélica', 'Castejón', 'Adolescent', 0),
('mascaroadora', '6626118d35b3438e848a40382460dee4e7e13263168d0a8e38164729240f851b', 'Fabiana', 'Rovira', 'Adult', 0),
('maxima90', 'f9d21aa11a4a9e0a03a356b8d381875a92c69c11f857a6e1aa0d208bea5ba0e0', 'Florentina', 'Carro', 'Adult', 0),
('melchor72', '4690a060f787dffb31ff9ab766291f0b0d217f9a0fcf5db91b4b03471d9eaddf', 'Flor', 'Belmonte', 'Adult', 0),
('menendezclemente', '12912d683cff15ebf145998bbc2cfb487bb8873b006493d1d0566dd9b3bf4de6', 'Flavia', 'Hernandez', 'Adult', 0),
('mercedes36', 'da00faa0a36d762585af86543f849e28e0dffe580ff6625345212f1d4b7aaba9', 'Begoña', 'Coello', 'Adolescent', 0),
('merinonadia', '92e3f1aee5f7a39c8d1f14d0572fbc048438a6aded2f438e7514fa43d8aafd6c', 'Moisés', 'Pareja', 'Infantil', 0),
('millaarmida', '0d83016fb3057f0bb1936aa8a1ad8f8ce6f6f7cc949699bdf8fc617bc37debf0', 'Antonia', 'Araujo', 'Infantil', 0),
('mirtaguillen', 'd8d18f7cfa5c5d262f45a16947398ae87ed2e41fe681fd79a4c03bc508de88ba', 'Pelayo', 'Jove', 'Infantil', 0),
('mrio', 'cb0c8e7066aef9e92263553f96a5b948bb9c11df0b1af54336d164c9e2178774', 'Josefina', 'Cáceres', 'Infantil', 0),
('mzabala', '2bf84583eb070e398019de802990144c4dc05438f471f0fdfc5b036501f627e7', 'Priscila', 'Hervia', 'Infantil', 0),
('nadiairiarte', 'a238f8c4a1d762c5f014cad104273672716e926573dc6033f4abb1d3b72085f7', 'Ciriaco', 'Palomo', 'Adult', 0),
('natanaelpombo', 'd36505f479de844df5a6fbbc117b26653c6749c52d0e539070c66dca81200604', 'Loreto', 'Sarabia', 'Infantil', 0),
('ncoello', '88c1993cccb6dd75d39455da5d250098fd6e66003d7c91345bdf310ae23d4748', 'Ciro', 'Alegre', 'Adult', 0),
('nevadomanuela', 'b29860f833ea0d129d332feb4084498d9ee775035faea0b77fcd4b89ee84b11b', 'Imelda', 'Donaire', 'Infantil', 0),
('nicodemo46', 'f4f89d647b7f86cd736146f64c890f031935c1c0fd862b7793010379d2dddfa7', 'Rosa María', 'Tamarit', 'Adolescent', 0),
('nilda15', '10d7d2bf8f5d889c34f799168f420bddcffd062a7d917877a3134c5cb7273cb4', 'Basilio', 'Seco', 'Adolescent', 0),
('noguesanunciacion', '1dc32553d7b7c4dfe8211770ea37b531c40bea50a2b277b8619e83356dbb5e92', 'Cristóbal', 'Alarcón', 'Infantil', 0),
('nprats', 'c968e727af24e14524756e817841344b0d16c239e7669ac8461a889bb4f1c823', 'Brunilda', 'Zaragoza', 'Adult', 0),
('ocortes', '1db7b63692b063f7be5dac9eabb6cefa78ea807397cc9154364c261f1b9a7bda', 'Evita', 'Andrés', 'Adult', 0),
('octaviaramirez', '369b01c06bdf35d1d291e06fee3cf7338956389984e3281df0deb11002208bfc', 'Obdulia', 'Hoz', 'Adult', 0),
('ofiol', '518b1de6e61c5c9d5e0f6d0a0e435e47eb69573f6eef28b8bee5cdb23154ccfc', 'Quirino', 'Domingo', 'Infantil', 0),
('omarorozco', '9a46c9ce50a71efa06aa276e71ed5b661c148cfe0b3e32785255e6955e91ab6c', 'Lorenzo', 'Carbó', 'Adult', 0),
('oriana76', '2eb290707e96974f54dcbce9d8e7445d5e8483e147e00a4d7b97cbaf007ab643', 'Dimas', 'Conesa', 'Adult', 0),
('otiliaanglada', 'b9ad9a5cd78eda1b296c72db4fed6ceb584c7dcd4f1bf7565b0e666c92bb4aec', 'Goyo', 'Puig', 'Infantil', 0),
('pacifica57', '209f98c227c7799391f79681a6b2b99a1fb391fe3836437686786748c8b6524d', 'Julio', 'Giralt', 'Adolescent', 0),
('palominoteodora', '8c4f5e12a6e97d23810e2a5c63786be8f3be398e2c8e2f4d3ac12b0a793cbe09', 'Itziar', 'Haro', 'Adolescent', 0),
('palominovictorino', 'fa34baf036e62ecc9692e09853f84cf9bc361e05e74c3555bb7bc87511cc668f', 'María Luisa', 'Cuadrado', 'Adult', 0),
('panchonieto', '7e3c2bd6b0f25db29dd628125ff481e61d372b49113243277ab9f6f4cd4ffce4', 'Belén', 'Riba', 'Adolescent', 0),
('pbuendia', '776e80f2c94d8e4ea41e540aa3ee1bc863599ca04b38f3165412f42dc6076f78', 'Duilio', 'Espejo', 'Infantil', 0),
('pcuesta', 'ae78aea7cfb9d66183c9183e7f22fbe4a4d6f0a9a963b5e7f57912d7a664f1ec', 'Luna', 'Andrade', 'Adolescent', 0),
('piedad83', '2822ec7c0d4cbe81fcc2ec257c45ebe03286769b928b3af3e1c21228b78f0cec', 'Salomón', 'Mesa', 'Adult', 0),
('piquerzaira', '9b0f5758d0b4a918c885ce37f7e29e249266765fe16fbc7a7a7c804fe9a8e285', 'Tere', 'Carvajal', 'Infantil', 0),
('placidocuervo', '3b25045aabe4f0da894d142b1610276c4fc0808c09f609f5ec1a78c44e43675b', 'Hermenegildo', 'Bru', 'Adolescent', 0),
('planda', '0e6faea47fe6a525917823d2c5eb24df887dfa1e99219380afdf84a4a866bedf', 'Tomasa', 'Feliu', 'Adult', 0),
('pmalo', '022976940359df7a2588af3471cdabedc9ac998bba9947f3f9b23f9cf3b71cab', 'Isaura', 'Porras', 'Adolescent', 0),
('ponciodiaz', 'ea992c4a0a4e7225759ed3810eb8d791f043363282ecdf3615b12e6c0f0220bd', 'Zaira', 'Sacristán', 'Adult', 0),
('porteroteodora', '2719500e0de4f68317fbe923ce190268c246418bc82ea79b14d895079bf8b828', 'Chuy', 'Izquierdo', 'Infantil', 0),
('ptaboada', '212f315e69c7d079ac2dc79388709140ffe7b4cfdb926de0febdc7d27de3b4a1', 'Felipe', 'Arana', 'Adult', 0),
('qpizarro', 'dfc62e1c789c6c996853c48ca5082d9243d6f1ff98a84f00ad2c945cb9c75776', 'Noelia', 'Múñiz', 'Infantil', 0),
('rcalleja', 'e0f06f658d0308051f5a2aaca382ce0ac51fab4834e7958d3e13fabf78b35b6e', 'Ximena', 'Chaves', 'Adolescent', 0),
('recioevaristo', '9ad62c6b21c6a33f4a1e1d88f0c62f5a96768564bd066d8bcc006033ba42f71e', 'Nerea', 'Verdejo', 'Infantil', 0),
('reguerageronimo', '1f49769cb4e2500fbd74f38f6714817e60ca65bc2d07f5cbf4dca411c4f28b3b', 'Obdulia', 'Valera', 'Adult', 0),
('riberapedro', 'fd13dde357696dcc95156b293499909712a07f0545463212b053a524943c1521', 'Isaías', 'Carlos', 'Infantil', 0),
('rochaleonardo', 'd71438d4087d68fe1133e2bec62ab75b2a2b22d3f657473777b2c0b09a240521', 'Óscar', 'Ramírez', 'Adolescent', 0),
('rolando21', '05235fb9270afa475461600d9699312c26f30cf67870c54f41ef35f32cc8e428', 'Petrona', 'Gual', 'Adult', 0),
('rolivera', 'a292d4edba585a4316f1635ffa0de6d2340bf7c6b111e8c83e86688634ed3b2d', 'Natalio', 'Plaza', 'Infantil', 0),
('roman43', 'adf755cee3f6456d88c7dc430e9d7c835ebed6714b1e8a9c6d82ac6ecb7cbf72', 'Francisco Javier', 'Tormo', 'Adolescent', 0),
('rosamaria-luisa', '5301ed0fdb2ceda17c23553fdd79949f2c4f6f1712a01dc0d186440a430fbea2', 'Guadalupe', 'Crespo', 'Adult', 0),
('ruperto18', '575dfbda8b137eae7945ddb37f29c8a065fc7ae9a9db1e4337ac32ee8e1b8131', 'Santos', 'Font', 'Adolescent', 0),
('saezpriscila', '68be6009369ac7bf9d414dcdcf6209cfe519ed7276ec908973055a16ce0147de', 'Encarnación', 'Barberá', 'Adolescent', 0),
('samu80', '9db0531467c2eaea9cb87d1987e8b5c942ffed41b5140f588609a9d66ecf1e6e', 'Lucas', 'Costa', 'Infantil', 0),
('santamariaemelina', '0b1e00f3ba84300d8baac5dfc119995fe838f7d63fac718aa635545672975257', 'Lucio', 'Ariño', 'Adult', 0),
('saritatenorio', '578ad826db900e1c4c698a62c180f6a18609859ec7d2674d5ec896416258dea0', 'Dan', 'Acedo', 'Adult', 0),
('saturninapiquer', 'a59b0140295f673fdc2382f05b066dc7589b1a65bcd2e7bda5372066a729d07a', 'Francisca', 'Real', 'Adult', 0),
('saturninaprado', 'a1247e4c981dd87fa759ae44c3dd263e3de7a3e1c05599802a6e23d64560777e', 'María Carmen', 'Gomis', 'Adolescent', 0),
('sebastian86', '79c5bebd0ef8ea9d4f9692402696c434dedfc76803c97de7d69ff008edcdc751', 'Gregorio', 'Bonet', 'Adolescent', 0),
('sobrinoamparo', 'c82c249cc8df923ba51b3d57877cbad1e601fa238c19f32ed050873405e8e29e', 'Maite', 'Marin', 'Adolescent', 0),
('solmo', '0580c1344980876b63231df986abd865311d4614e22893718fbd44760e1171f3', 'Magdalena', 'Arranz', 'Adolescent', 0),
('susanaisern', 'a6315319919168b48d1814b66172bc36d70ca0cc86a5e83f2c11f68a41281938', 'Emiliana', 'Salvador', 'Adult', 0),
('telloale', '46a6a00fdbd2785b38f3b0786828f4d5afcd755654e7f7314c7db9d4e9d6a06f', 'Jose Ramón', 'Galán', 'Infantil', 0),
('teobaldogordillo', 'df466e89d915aaf76b2899bd356cb16564bb03b516f2dab9f2e6dca3d64f5b8c', 'Montserrat', 'Prats', 'Adult', 0),
('teodosio59', '286dff1b981d54cd014bc3e102443c47e04a119a83426fdafa57c704a72d6a42', 'Estrella', 'Solé', 'Infantil', 0),
('teresasarabia', '881a172057fc1b94c8739852b82eb77c1d27bdf84094efffbc5fedd9b8f81997', 'Aitana', 'Tena', 'Infantil', 0),
('tmuro', '06179fa9af5d32cd39e7bf085287edc3b787a8183edd24cacbfe88c05f330507', 'Rafael', 'Porta', 'Infantil', 0),
('ubeltran', 'de065247a359474c4b75cdcc4ec625eeed8d0ba20b51d3837facaf80ee780d12', 'Custodia', 'Luís', 'Adult', 0),
('ucardona', '41d2c767927f2c0ef7399f25075e297b0967e7405f21b41b6d7e99bf56d3a4fb', 'Vilma', 'Quirós', 'Infantil', 0),
('ucarranza', 'bcde16d1ee7690f21d8a559cdda6e9d2a1581b9a78835c4f65f616d98ec96160', 'Trinidad', 'Ayllón', 'Adult', 0),
('ucortes', 'feb1f90b6e4fc02d819073c2eb6f206d8abd986cb315ee386c34f0cadf607fc3', 'Rufino', 'Mateo', 'Adolescent', 0),
('ugil', '8eba58cff56e9a04733bef14959b912d057f6e6205991daa5c95d7d4d66fecc1', 'Heliodoro', 'Amat', 'Adult', 0),
('umurcia', '1a622431558c337ddd4785f481c98ea6688be547478b0604149d407501ecca97', 'Victor', 'Adadia', 'Adult', 0),
('uroman', 'a602a7c342bac7487a400de2cae0e339b00bd83e4865d4b3629f801da6f56fdc', 'Martina', 'Azcona', 'Adult', 0),
('utormo', '1de7e7d3bed25ba4732c8fef9499d728e3433ab6b1b4df0c7310ecec62e10118', 'Jose Angel', 'Almazán', 'Adult', 0),
('uvalcarcel', '7a9bc78c81ff1b3ff17b9dde6273ff7411538e3eeedfde47540e5cbd849f3226', 'Francisco', 'Palomares', 'Infantil', 0),
('valentinruano', '2cc8a46f84084efe849a4d21e16b86b0ff877d91d1844d48b97f102b6dacc1bd', 'Juan Bautista', 'Ruiz', 'Adult', 0),
('vaqueroalbano', '375779fb5940516be842d934747a8acba9ff29c8194c5532afe5c7f16b19970b', 'Celestina', 'Mercader', 'Infantil', 0),
('vascosalamanca', 'ac1d89a4c6c65235ae460deac741d0fea4a0cf0404ebfcb34a6fe8295755ee3a', 'Zaira', 'Vidal', 'Adult', 0),
('vbenavente', '30f9e3667fe4e26fdf785576a55eda4f91e39e2081061df3ebb0ef8057963973', 'Telmo', 'Portillo', 'Adult', 0),
('vendrellascension', 'c5a728a65c7f9b88ee413984314fe88e22341d85a1be78baa91fd1fa172e7f59', 'Violeta', 'Escobar', 'Infantil', 0),
('vibanez', 'd8ac8403c0b6706a24644f040fdeae98f27d744f5d7d54b250faff8d93becd84', 'Cristian', 'Piñol', 'Adult', 0),
('victorino31', '71160896680de6262858ec3f31dc28dfe3cd6d1ae0b4ba8e9c9f3ae9e20b87f1', 'Nazaret', 'Abascal', 'Adolescent', 0),
('victorluis', '69e44b6742d7423b9ff978bc3427447eb3f19d06223c91b207b6362f6643a9ae', 'Encarnación', 'Álvaro', 'Adult', 0),
('victorsoto', '809d4bdabc120f95919d8c4b04f1e46528b079800b489c63e7395c8b592083e9', 'Maricruz', 'Donoso', 'Adolescent', 0),
('villaberta', '87bff6170c12d5a377d999dda977138c98db5caedcbe57ca040836dbbb77ab5f', 'Ramona', 'Cabrero', 'Infantil', 0),
('vinasmarco', '0f27d6a9a5eb8fb86cf71b0372aeff340a4bb6884997628bfbe3ff510026a606', 'Jacinto', 'Márquez', 'Adolescent', 0),
('vivianabosch', '944c6f7da1b617c7c17bf389bc43b6de780c627e34b10340772a4b7c030e672f', 'Zaira', 'Estrada', 'Adolescent', 0),
('walcala', '9f8a68eb1da7210449f7a1cc7848c15a98403d9868e909f8363100c7745a05a7', 'Joan', 'Cañizares', 'Infantil', 0),
('wisern', '534376bcf8094da24e5cd8f1b2f32dac92083e0313fb755234680c3493b099a0', 'Ciriaco', 'Guerra', 'Adolescent', 0),
('wlucas', '9f65bb17147549efd676ea1c998293235f8072229096ef5a537cb2d80d53666d', 'Samuel', 'Márquez', 'Adolescent', 0),
('wmorales', '88f91acff73fd34444dd1d23f0f24d82b711c66c461dfab0b3f34af638efaae6', 'Nicodemo', 'Ledesma', 'Infantil', 0),
('wnaranjo', 'c3e10346065969dddba88350d71ee0691bab98a2b5f7380e72143226f7952c01', 'Eutropio', 'Salmerón', 'Adult', 0),
('wtejada', '4c20eaaf011b76163fbb1518449a9d2c1b3c4a6831e5ec20e9dd030739e21665', 'Trini', 'Ros', 'Adolescent', 0),
('wterron', '1007ce7d972f9745b5d274c6e33f0d42889e190d58c874319bf6399bf44c2179', 'Montserrat', 'Cerdá', 'Adult', 0),
('wvalenciano', '5759921ab7c224335feff2e457ec4b78c68a259ee8cf9cb94bc1f000f72e6ef4', 'Guadalupe', 'Plaza', 'Adult', 0),
('xamigo', '2bdfaf26a91635ea4f1525758158cc18019a863c0de26f089ae307c7d9810fec', 'María Belén', 'Jurado', 'Infantil', 0),
('xborrego', '8d7cd2c8d67356cecf5a70c06fccf1cd165b72e33c062f3e9c06d12cf2ca3e28', 'Paco', 'Puig', 'Adult', 0),
('xcarranza', '5db7d5cf02d43f01604dbd1c735f476ad5ab8a16c26126cebf428a4eeabe9de3', 'Prudencia', 'Barranco', 'Infantil', 0),
('xcarrillo', 'e8c709fc5c225461861352f2a6163a243b824da503998f877358be96ac9fd015', 'Lucio', 'Plana', 'Adolescent', 0),
('xsalgado', 'd658ec6d165c029e425c5cfd5c512ea4d0ddf63bf1c3ff51d6051e912c302068', 'Genoveva', 'Sancho', 'Infantil', 0),
('yaizaparedes', '949a14941644c9aea7c627f87509d172c66235c108119f953f000b56792cbabd', 'Encarnación', 'Almansa', 'Infantil', 0),
('ycarvajal', '8a2dc5eced8e8cf7086b5d78faca6cbadcf86cda54a2353115bb5189a2ab9a6b', 'Celia', 'Portillo', 'Adult', 0),
('ydomenech', '135299905932a9b30d78c262ae09079f1500d4c0de879bcdeffe5d98f04c12c6', 'Margarita', 'Solsona', 'Adult', 0),
('yguzman', 'a12b6aebaeacc6f405d9192dc58350f3e16d83af2c96c1eaf8981db463788b41', 'Vilma', 'Arranz', 'Adolescent', 0),
('yiniesta', 'ba8d7e505808ea61554be5caf211f6a301369e30f7dd2c00471d881a9cd91a6e', 'Eric', 'Castañeda', 'Infantil', 0),
('ymendoza', '605c960fc2968bdda00d92d53df3e86a576bae2ea04e91b69ac2551c2a3f504c', 'Primitiva', 'Barrera', 'Adolescent', 0),
('zamoraemma', '201c108a41887b0947ad5d49df50941e19522f7010b6b1cd50e92fc4af3c4bbf', 'María Ángeles', 'Palomar', 'Adolescent', 0),
('zarino', '55e42eea0c062165c3cac652ac46209cf88713d2c3289f20f0d1049fc23a8043', 'Epifanio', 'Planas', 'Infantil', 0),
('zcorbacho', '44eafc8799f40cb30e02e592dc3a4c9bac5dcf92e320ebbb2b3f0664ff1fc41b', 'Jonatan', 'Palma', 'Adult', 0),
('zcortes', '9b14d807301c1db9fce1c31fbd5143c49622508e1d178f87389a943f69011c4c', 'Jordán', 'Duque', 'Adult', 0),
('zhuerta', '8c1b95381e2d19b8fa4e7a96679ceb7b28a5c1f29bea428838846574bd00abc1', 'Miguela', 'Valenzuela', 'Adolescent', 0),
('zroura', '3ec26da3d45e9cfe2edd33371c4bbee56ee8ea5297c4a8b1287f20d5569c905b', 'Francisco Jose', 'Corbacho', 'Adolescent', 0),
('zsolera', '32f224b829075b93458e62ce2b55faac9dc7d2e1b52e6c12770dbbcd934bb8a1', 'Berta', 'Arenas', 'Adult', 0);

--
-- Índices para tablas volcadas
--

--
-- Indices de la tabla `categoria`
--
ALTER TABLE `categoria`
  ADD PRIMARY KEY (`nomCategoria`);

--
-- Indices de la tabla `contingut`
--
ALTER TABLE `contingut`
  ADD PRIMARY KEY (`idContingut`),
  ADD KEY `nomCategoria` (`nomCategoria`);

--
-- Indices de la tabla `contracte`
--
ALTER TABLE `contracte`
  ADD PRIMARY KEY (`idContracte`),
  ADD KEY `nomUsuari` (`nomUsuari`),
  ADD KEY `tipusContracte` (`tipusContracte`);

--
-- Indices de la tabla `factura`
--
ALTER TABLE `factura`
  ADD PRIMARY KEY (`idFactura`),
  ADD KEY `idContracte` (`idContracte`);

--
-- Indices de la tabla `missatge`
--
ALTER TABLE `missatge`
  ADD PRIMARY KEY (`idMissatge`),
  ADD KEY `idContracte` (`idContracte`),
  ADD KEY `idContingut` (`idContingut`);

--
-- Indices de la tabla `r_categoria_favorita`
--
ALTER TABLE `r_categoria_favorita`
  ADD PRIMARY KEY (`idContracte`,`nomCategoria`),
  ADD KEY `nomCategoria` (`nomCategoria`);

--
-- Indices de la tabla `r_contingut_favorit`
--
ALTER TABLE `r_contingut_favorit`
  ADD PRIMARY KEY (`idContracte`,`idContingut`),
  ADD KEY `idContingut` (`idContingut`);

--
-- Indices de la tabla `r_contingut_tipususuari`
--
ALTER TABLE `r_contingut_tipususuari`
  ADD PRIMARY KEY (`idContingut`,`tipusUsuari`),
  ADD KEY `tipusUsuari` (`tipusUsuari`);

--
-- Indices de la tabla `tipuscontracte`
--
ALTER TABLE `tipuscontracte`
  ADD PRIMARY KEY (`tipusContracte`);

--
-- Indices de la tabla `tipususuari`
--
ALTER TABLE `tipususuari`
  ADD PRIMARY KEY (`tipusUsuari`);

--
-- Indices de la tabla `usuari`
--
ALTER TABLE `usuari`
  ADD PRIMARY KEY (`nomUsuari`),
  ADD KEY `tipusUsuari` (`tipusUsuari`);

--
-- AUTO_INCREMENT de las tablas volcadas
--

--
-- AUTO_INCREMENT de la tabla `contingut`
--
ALTER TABLE `contingut`
  MODIFY `idContingut` int(20) NOT NULL AUTO_INCREMENT, AUTO_INCREMENT=159;

--
-- AUTO_INCREMENT de la tabla `contracte`
--
ALTER TABLE `contracte`
  MODIFY `idContracte` int(20) NOT NULL AUTO_INCREMENT, AUTO_INCREMENT=302;

--
-- AUTO_INCREMENT de la tabla `factura`
--
ALTER TABLE `factura`
  MODIFY `idFactura` int(20) NOT NULL AUTO_INCREMENT;

--
-- AUTO_INCREMENT de la tabla `missatge`
--
ALTER TABLE `missatge`
  MODIFY `idMissatge` int(20) NOT NULL AUTO_INCREMENT, AUTO_INCREMENT=723;

--
-- Restricciones para tablas volcadas
--

--
-- Filtros para la tabla `contingut`
--
ALTER TABLE `contingut`
  ADD CONSTRAINT `contingut_ibfk_1` FOREIGN KEY (`nomCategoria`) REFERENCES `categoria` (`nomCategoria`);

--
-- Filtros para la tabla `contracte`
--
ALTER TABLE `contracte`
  ADD CONSTRAINT `contracte_ibfk_1` FOREIGN KEY (`nomUsuari`) REFERENCES `usuari` (`nomUsuari`),
  ADD CONSTRAINT `contracte_ibfk_2` FOREIGN KEY (`tipusContracte`) REFERENCES `tipuscontracte` (`tipusContracte`);

--
-- Filtros para la tabla `factura`
--
ALTER TABLE `factura`
  ADD CONSTRAINT `factura_ibfk_1` FOREIGN KEY (`idContracte`) REFERENCES `contracte` (`idContracte`);

--
-- Filtros para la tabla `missatge`
--
ALTER TABLE `missatge`
  ADD CONSTRAINT `missatge_ibfk_1` FOREIGN KEY (`idContracte`) REFERENCES `contracte` (`idContracte`),
  ADD CONSTRAINT `missatge_ibfk_2` FOREIGN KEY (`idContingut`) REFERENCES `contingut` (`idContingut`);

--
-- Filtros para la tabla `r_categoria_favorita`
--
ALTER TABLE `r_categoria_favorita`
  ADD CONSTRAINT `r_categoria_favorita_ibfk_1` FOREIGN KEY (`idContracte`) REFERENCES `contracte` (`idContracte`),
  ADD CONSTRAINT `r_categoria_favorita_ibfk_2` FOREIGN KEY (`nomCategoria`) REFERENCES `categoria` (`nomCategoria`);

--
-- Filtros para la tabla `r_contingut_favorit`
--
ALTER TABLE `r_contingut_favorit`
  ADD CONSTRAINT `r_contingut_favorit_ibfk_1` FOREIGN KEY (`idContracte`) REFERENCES `contracte` (`idContracte`),
  ADD CONSTRAINT `r_contingut_favorit_ibfk_2` FOREIGN KEY (`idContingut`) REFERENCES `contingut` (`idContingut`);

--
-- Filtros para la tabla `r_contingut_tipususuari`
--
ALTER TABLE `r_contingut_tipususuari`
  ADD CONSTRAINT `r_contingut_tipususuari_ibfk_1` FOREIGN KEY (`idContingut`) REFERENCES `contingut` (`idContingut`),
  ADD CONSTRAINT `r_contingut_tipususuari_ibfk_2` FOREIGN KEY (`tipusUsuari`) REFERENCES `tipususuari` (`tipusUsuari`);

--
-- Filtros para la tabla `usuari`
--
ALTER TABLE `usuari`
  ADD CONSTRAINT `usuari_ibfk_1` FOREIGN KEY (`tipusUsuari`) REFERENCES `tipususuari` (`tipusUsuari`);

DELIMITER $$
--
-- Eventos
--
CREATE DEFINER=`root`@`localhost` EVENT `creacio_factura` ON SCHEDULE EVERY 1 DAY STARTS '2021-12-18 23:08:41' ON COMPLETION NOT PRESERVE ENABLE DO BEGIN
		INSERT INTO Factura (dataEmissio, llegit, idContracte)
			SELECT CURRENT_DATE, FALSE, Contracte.idContracte 
            	FROM Contracte WHERE Contracte.dataVenciment = CURRENT_DATE;	
           
		UPDATE Contracte 
			SET Contracte.dataVenciment =  
        		IF(Contracte.dataVenciment = CURRENT_DATE AND contracte.tipusContracte = 'Mensual',  DATE_ADD(CURRENT_DATE, INTERVAL 1 MONTH), Contracte.dataVenciment),
		Contracte.dataVenciment =  
        	IF(Contracte.dataVenciment = CURRENT_DATE AND contracte.tipusContracte = 'Trimestral',  DATE_ADD(CURRENT_DATE, INTERVAL 3 MONTH), Contracte.dataVenciment);
            END$$

DELIMITER ;
COMMIT;

/*!40101 SET CHARACTER_SET_CLIENT=@OLD_CHARACTER_SET_CLIENT */;
/*!40101 SET CHARACTER_SET_RESULTS=@OLD_CHARACTER_SET_RESULTS */;
/*!40101 SET COLLATION_CONNECTION=@OLD_COLLATION_CONNECTION */;
